# Generated from CN441122_enc_5km.yaml
mtllib chart_obstacle_001.mtl
o chart_obstacle_001
usemtl chart_land
v -1056.627354 1418.397858 -5.000000
v -1056.627354 -2347.602142 -5.000000
v -1056.627354 -2347.602142 3.000000
v -1056.627354 1418.397858 3.000000
v -595.213140 -2287.602142 -5.000000
v -595.213140 -2287.602142 3.000000
v -580.627354 -2271.016356 -5.000000
v -580.627354 -2271.016356 3.000000
v -409.627354 -2002.016356 -5.000000
v -409.627354 -2002.016356 3.000000
v -353.627354 -2034.016356 -5.000000
v -353.627354 -2034.016356 3.000000
v -345.627354 -2022.016356 -5.000000
v -345.627354 -2022.016356 3.000000
v -342.041568 -2023.602142 -5.000000
v -342.041568 -2023.602142 3.000000
v -254.627354 -2077.016356 -5.000000
v -254.627354 -2077.016356 3.000000
v -246.627354 -2059.016356 -5.000000
v -246.627354 -2059.016356 3.000000
v -249.213140 -2053.602142 -5.000000
v -249.213140 -2053.602142 3.000000
v -388.213140 -1968.602142 -5.000000
v -388.213140 -1968.602142 3.000000
v -327.627354 -1874.016356 -5.000000
v -327.627354 -1874.016356 3.000000
v -306.041568 -1891.602142 -5.000000
v -306.041568 -1891.602142 3.000000
v -84.041568 -2031.602142 -5.000000
v -84.041568 -2031.602142 3.000000
v -8.627354 -2103.016356 -5.000000
v -8.627354 -2103.016356 3.000000
v 47.372646 -2187.016356 -5.000000
v 47.372646 -2187.016356 3.000000
v 71.372646 -2235.016356 -5.000000
v 71.372646 -2235.016356 3.000000
v 91.372646 -2295.016356 -5.000000
v 91.372646 -2295.016356 3.000000
v 99.372646 -2329.016356 -5.000000
v 99.372646 -2329.016356 3.000000
v 105.372646 -2377.016356 -5.000000
v 105.372646 -2377.016356 3.000000
v 103.372646 -2578.187928 -5.000000
v 103.372646 -2578.187928 3.000000
v 75.372646 -3114.187928 -5.000000
v 75.372646 -3114.187928 3.000000
v 77.372646 -3147.602142 -5.000000
v 77.372646 -3147.602142 3.000000
v 88.786860 -3147.602142 -5.000000
v 88.786860 -3147.602142 3.000000
v 95.372646 -3143.016356 -5.000000
v 95.372646 -3143.016356 3.000000
v 97.372646 -3115.016356 -5.000000
v 97.372646 -3115.016356 3.000000
v 109.372646 -2753.016356 -5.000000
v 109.372646 -2753.016356 3.000000
v 121.372646 -2495.016356 -5.000000
v 121.372646 -2495.016356 3.000000
v 123.372646 -2390.187928 -5.000000
v 123.372646 -2390.187928 3.000000
v 119.372646 -2348.187928 -5.000000
v 119.372646 -2348.187928 3.000000
v 105.372646 -2280.187928 -5.000000
v 105.372646 -2280.187928 3.000000
v 91.372646 -2236.187928 -5.000000
v 91.372646 -2236.187928 3.000000
v 63.372646 -2180.187928 -5.000000
v 63.372646 -2180.187928 3.000000
v 17.372646 -2110.187928 -5.000000
v 17.372646 -2110.187928 3.000000
v -36.627354 -2052.187928 -5.000000
v -36.627354 -2052.187928 3.000000
v -71.213140 -2021.602142 -5.000000
v -71.213140 -2021.602142 3.000000
v -163.213140 -1957.602142 -5.000000
v -163.213140 -1957.602142 3.000000
v -191.213140 -1943.602142 -5.000000
v -191.213140 -1943.602142 3.000000
v -259.213140 -1899.602142 -5.000000
v -259.213140 -1899.602142 3.000000
v -283.213140 -1873.602142 -5.000000
v -283.213140 -1873.602142 3.000000
v -316.213140 -1854.602142 -5.000000
v -316.213140 -1854.602142 3.000000
v -26.627354 -1405.016356 -5.000000
v -26.627354 -1405.016356 3.000000
v -30.627354 -1382.187928 -5.000000
v -30.627354 -1382.187928 3.000000
v -46.627354 -1334.187928 -5.000000
v -46.627354 -1334.187928 3.000000
v -78.627354 -1188.187928 -5.000000
v -78.627354 -1188.187928 3.000000
v -120.627354 -1020.187928 -5.000000
v -120.627354 -1020.187928 3.000000
v -118.627354 -1007.016356 -5.000000
v -118.627354 -1007.016356 3.000000
v -115.213140 -1001.602142 -5.000000
v -115.213140 -1001.602142 3.000000
v -101.213140 -993.602142 -5.000000
v -101.213140 -993.602142 3.000000
v -64.627354 -999.602142 -5.000000
v -64.627354 -999.602142 3.000000
v -50.627354 -929.602142 -5.000000
v -50.627354 -929.602142 3.000000
v -74.213140 -922.602142 -5.000000
v -74.213140 -922.602142 3.000000
v -64.627354 -891.016356 -5.000000
v -64.627354 -891.016356 3.000000
v -43.213140 -871.602142 -5.000000
v -43.213140 -871.602142 3.000000
v -27.213140 -861.602142 -5.000000
v -27.213140 -861.602142 3.000000
v 54.786860 -847.602142 -5.000000
v 54.786860 -847.602142 3.000000
v 81.372646 -833.016356 -5.000000
v 81.372646 -833.016356 3.000000
v 91.372646 -815.016356 -5.000000
v 91.372646 -815.016356 3.000000
v 111.372646 -723.016356 -5.000000
v 111.372646 -723.016356 3.000000
v 105.372646 -698.187928 -5.000000
v 105.372646 -698.187928 3.000000
v 90.786860 -683.602142 -5.000000
v 90.786860 -683.602142 3.000000
v 50.786860 -667.602142 -5.000000
v 50.786860 -667.602142 3.000000
v -27.213140 -643.602142 -5.000000
v -27.213140 -643.602142 3.000000
v -39.213140 -635.602142 -5.000000
v -39.213140 -635.602142 3.000000
v -90.627354 -564.187928 -5.000000
v -90.627354 -564.187928 3.000000
v -86.627354 -551.016356 -5.000000
v -86.627354 -551.016356 3.000000
v -83.627354 -548.016356 -5.000000
v -83.627354 -548.016356 3.000000
v -76.627354 -555.016356 -5.000000
v -76.627354 -555.016356 3.000000
v -44.041568 -597.602142 -5.000000
v -44.041568 -597.602142 3.000000
v -30.041568 -603.602142 -5.000000
v -30.041568 -603.602142 3.000000
v -12.041568 -617.602142 -5.000000
v -12.041568 -617.602142 3.000000
v 23.958432 -617.602142 -5.000000
v 23.958432 -617.602142 3.000000
v 50.786860 -629.602142 -5.000000
v 50.786860 -629.602142 3.000000
v 57.372646 -627.602142 -5.000000
v 57.372646 -627.602142 3.000000
v 57.372646 -617.016356 -5.000000
v 57.372646 -617.016356 3.000000
v 70.786860 -609.602142 -5.000000
v 70.786860 -609.602142 3.000000
v 99.958432 -613.602142 -5.000000
v 99.958432 -613.602142 3.000000
v 104.372646 -618.016356 -5.000000
v 104.372646 -618.016356 3.000000
v 129.372646 -585.016356 -5.000000
v 129.372646 -585.016356 3.000000
v 141.372646 -561.016356 -5.000000
v 141.372646 -561.016356 3.000000
v 148.786860 -561.602142 -5.000000
v 148.786860 -561.602142 3.000000
v 151.372646 -559.016356 -5.000000
v 151.372646 -559.016356 3.000000
v 157.786860 -548.602142 -5.000000
v 157.786860 -548.602142 3.000000
v 157.372646 -543.016356 -5.000000
v 157.372646 -543.016356 3.000000
v 177.372646 -511.016356 -5.000000
v 177.372646 -511.016356 3.000000
v 184.786860 -511.602142 -5.000000
v 184.786860 -511.602142 3.000000
v 197.372646 -497.016356 -5.000000
v 197.372646 -497.016356 3.000000
v 197.372646 -493.602142 -5.000000
v 197.372646 -493.602142 3.000000
v 189.372646 -486.187928 -5.000000
v 189.372646 -486.187928 3.000000
v 167.372646 -430.187928 -5.000000
v 167.372646 -430.187928 3.000000
v 141.372646 -390.187928 -5.000000
v 141.372646 -390.187928 3.000000
v 139.786860 -386.602142 -5.000000
v 139.786860 -386.602142 3.000000
v 143.372646 -380.187928 -5.000000
v 143.372646 -380.187928 3.000000
v 137.372646 -366.187928 -5.000000
v 137.372646 -366.187928 3.000000
v 133.372646 -368.187928 -5.000000
v 133.372646 -368.187928 3.000000
v 83.372646 -268.187928 -5.000000
v 83.372646 -268.187928 3.000000
v 71.372646 -252.187928 -5.000000
v 71.372646 -252.187928 3.000000
v 71.786860 -246.602142 -5.000000
v 71.786860 -246.602142 3.000000
v 59.786860 -228.602142 -5.000000
v 59.786860 -228.602142 3.000000
v 86.786860 -201.602142 -5.000000
v 86.786860 -201.602142 3.000000
v 98.372646 -192.016356 -5.000000
v 98.372646 -192.016356 3.000000
v 101.372646 -195.016356 -5.000000
v 101.372646 -195.016356 3.000000
v 123.372646 -241.016356 -5.000000
v 123.372646 -241.016356 3.000000
v 163.372646 -351.016356 -5.000000
v 163.372646 -351.016356 3.000000
v 183.372646 -393.602142 -5.000000
v 183.372646 -393.602142 3.000000
v 200.786860 -385.602142 -5.000000
v 200.786860 -385.602142 3.000000
v 226.372646 -380.016356 -5.000000
v 226.372646 -380.016356 3.000000
v 235.372646 -397.602142 -5.000000
v 235.372646 -397.602142 3.000000
v 244.372646 -402.016356 -5.000000
v 244.372646 -402.016356 3.000000
v 255.372646 -395.016356 -5.000000
v 255.372646 -395.016356 3.000000
v 269.372646 -367.016356 -5.000000
v 269.372646 -367.016356 3.000000
v 286.786860 -343.602142 -5.000000
v 286.786860 -343.602142 3.000000
v 376.786860 -311.602142 -5.000000
v 376.786860 -311.602142 3.000000
v 452.786860 -277.602142 -5.000000
v 452.786860 -277.602142 3.000000
v 449.372646 -274.187928 -5.000000
v 449.372646 -274.187928 3.000000
v 450.786860 -269.602142 -5.000000
v 450.786860 -269.602142 3.000000
v 592.786860 -203.602142 -5.000000
v 592.786860 -203.602142 3.000000
v 604.786860 -199.602142 -5.000000
v 604.786860 -199.602142 3.000000
v 632.786860 -199.602142 -5.000000
v 632.786860 -199.602142 3.000000
v 659.372646 -185.016356 -5.000000
v 659.372646 -185.016356 3.000000
v 657.372646 -64.187928 -5.000000
v 657.372646 -64.187928 3.000000
v 651.372646 -30.187928 -5.000000
v 651.372646 -30.187928 3.000000
v 651.372646 -19.016356 -5.000000
v 651.372646 -19.016356 3.000000
v 657.372646 -13.016356 -5.000000
v 657.372646 -13.016356 3.000000
v 657.372646 -6.187928 -5.000000
v 657.372646 -6.187928 3.000000
v 649.372646 38.983644 -5.000000
v 649.372646 38.983644 3.000000
v 669.958432 46.397858 -5.000000
v 669.958432 46.397858 3.000000
v 679.372646 32.983644 -5.000000
v 679.372646 32.983644 3.000000
v 693.372646 -31.016356 -5.000000
v 693.372646 -31.016356 3.000000
v 701.372646 -53.016356 -5.000000
v 701.372646 -53.016356 3.000000
v 701.372646 -73.016356 -5.000000
v 701.372646 -73.016356 3.000000
v 715.372646 -111.016356 -5.000000
v 715.372646 -111.016356 3.000000
v 735.372646 -189.016356 -5.000000
v 735.372646 -189.016356 3.000000
v 735.372646 -209.016356 -5.000000
v 735.372646 -209.016356 3.000000
v 737.958432 -211.602142 -5.000000
v 737.958432 -211.602142 3.000000
v 767.958432 -209.602142 -5.000000
v 767.958432 -209.602142 3.000000
v 767.372646 -227.016356 -5.000000
v 767.372646 -227.016356 3.000000
v 771.958432 -231.602142 -5.000000
v 771.958432 -231.602142 3.000000
v 811.958432 -251.602142 -5.000000
v 811.958432 -251.602142 3.000000
v 819.372646 -249.602142 -5.000000
v 819.372646 -249.602142 3.000000
v 832.786860 -219.602142 -5.000000
v 832.786860 -219.602142 3.000000
v 847.372646 -221.602142 -5.000000
v 847.372646 -221.602142 3.000000
v 850.786860 -207.602142 -5.000000
v 850.786860 -207.602142 3.000000
v 861.958432 -207.602142 -5.000000
v 861.958432 -207.602142 3.000000
v 877.372646 -229.016356 -5.000000
v 877.372646 -229.016356 3.000000
v 891.958432 -239.602142 -5.000000
v 891.958432 -239.602142 3.000000
v 1094.786860 -249.602142 -5.000000
v 1094.786860 -249.602142 3.000000
v 1102.786860 -247.602142 -5.000000
v 1102.786860 -247.602142 3.000000
v 1115.372646 -237.016356 -5.000000
v 1115.372646 -237.016356 3.000000
v 1129.372646 -209.016356 -5.000000
v 1129.372646 -209.016356 3.000000
v 1131.372646 -199.016356 -5.000000
v 1131.372646 -199.016356 3.000000
v 1135.958432 -197.602142 -5.000000
v 1135.958432 -197.602142 3.000000
v 1173.958432 -205.602142 -5.000000
v 1173.958432 -205.602142 3.000000
v 1179.372646 -241.016356 -5.000000
v 1179.372646 -241.016356 3.000000
v 1195.958432 -255.602142 -5.000000
v 1195.958432 -255.602142 3.000000
v 1327.958432 -261.602142 -5.000000
v 1327.958432 -261.602142 3.000000
v 1347.958432 -263.602142 -5.000000
v 1347.958432 -263.602142 3.000000
v 1355.958432 -267.602142 -5.000000
v 1355.958432 -267.602142 3.000000
v 1365.372646 -277.016356 -5.000000
v 1365.372646 -277.016356 3.000000
v 1367.372646 -285.016356 -5.000000
v 1367.372646 -285.016356 3.000000
v 1387.372646 -443.016356 -5.000000
v 1387.372646 -443.016356 3.000000
v 1399.372646 -507.016356 -5.000000
v 1399.372646 -507.016356 3.000000
v 1399.372646 -524.187928 -5.000000
v 1399.372646 -524.187928 3.000000
v 1353.372646 -650.187928 -5.000000
v 1353.372646 -650.187928 3.000000
v 1347.372646 -668.187928 -5.000000
v 1347.372646 -668.187928 3.000000
v 1351.372646 -674.187928 -5.000000
v 1351.372646 -674.187928 3.000000
v 1333.372646 -722.187928 -5.000000
v 1333.372646 -722.187928 3.000000
v 1307.372646 -754.187928 -5.000000
v 1307.372646 -754.187928 3.000000
v 1291.372646 -798.187928 -5.000000
v 1291.372646 -798.187928 3.000000
v 1269.372646 -864.187928 -5.000000
v 1269.372646 -864.187928 3.000000
v 1276.958432 -882.602142 -5.000000
v 1276.958432 -882.602142 3.000000
v 1215.958432 -913.602142 -5.000000
v 1215.958432 -913.602142 3.000000
v 1213.372646 -908.187928 -5.000000
v 1213.372646 -908.187928 3.000000
v 1195.372646 -917.602142 -5.000000
v 1195.372646 -917.602142 3.000000
v 1197.372646 -927.602142 -5.000000
v 1197.372646 -927.602142 3.000000
v 1200.786860 -927.602142 -5.000000
v 1200.786860 -927.602142 3.000000
v 1289.372646 -885.602142 -5.000000
v 1289.372646 -885.602142 3.000000
v 1337.372646 -753.016356 -5.000000
v 1337.372646 -753.016356 3.000000
v 1337.372646 -741.016356 -5.000000
v 1337.372646 -741.016356 3.000000
v 1415.372646 -519.016356 -5.000000
v 1415.372646 -519.016356 3.000000
v 1417.958432 -517.602142 -5.000000
v 1417.958432 -517.602142 3.000000
v 1431.958432 -525.602142 -5.000000
v 1431.958432 -525.602142 3.000000
v 1436.372646 -524.016356 -5.000000
v 1436.372646 -524.016356 3.000000
v 1443.958432 -531.602142 -5.000000
v 1443.958432 -531.602142 3.000000
v 1453.958432 -535.602142 -5.000000
v 1453.958432 -535.602142 3.000000
v 1455.372646 -539.602142 -5.000000
v 1455.372646 -539.602142 3.000000
v 1478.786860 -533.602142 -5.000000
v 1478.786860 -533.602142 3.000000
v 1505.958432 -537.602142 -5.000000
v 1505.958432 -537.602142 3.000000
v 1534.786860 -537.602142 -5.000000
v 1534.786860 -537.602142 3.000000
v 1553.372646 -531.602142 -5.000000
v 1553.372646 -531.602142 3.000000
v 1554.786860 -527.602142 -5.000000
v 1554.786860 -527.602142 3.000000
v 1586.786860 -503.602142 -5.000000
v 1586.786860 -503.602142 3.000000
v 1616.786860 -489.602142 -5.000000
v 1616.786860 -489.602142 3.000000
v 1628.786860 -479.602142 -5.000000
v 1628.786860 -479.602142 3.000000
v 1674.786860 -469.602142 -5.000000
v 1674.786860 -469.602142 3.000000
v 1705.372646 -437.016356 -5.000000
v 1705.372646 -437.016356 3.000000
v 1707.372646 -431.016356 -5.000000
v 1707.372646 -431.016356 3.000000
v 1711.372646 -396.187928 -5.000000
v 1711.372646 -396.187928 3.000000
v 1703.372646 -345.016356 -5.000000
v 1703.372646 -345.016356 3.000000
v 1707.372646 -331.016356 -5.000000
v 1707.372646 -331.016356 3.000000
v 1705.372646 -291.016356 -5.000000
v 1705.372646 -291.016356 3.000000
v 1709.372646 -277.016356 -5.000000
v 1709.372646 -277.016356 3.000000
v 1726.786860 -265.602142 -5.000000
v 1726.786860 -265.602142 3.000000
v 1739.958432 -273.602142 -5.000000
v 1739.958432 -273.602142 3.000000
v 1741.372646 -277.602142 -5.000000
v 1741.372646 -277.602142 3.000000
v 1766.786860 -271.602142 -5.000000
v 1766.786860 -271.602142 3.000000
v 1772.786860 -265.602142 -5.000000
v 1772.786860 -265.602142 3.000000
v 1786.786860 -259.602142 -5.000000
v 1786.786860 -259.602142 3.000000
v 1803.372646 -239.016356 -5.000000
v 1803.372646 -239.016356 3.000000
v 1805.372646 -218.187928 -5.000000
v 1805.372646 -218.187928 3.000000
v 1795.372646 -194.187928 -5.000000
v 1795.372646 -194.187928 3.000000
v 1762.786860 -173.602142 -5.000000
v 1762.786860 -173.602142 3.000000
v 1750.786860 -155.602142 -5.000000
v 1750.786860 -155.602142 3.000000
v 1742.786860 -151.602142 -5.000000
v 1742.786860 -151.602142 3.000000
v 1729.958432 -151.602142 -5.000000
v 1729.958432 -151.602142 3.000000
v 1715.372646 -160.187928 -5.000000
v 1715.372646 -160.187928 3.000000
v 1707.958432 -175.602142 -5.000000
v 1707.958432 -175.602142 3.000000
v 1690.786860 -173.602142 -5.000000
v 1690.786860 -173.602142 3.000000
v 1668.786860 -161.602142 -5.000000
v 1668.786860 -161.602142 3.000000
v 1650.786860 -139.602142 -5.000000
v 1650.786860 -139.602142 3.000000
v 1621.372646 -120.187928 -5.000000
v 1621.372646 -120.187928 3.000000
v 1619.372646 -93.016356 -5.000000
v 1619.372646 -93.016356 3.000000
v 1627.372646 -51.016356 -5.000000
v 1627.372646 -51.016356 3.000000
v 1627.372646 -35.016356 -5.000000
v 1627.372646 -35.016356 3.000000
v 1631.372646 -29.016356 -5.000000
v 1631.372646 -29.016356 3.000000
v 1629.372646 -1.602142 -5.000000
v 1629.372646 -1.602142 3.000000
v 1623.372646 1.812072 -5.000000
v 1623.372646 1.812072 3.000000
v 1621.372646 8.397858 -5.000000
v 1621.372646 8.397858 3.000000
v 1480.786860 22.397858 -5.000000
v 1480.786860 22.397858 3.000000
v 1477.372646 27.812072 -5.000000
v 1477.372646 27.812072 3.000000
v 1475.372646 48.397858 -5.000000
v 1475.372646 48.397858 3.000000
v 1451.372646 50.397858 -5.000000
v 1451.372646 50.397858 3.000000
v 1416.372646 -7.187928 -5.000000
v 1416.372646 -7.187928 3.000000
v 1361.372646 48.397858 -5.000000
v 1361.372646 48.397858 3.000000
v 1356.786860 48.397858 -5.000000
v 1356.786860 48.397858 3.000000
v 1320.786860 78.397858 -5.000000
v 1320.786860 78.397858 3.000000
v 1297.372646 89.812072 -5.000000
v 1297.372646 89.812072 3.000000
v 1297.372646 98.983644 -5.000000
v 1297.372646 98.983644 3.000000
v 1307.372646 102.397858 -5.000000
v 1307.372646 102.397858 3.000000
v 1305.372646 110.983644 -5.000000
v 1305.372646 110.983644 3.000000
v 1312.786860 114.397858 -5.000000
v 1312.786860 114.397858 3.000000
v 1371.958432 120.397858 -5.000000
v 1371.958432 120.397858 3.000000
v 1379.958432 110.397858 -5.000000
v 1379.958432 110.397858 3.000000
v 1392.786860 104.397858 -5.000000
v 1392.786860 104.397858 3.000000
v 1441.372646 118.397858 -5.000000
v 1441.372646 118.397858 3.000000
v 1439.372646 130.983644 -5.000000
v 1439.372646 130.983644 3.000000
v 1442.786860 134.397858 -5.000000
v 1442.786860 134.397858 3.000000
v 1457.372646 132.397858 -5.000000
v 1457.372646 132.397858 3.000000
v 1459.372646 138.983644 -5.000000
v 1459.372646 138.983644 3.000000
v 1463.372646 140.397858 -5.000000
v 1463.372646 140.397858 3.000000
v 1485.372646 208.983644 -5.000000
v 1485.372646 208.983644 3.000000
v 1482.786860 216.397858 -5.000000
v 1482.786860 216.397858 3.000000
v 1461.786860 227.397858 -5.000000
v 1461.786860 227.397858 3.000000
v 1476.372646 247.983644 -5.000000
v 1476.372646 247.983644 3.000000
v 1487.958432 238.397858 -5.000000
v 1487.958432 238.397858 3.000000
v 1573.958432 196.397858 -5.000000
v 1573.958432 196.397858 3.000000
v 1687.958432 132.397858 -5.000000
v 1687.958432 132.397858 3.000000
v 1757.958432 106.397858 -5.000000
v 1757.958432 106.397858 3.000000
v 1873.958432 74.397858 -5.000000
v 1873.958432 74.397858 3.000000
v 2167.958432 76.397858 -5.000000
v 2167.958432 76.397858 3.000000
v 2225.958432 74.397858 -5.000000
v 2225.958432 74.397858 3.000000
v 2237.958432 68.397858 -5.000000
v 2237.958432 68.397858 3.000000
v 2252.786860 68.397858 -5.000000
v 2252.786860 68.397858 3.000000
v 2258.786860 76.397858 -5.000000
v 2258.786860 76.397858 3.000000
v 2595.958432 76.397858 -5.000000
v 2595.958432 76.397858 3.000000
v 2611.958432 70.397858 -5.000000
v 2611.958432 70.397858 3.000000
v 2622.786860 70.397858 -5.000000
v 2622.786860 70.397858 3.000000
v 2632.786860 76.397858 -5.000000
v 2632.786860 76.397858 3.000000
v 2710.786860 78.397858 -5.000000
v 2710.786860 78.397858 3.000000
v 2959.958432 78.397858 -5.000000
v 2959.958432 78.397858 3.000000
v 2969.958432 72.397858 -5.000000
v 2969.958432 72.397858 3.000000
v 2982.786860 72.397858 -5.000000
v 2982.786860 72.397858 3.000000
v 2996.786860 80.397858 -5.000000
v 2996.786860 80.397858 3.000000
v 3317.958432 80.397858 -5.000000
v 3317.958432 80.397858 3.000000
v 3327.958432 76.397858 -5.000000
v 3327.958432 76.397858 3.000000
v 3350.786860 76.397858 -5.000000
v 3350.786860 76.397858 3.000000
v 3360.786860 82.397858 -5.000000
v 3360.786860 82.397858 3.000000
v 3446.786860 86.397858 -5.000000
v 3446.786860 86.397858 3.000000
v 3532.786860 96.397858 -5.000000
v 3532.786860 96.397858 3.000000
v 3678.786860 128.397858 -5.000000
v 3678.786860 128.397858 3.000000
v 3750.786860 148.397858 -5.000000
v 3750.786860 148.397858 3.000000
v 3794.786860 168.397858 -5.000000
v 3794.786860 168.397858 3.000000
v 3910.786860 212.397858 -5.000000
v 3910.786860 212.397858 3.000000
v 3945.372646 230.983644 -5.000000
v 3945.372646 230.983644 3.000000
v 3945.372646 245.812072 -5.000000
v 3945.372646 245.812072 3.000000
v 3877.958432 210.397858 -5.000000
v 3877.958432 210.397858 3.000000
v 3807.958432 178.397858 -5.000000
v 3807.958432 178.397858 3.000000
v 3651.958432 128.397858 -5.000000
v 3651.958432 128.397858 3.000000
v 3633.958432 124.397858 -5.000000
v 3633.958432 124.397858 3.000000
v 3609.958432 126.397858 -5.000000
v 3609.958432 126.397858 3.000000
v 3543.958432 108.397858 -5.000000
v 3543.958432 108.397858 3.000000
v 3399.958432 92.397858 -5.000000
v 3399.958432 92.397858 3.000000
v 2751.958432 90.397858 -5.000000
v 2751.958432 90.397858 3.000000
v 2705.958432 86.397858 -5.000000
v 2705.958432 86.397858 3.000000
v 2251.958432 88.397858 -5.000000
v 2251.958432 88.397858 3.000000
v 2229.958432 84.397858 -5.000000
v 2229.958432 84.397858 3.000000
v 2050.786860 84.397858 -5.000000
v 2050.786860 84.397858 3.000000
v 2047.372646 87.812072 -5.000000
v 2047.372646 87.812072 3.000000
v 2045.372646 100.397858 -5.000000
v 2045.372646 100.397858 3.000000
v 1997.958432 100.397858 -5.000000
v 1997.958432 100.397858 3.000000
v 1987.958432 84.397858 -5.000000
v 1987.958432 84.397858 3.000000
v 1976.786860 84.397858 -5.000000
v 1976.786860 84.397858 3.000000
v 1872.786860 94.397858 -5.000000
v 1872.786860 94.397858 3.000000
v 1860.786860 98.397858 -5.000000
v 1860.786860 98.397858 3.000000
v 1836.372646 116.812072 -5.000000
v 1836.372646 116.812072 3.000000
v 1831.958432 112.397858 -5.000000
v 1831.958432 112.397858 3.000000
v 1826.786860 112.397858 -5.000000
v 1826.786860 112.397858 3.000000
v 1780.786860 118.397858 -5.000000
v 1780.786860 118.397858 3.000000
v 1698.786860 140.397858 -5.000000
v 1698.786860 140.397858 3.000000
v 1518.786860 240.397858 -5.000000
v 1518.786860 240.397858 3.000000
v 1504.786860 250.397858 -5.000000
v 1504.786860 250.397858 3.000000
v 1488.786860 268.397858 -5.000000
v 1488.786860 268.397858 3.000000
v 1402.786860 310.397858 -5.000000
v 1402.786860 310.397858 3.000000
v 1332.786860 352.397858 -5.000000
v 1332.786860 352.397858 3.000000
v 1305.786860 365.397858 -5.000000
v 1305.786860 365.397858 3.000000
v 1383.372646 508.983644 -5.000000
v 1383.372646 508.983644 3.000000
v 1447.958432 536.397858 -5.000000
v 1447.958432 536.397858 3.000000
v 1463.958432 528.397858 -5.000000
v 1463.958432 528.397858 3.000000
v 1475.372646 516.983644 -5.000000
v 1475.372646 516.983644 3.000000
v 1659.958432 316.397858 -5.000000
v 1659.958432 316.397858 3.000000
v 1691.958432 300.397858 -5.000000
v 1691.958432 300.397858 3.000000
v 1708.372646 307.983644 -5.000000
v 1708.372646 307.983644 3.000000
v 1712.372646 303.983644 -5.000000
v 1712.372646 303.983644 3.000000
v 1727.786860 313.397858 -5.000000
v 1727.786860 313.397858 3.000000
v 1720.372646 324.812072 -5.000000
v 1720.372646 324.812072 3.000000
v 1718.372646 322.812072 -5.000000
v 1718.372646 322.812072 3.000000
v 1715.372646 325.812072 -5.000000
v 1715.372646 325.812072 3.000000
v 1707.372646 343.812072 -5.000000
v 1707.372646 343.812072 3.000000
v 1667.372646 441.812072 -5.000000
v 1667.372646 441.812072 3.000000
v 1651.372646 498.397858 -5.000000
v 1651.372646 498.397858 3.000000
v 1587.958432 524.397858 -5.000000
v 1587.958432 524.397858 3.000000
v 1536.372646 492.812072 -5.000000
v 1536.372646 492.812072 3.000000
v 1479.372646 553.812072 -5.000000
v 1479.372646 553.812072 3.000000
v 1459.372646 583.812072 -5.000000
v 1459.372646 583.812072 3.000000
v 1481.372646 786.983644 -5.000000
v 1481.372646 786.983644 3.000000
v 1550.372646 867.983644 -5.000000
v 1550.372646 867.983644 3.000000
v 1699.958432 768.397858 -5.000000
v 1699.958432 768.397858 3.000000
v 1901.958432 642.397858 -5.000000
v 1901.958432 642.397858 3.000000
v 1943.958432 610.397858 -5.000000
v 1943.958432 610.397858 3.000000
v 2145.958432 510.397858 -5.000000
v 2145.958432 510.397858 3.000000
v 2247.958432 470.397858 -5.000000
v 2247.958432 470.397858 3.000000
v 2417.958432 426.397858 -5.000000
v 2417.958432 426.397858 3.000000
v 2497.958432 414.397858 -5.000000
v 2497.958432 414.397858 3.000000
v 2521.958432 402.397858 -5.000000
v 2521.958432 402.397858 3.000000
v 2623.958432 396.397858 -5.000000
v 2623.958432 396.397858 3.000000
v 3008.786860 396.397858 -5.000000
v 3008.786860 396.397858 3.000000
v 3222.786860 402.397858 -5.000000
v 3222.786860 402.397858 3.000000
v 3398.786860 402.397858 -5.000000
v 3398.786860 402.397858 3.000000
v 3478.786860 410.397858 -5.000000
v 3478.786860 410.397858 3.000000
v 3602.786860 436.397858 -5.000000
v 3602.786860 436.397858 3.000000
v 3718.786860 474.397858 -5.000000
v 3718.786860 474.397858 3.000000
v 3802.786860 516.397858 -5.000000
v 3802.786860 516.397858 3.000000
v 3809.958432 516.397858 -5.000000
v 3809.958432 516.397858 3.000000
v 3859.958432 492.397858 -5.000000
v 3859.958432 492.397858 3.000000
v 3905.958432 478.397858 -5.000000
v 3905.958432 478.397858 3.000000
v 3913.958432 472.397858 -5.000000
v 3913.958432 472.397858 3.000000
v 3941.958432 462.397858 -5.000000
v 3941.958432 462.397858 3.000000
v 3945.372646 462.397858 -5.000000
v 3945.372646 462.397858 3.000000
v 3945.372646 472.397858 -5.000000
v 3945.372646 472.397858 3.000000
v 3874.786860 500.397858 -5.000000
v 3874.786860 500.397858 3.000000
v 3862.786860 502.397858 -5.000000
v 3862.786860 502.397858 3.000000
v 3818.786860 522.397858 -5.000000
v 3818.786860 522.397858 3.000000
v 3827.786860 531.397858 -5.000000
v 3827.786860 531.397858 3.000000
v 3820.372646 542.812072 -5.000000
v 3820.372646 542.812072 3.000000
v 3713.958432 486.397858 -5.000000
v 3713.958432 486.397858 3.000000
v 3669.958432 468.397858 -5.000000
v 3669.958432 468.397858 3.000000
v 3563.958432 438.397858 -5.000000
v 3563.958432 438.397858 3.000000
v 3459.958432 418.397858 -5.000000
v 3459.958432 418.397858 3.000000
v 3401.958432 412.397858 -5.000000
v 3401.958432 412.397858 3.000000
v 3348.786860 412.397858 -5.000000
v 3348.786860 412.397858 3.000000
v 3329.958432 422.397858 -5.000000
v 3329.958432 422.397858 3.000000
v 3321.958432 410.397858 -5.000000
v 3321.958432 410.397858 3.000000
v 3239.958432 408.397858 -5.000000
v 3239.958432 408.397858 3.000000
v 3156.786860 408.397858 -5.000000
v 3156.786860 408.397858 3.000000
v 3144.786860 414.397858 -5.000000
v 3144.786860 414.397858 3.000000
v 3123.958432 414.397858 -5.000000
v 3123.958432 414.397858 3.000000
v 3115.958432 410.397858 -5.000000
v 3115.958432 410.397858 3.000000
v 2997.958432 406.397858 -5.000000
v 2997.958432 406.397858 3.000000
v 2958.786860 406.397858 -5.000000
v 2958.786860 406.397858 3.000000
v 2948.786860 412.397858 -5.000000
v 2948.786860 412.397858 3.000000
v 2936.786860 414.397858 -5.000000
v 2936.786860 414.397858 3.000000
v 2925.958432 414.397858 -5.000000
v 2925.958432 414.397858 3.000000
v 2913.958432 408.397858 -5.000000
v 2913.958432 408.397858 3.000000
v 2754.786860 408.397858 -5.000000
v 2754.786860 408.397858 3.000000
v 2740.786860 414.397858 -5.000000
v 2740.786860 414.397858 3.000000
v 2717.958432 408.397858 -5.000000
v 2717.958432 408.397858 3.000000
v 2608.786860 408.397858 -5.000000
v 2608.786860 408.397858 3.000000
v 2468.786860 426.397858 -5.000000
v 2468.786860 426.397858 3.000000
v 2460.786860 428.397858 -5.000000
v 2460.786860 428.397858 3.000000
v 2450.786860 436.397858 -5.000000
v 2450.786860 436.397858 3.000000
v 2418.786860 436.397858 -5.000000
v 2418.786860 436.397858 3.000000
v 2372.786860 446.397858 -5.000000
v 2372.786860 446.397858 3.000000
v 2216.786860 494.397858 -5.000000
v 2216.786860 494.397858 3.000000
v 2200.786860 500.397858 -5.000000
v 2200.786860 500.397858 3.000000
v 2184.786860 512.397858 -5.000000
v 2184.786860 512.397858 3.000000
v 2158.786860 516.397858 -5.000000
v 2158.786860 516.397858 3.000000
v 1954.786860 620.397858 -5.000000
v 1954.786860 620.397858 3.000000
v 1942.786860 640.397858 -5.000000
v 1942.786860 640.397858 3.000000
v 1930.786860 646.397858 -5.000000
v 1930.786860 646.397858 3.000000
v 1918.786860 644.397858 -5.000000
v 1918.786860 644.397858 3.000000
v 1904.786860 652.397858 -5.000000
v 1904.786860 652.397858 3.000000
v 1730.786860 762.397858 -5.000000
v 1730.786860 762.397858 3.000000
v 1721.372646 769.812072 -5.000000
v 1721.372646 769.812072 3.000000
v 1712.786860 782.397858 -5.000000
v 1712.786860 782.397858 3.000000
v 1494.786860 922.397858 -5.000000
v 1494.786860 922.397858 3.000000
v 1480.786860 930.397858 -5.000000
v 1480.786860 930.397858 3.000000
v 1460.786860 934.397858 -5.000000
v 1460.786860 934.397858 3.000000
v 1455.372646 939.812072 -5.000000
v 1455.372646 939.812072 3.000000
v 1455.372646 945.812072 -5.000000
v 1455.372646 945.812072 3.000000
v 1449.372646 955.812072 -5.000000
v 1449.372646 955.812072 3.000000
v 1407.372646 1011.812072 -5.000000
v 1407.372646 1011.812072 3.000000
v 1386.786860 1032.397858 -5.000000
v 1386.786860 1032.397858 3.000000
v 1340.786860 1038.397858 -5.000000
v 1340.786860 1038.397858 3.000000
v 1329.372646 1043.812072 -5.000000
v 1329.372646 1043.812072 3.000000
v 1213.372646 1193.812072 -5.000000
v 1213.372646 1193.812072 3.000000
v 1159.372646 1241.812072 -5.000000
v 1159.372646 1241.812072 3.000000
v 1127.372646 1290.397858 -5.000000
v 1127.372646 1290.397858 3.000000
v 1118.372646 1286.812072 -5.000000
v 1118.372646 1286.812072 3.000000
v 1092.786860 1320.397858 -5.000000
v 1092.786860 1320.397858 3.000000
v 1084.372646 1316.812072 -5.000000
v 1084.372646 1316.812072 3.000000
v 1064.786860 1336.397858 -5.000000
v 1064.786860 1336.397858 3.000000
v 1030.786860 1362.397858 -5.000000
v 1030.786860 1362.397858 3.000000
v 999.372646 1377.812072 -5.000000
v 999.372646 1377.812072 3.000000
v 993.372646 1387.812072 -5.000000
v 993.372646 1387.812072 3.000000
v 989.372646 1405.812072 -5.000000
v 989.372646 1405.812072 3.000000
v 996.786860 1418.397858 -5.000000
v 996.786860 1418.397858 3.000000
vn -1.000000000 0.000000000 0.000000000
vn 0.128949367 -0.991651179 0.000000000
vn 0.750931408 -0.660380209 0.000000000
vn 0.843919752 -0.536469433 0.000000000
vn -0.496138938 -0.868243142 0.000000000
vn 0.832050294 -0.554700196 0.000000000
vn -0.404455942 -0.914557484 0.000000000
vn -0.521410325 -0.853306084 0.000000000
vn 0.913811549 -0.406138466 0.000000000
vn 0.902368969 0.430964319 0.000000000
vn 0.521698251 0.853130081 0.000000000
vn 0.842065667 -0.539375021 0.000000000
vn -0.631616132 -0.775281279 0.000000000
vn -0.533419462 -0.845850860 0.000000000
vn -0.687588193 -0.726100873 0.000000000
vn -0.832050294 -0.554700196 0.000000000
vn -0.894427191 -0.447213595 0.000000000
vn -0.948683298 -0.316227766 0.000000000
vn -0.973417168 -0.229039334 0.000000000
vn -0.992277877 -0.124034735 0.000000000
vn -0.999950584 0.009941271 0.000000000
vn -0.998638340 0.052167674 0.000000000
vn -0.998213502 -0.059747837 0.000000000
vn 0.000000000 -1.000000000 0.000000000
vn 0.571431361 -0.820649864 0.000000000
vn 0.997458700 -0.071247050 0.000000000
vn 0.999451019 -0.033130973 0.000000000
vn 0.998920086 -0.046461399 0.000000000
vn 0.999818049 -0.019075323 0.000000000
vn 0.995495473 0.094809093 0.000000000
vn 0.979457043 0.201652921 0.000000000
vn 0.952925780 0.303203657 0.000000000
vn 0.894427191 0.447213595 0.000000000
vn 0.835705480 0.549177887 0.000000000
vn 0.731893974 0.681418528 0.000000000
vn 0.662460480 0.749096865 0.000000000
vn 0.571064488 0.820905202 0.000000000
vn 0.447213595 0.894427191 0.000000000
vn 0.543251278 0.839570157 0.000000000
vn 0.734803445 0.678280103 0.000000000
vn 0.498964445 0.866622457 0.000000000
vn 0.840696411 -0.541506735 0.000000000
vn 0.984993628 0.172590706 0.000000000
vn 0.948683298 0.316227766 0.000000000
vn 0.976812641 0.214095921 0.000000000
vn 0.970142500 0.242535625 0.000000000
vn 0.988667567 -0.150121423 0.000000000
vn 0.845861800 -0.533402115 0.000000000
vn 0.496138938 -0.868243142 0.000000000
vn -0.161836233 -0.986817629 0.000000000
vn 0.980580676 -0.196116135 0.000000000
vn 0.284522451 0.958669377 0.000000000
vn 0.956903783 -0.290405149 0.000000000
vn 0.671663447 -0.740856405 0.000000000
vn 0.529998940 -0.847998304 0.000000000
vn 0.168296463 -0.985736426 0.000000000
vn 0.480996990 -0.876722245 0.000000000
vn 0.874157276 -0.485642931 0.000000000
vn 0.977176364 -0.212429644 0.000000000
vn 0.972020282 0.234896937 0.000000000
vn 0.707106781 0.707106781 0.000000000
vn 0.371390676 0.928476691 0.000000000
vn 0.294085849 0.955779009 0.000000000
vn 0.554700196 0.832050294 0.000000000
vn 0.811556004 0.584274638 0.000000000
vn 0.956850544 -0.290580515 0.000000000
vn 0.707106781 -0.707106781 0.000000000
vn -0.707106781 -0.707106781 0.000000000
vn -0.794176160 -0.607687607 0.000000000
vn -0.393919299 -0.919145030 0.000000000
vn -0.613940614 -0.789352217 0.000000000
vn 0.000000000 -1.000000000 0.000000000
vn -0.408303928 -0.912846045 0.000000000
vn 0.290580515 -0.956850544 0.000000000
vn 1.000000000 0.000000000 0.000000000
vn 0.483740877 -0.875211268 0.000000000
vn -0.135848641 -0.990729603 0.000000000
vn -0.707106781 -0.707106781 0.000000000
vn 0.797092148 -0.603857688 0.000000000
vn 0.894427191 -0.447213595 0.000000000
vn -0.078763059 -0.996893365 0.000000000
vn 0.707106781 -0.707106781 0.000000000
vn 0.851458748 -0.524421586 0.000000000
vn 0.997261805 0.073951956 0.000000000
vn 0.847998304 -0.529998940 0.000000000
vn -0.078763059 -0.996893365 0.000000000
vn 0.757106134 -0.653291896 0.000000000
vn 1.000000000 0.000000000 0.000000000
vn 0.679743944 0.733449501 0.000000000
vn 0.930751493 0.365652372 0.000000000
vn 0.838443616 0.544988351 0.000000000
vn 0.914557484 0.404455942 0.000000000
vn 0.872863947 -0.487963657 0.000000000
vn 0.919145030 0.393919299 0.000000000
vn -0.447213595 0.894427191 0.000000000
vn 0.894427191 0.447213595 0.000000000
vn 0.800000000 0.600000000 0.000000000
vn 0.997261805 -0.073951956 0.000000000
vn 0.832050294 0.554700196 0.000000000
vn 0.707106781 -0.707106781 0.000000000
vn 0.637470982 -0.770474365 0.000000000
vn -0.707106781 -0.707106781 0.000000000
vn -0.902134222 -0.431455497 0.000000000
vn -0.939793423 -0.341743063 0.000000000
vn -0.905149010 -0.425094425 0.000000000
vn 0.417451684 -0.908699120 0.000000000
vn 0.213292194 -0.976988454 0.000000000
vn -0.890194356 -0.455580957 0.000000000
vn -0.440354206 -0.897824133 0.000000000
vn 0.536875492 -0.843661488 0.000000000
vn 0.894427191 -0.447213595 0.000000000
vn 0.802402531 -0.596783193 0.000000000
vn 0.335009668 -0.942214690 0.000000000
vn 0.408366060 -0.912818252 0.000000000
vn 0.707106781 0.707106781 0.000000000
vn 0.955591213 -0.294695494 0.000000000
vn 0.421486533 -0.906834661 0.000000000
vn 0.316227766 -0.948683298 0.000000000
vn 0.000000000 -1.000000000 0.000000000
vn 0.480996990 -0.876722245 0.000000000
vn 0.999863037 0.016550129 0.000000000
vn 0.984783559 0.173785334 0.000000000
vn 1.000000000 0.000000000 0.000000000
vn 0.707106781 -0.707106781 0.000000000
vn 1.000000000 0.000000000 0.000000000
vn 0.984676879 0.174388773 0.000000000
vn 0.338854238 -0.940838884 0.000000000
vn -0.818535733 -0.574455615 0.000000000
vn -0.976900017 -0.213696879 0.000000000
vn -0.939793423 -0.341743063 0.000000000
vn -1.000000000 0.000000000 0.000000000
vn -0.938343117 -0.345705359 0.000000000
vn -0.968663866 -0.248375350 0.000000000
vn -1.000000000 0.000000000 0.000000000
vn -0.707106781 -0.707106781 0.000000000
vn 0.066519011 -0.997785158 0.000000000
vn -0.999434709 0.033619368 0.000000000
vn -0.707106781 -0.707106781 0.000000000
vn -0.447213595 -0.894427191 0.000000000
vn 0.260442788 -0.965489282 0.000000000
vn 0.912895807 -0.408192657 0.000000000
vn -0.135848641 -0.990729603 0.000000000
vn 0.971527050 -0.236928661 0.000000000
vn 0.000000000 -1.000000000 0.000000000
vn -0.811606583 -0.584204377 0.000000000
vn -0.587370882 -0.809317890 0.000000000
vn -0.049242941 -0.998786830 0.000000000
vn 0.242535625 -0.970142500 0.000000000
vn 0.643681291 -0.765293666 0.000000000
vn 0.894427191 -0.447213595 0.000000000
vn 0.980580676 -0.196116135 0.000000000
vn 0.294695494 -0.955591213 0.000000000
vn -0.206010481 -0.978549785 0.000000000
vn -0.988514421 -0.151126568 0.000000000
vn -0.660380209 -0.750931408 0.000000000
vn -0.045407661 -0.998968540 0.000000000
vn -0.099503719 -0.995037190 0.000000000
vn -0.447213595 -0.894427191 0.000000000
vn -0.707106781 -0.707106781 0.000000000
vn -0.970142500 -0.242535625 0.000000000
vn -0.992083473 -0.125580186 0.000000000
vn -0.982872187 -0.184288535 0.000000000
vn -1.000000000 0.000000000 0.000000000
vn -0.939357320 0.342939974 0.000000000
vn -0.948683298 0.316227766 0.000000000
vn -0.832050294 -0.554700196 0.000000000
vn -0.936329178 0.351123442 0.000000000
vn -0.776114000 0.630592625 0.000000000
vn -0.939793423 0.341743063 0.000000000
vn -0.948683298 0.316227766 0.000000000
vn -0.924616874 -0.380898459 0.000000000
vn -0.453049848 0.891485185 0.000000000
vn 0.902368969 0.430964319 0.000000000
vn -0.463452278 0.886121880 0.000000000
vn -0.980580676 -0.196116135 0.000000000
vn 0.000000000 -1.000000000 0.000000000
vn 0.428405490 -0.903586596 0.000000000
vn 0.940277650 -0.340408490 0.000000000
vn 1.000000000 0.000000000 0.000000000
vn 0.943460140 -0.331485995 0.000000000
vn 0.479841668 -0.877355101 0.000000000
vn -0.496138938 -0.868243142 0.000000000
vn 0.338090692 -0.941113534 0.000000000
vn -0.707106781 -0.707106781 0.000000000
vn -0.371390676 -0.928476691 0.000000000
vn -0.942809009 -0.333333425 0.000000000
vn 0.248233864 -0.968700134 0.000000000
vn -0.145642985 -0.989337213 0.000000000
vn 0.000000000 -1.000000000 0.000000000
vn 0.307215417 -0.951639999 0.000000000
vn 0.942809009 -0.333333425 0.000000000
vn 0.600000000 -0.800000000 0.000000000
vn 0.422885465 -0.906183140 0.000000000
vn 0.640184400 -0.768221280 0.000000000
vn 0.212429644 -0.977176364 0.000000000
vn 0.729128321 -0.684377010 0.000000000
vn 0.948683298 -0.316227766 0.000000000
vn 0.993469421 -0.114098681 0.000000000
vn 0.987998949 0.154460598 0.000000000
vn 0.961523948 -0.274721128 0.000000000
vn 0.998752339 0.049937617 0.000000000
vn 0.961523948 -0.274721128 0.000000000
vn 0.548190947 -0.836353206 0.000000000
vn -0.519119139 -0.854701889 0.000000000
vn -0.942809009 -0.333333425 0.000000000
vn 0.229771707 -0.973244554 0.000000000
vn 0.707106781 -0.707106781 0.000000000
vn 0.393919299 -0.919145030 0.000000000
vn 0.778702316 -0.627393579 0.000000000
vn 0.995421467 -0.095582966 0.000000000
vn 0.923076923 0.384615385 0.000000000
vn 0.534091091 0.845426937 0.000000000
vn 0.832050294 0.554700196 0.000000000
vn 0.447213595 0.894427191 0.000000000
vn 0.000000000 1.000000000 0.000000000
vn -0.507279606 0.861781528 0.000000000
vn -0.901171721 0.433462257 0.000000000
vn 0.115689516 0.993285425 0.000000000
vn 0.478852131 0.877895573 0.000000000
vn 0.773957299 0.633237790 0.000000000
vn 0.550858667 0.834598543 0.000000000
vn 0.997302011 0.073407752 0.000000000
vn 0.982338566 -0.187112108 0.000000000
vn 1.000000000 0.000000000 0.000000000
vn 0.832050294 -0.554700196 0.000000000
vn 0.997349371 0.072761478 0.000000000
vn 0.494570308 0.869137625 0.000000000
vn 0.956850544 0.290580515 0.000000000
vn 0.099093191 0.995078157 0.000000000
vn 0.845861800 0.533402115 0.000000000
vn 0.995313660 0.096699117 0.000000000
vn 0.083045480 0.996545758 0.000000000
vn -0.854542523 0.519381437 0.000000000
vn 0.710842437 0.703351285 0.000000000
vn 0.000000000 1.000000000 0.000000000
vn 0.640184400 0.768221280 0.000000000
vn 0.438195568 0.898879661 0.000000000
vn 1.000000000 0.000000000 0.000000000
vn 0.323108244 -0.946362015 0.000000000
vn 0.973925235 0.226869208 0.000000000
vn 0.418277226 -0.908319416 0.000000000
vn 0.100882734 -0.994898323 0.000000000
vn -0.780868809 -0.624695048 0.000000000
vn -0.423662297 -0.905820213 0.000000000
vn 0.276884383 -0.960903241 0.000000000
vn 0.987608102 0.156940234 0.000000000
vn 0.707106781 -0.707106781 0.000000000
vn -0.135848641 -0.990729603 0.000000000
vn 0.956850544 -0.290580515 0.000000000
vn 0.333333425 -0.942809009 0.000000000
vn 0.952212144 -0.305437444 0.000000000
vn 0.944222664 0.329307698 0.000000000
vn 0.464006995 0.885831535 0.000000000
vn 0.815946184 -0.578127861 0.000000000
vn -0.637470982 -0.770474365 0.000000000
vn -0.438835299 -0.898567516 0.000000000
vn -0.489534757 -0.871983785 0.000000000
vn -0.348186530 -0.937425272 0.000000000
vn -0.265928998 -0.963992618 0.000000000
vn 0.006802564 -0.999976862 0.000000000
vn -0.034462276 -0.999405999 0.000000000
vn -0.447213595 -0.894427191 0.000000000
vn 0.000000000 -1.000000000 0.000000000
vn 0.800000000 -0.600000000 0.000000000
vn 0.000000000 -1.000000000 0.000000000
vn -0.351123442 -0.936329178 0.000000000
vn 0.000000000 -1.000000000 0.000000000
vn 0.514495755 -0.857492926 0.000000000
vn 0.025632601 -0.999671431 0.000000000
vn 0.000000000 -1.000000000 0.000000000
vn -0.514495755 -0.857492926 0.000000000
vn 0.000000000 -1.000000000 0.000000000
vn 0.496138938 -0.868243142 0.000000000
vn 0.000000000 -1.000000000 0.000000000
vn -0.371390676 -0.928476691 0.000000000
vn 0.000000000 -1.000000000 0.000000000
vn 0.514495755 -0.857492926 0.000000000
vn 0.046461399 -0.998920086 0.000000000
vn 0.115500858 -0.993307380 0.000000000
vn 0.214095921 -0.976812641 0.000000000
vn 0.267643864 -0.963517910 0.000000000
vn 0.413802944 -0.910366477 0.000000000
vn 0.354654234 -0.934997526 0.000000000
vn 0.473362609 -0.880867663 0.000000000
vn 1.000000000 0.000000000 0.000000000
vn -0.465057807 0.885280315 0.000000000
vn -0.415759760 0.909474476 0.000000000
vn -0.305218682 0.952282288 0.000000000
vn -0.216930458 0.976187060 0.000000000
vn 0.083045480 0.996545758 0.000000000
vn -0.263117406 0.964763821 0.000000000
vn -0.110431526 0.993883735 0.000000000
vn -0.003086405 0.999995237 0.000000000
vn -0.086629616 0.996240588 0.000000000
vn 0.004405244 0.999990297 0.000000000
vn -0.178885438 0.983869910 0.000000000
vn 0.000000000 1.000000000 0.000000000
vn 0.707106781 0.707106781 0.000000000
vn 0.987608102 0.156940234 0.000000000
vn 0.000000000 1.000000000 0.000000000
vn -0.847998304 0.529998940 0.000000000
vn 0.000000000 1.000000000 0.000000000
vn 0.095712407 0.995409029 0.000000000
vn 0.316227766 0.948683298 0.000000000
vn 0.602165039 0.798371634 0.000000000
vn -0.707106781 0.707106781 0.000000000
vn 0.000000000 1.000000000 0.000000000
vn 0.129339184 0.991600411 0.000000000
vn 0.259128566 0.965842837 0.000000000
vn 0.485642931 0.874157276 0.000000000
vn 0.581238194 0.813733471 0.000000000
vn 0.747409319 0.664363839 0.000000000
vn 0.438835299 0.898567516 0.000000000
vn 0.514495755 0.857492926 0.000000000
vn 0.433815619 0.901001670 0.000000000
vn 0.879778661 -0.475383538 0.000000000
vn 0.390721158 -0.920509086 0.000000000
vn -0.447213595 -0.894427191 0.000000000
vn -0.707106781 -0.707106781 0.000000000
vn -0.735845346 -0.677149634 0.000000000
vn -0.447213595 -0.894427191 0.000000000
vn 0.419513803 -0.907748957 0.000000000
vn -0.707106781 -0.707106781 0.000000000
vn 0.521224916 -0.853419350 0.000000000
vn 0.838612278 0.544728782 0.000000000
vn -0.707106781 0.707106781 0.000000000
vn 0.707106781 0.707106781 0.000000000
vn 0.913811549 0.406138466 0.000000000
vn 0.925847644 0.377896997 0.000000000
vn 0.962272167 0.272088730 0.000000000
vn 0.379355433 0.925251023 0.000000000
vn -0.522185746 0.852831781 0.000000000
vn 0.730656826 0.682744903 0.000000000
vn 0.832050294 0.554700196 0.000000000
vn 0.994188467 -0.107653576 0.000000000
vn 0.761243230 -0.648466456 0.000000000
vn -0.554168162 -0.832404738 0.000000000
vn -0.529243611 -0.848469917 0.000000000
vn -0.606043215 -0.795431720 0.000000000
vn -0.443660788 -0.896194792 0.000000000
vn -0.365087529 -0.930973198 0.000000000
vn -0.250566876 -0.968099293 0.000000000
vn -0.148340453 -0.988936353 0.000000000
vn -0.447213595 -0.894427191 0.000000000
vn -0.058722022 -0.998274373 0.000000000
vn 0.000000000 -1.000000000 0.000000000
vn 0.028026370 -0.999607184 0.000000000
vn 0.000000000 -1.000000000 0.000000000
vn 0.099503719 -0.995037190 0.000000000
vn 0.205214844 -0.978716950 0.000000000
vn 0.311308130 -0.950309028 0.000000000
vn 0.447213595 -0.894427191 0.000000000
vn 0.000000000 -1.000000000 0.000000000
vn -0.432731068 -0.901523057 0.000000000
vn -0.291161616 -0.956673880 0.000000000
vn -0.600000000 -0.800000000 0.000000000
vn -0.336336397 -0.941741912 0.000000000
vn 0.000000000 -1.000000000 0.000000000
vn 1.000000000 0.000000000 0.000000000
vn 0.368729099 0.929536902 0.000000000
vn 0.164398987 0.986393924 0.000000000
vn 0.413802944 0.910366477 0.000000000
vn 0.707106781 -0.707106781 0.000000000
vn 0.838612278 0.544728782 0.000000000
vn -0.468388792 0.883522461 0.000000000
vn -0.378632846 0.925546956 0.000000000
vn -0.272322466 0.962206046 0.000000000
vn -0.188847394 0.982006447 0.000000000
vn -0.102899151 0.994691794 0.000000000
vn 0.000000000 1.000000000 0.000000000
vn 0.469060024 0.883166289 0.000000000
vn -0.832050294 0.554700196 0.000000000
vn -0.024382992 0.999702691 0.000000000
vn 0.000000000 1.000000000 0.000000000
vn 0.447213595 0.894427191 0.000000000
vn 0.000000000 1.000000000 0.000000000
vn -0.447213595 0.894427191 0.000000000
vn -0.033878846 0.999425947 0.000000000
vn 0.000000000 1.000000000 0.000000000
vn 0.514495755 0.857492926 0.000000000
vn 0.164398987 0.986393924 0.000000000
vn 0.000000000 1.000000000 0.000000000
vn -0.447213595 0.894427191 0.000000000
vn 0.000000000 1.000000000 0.000000000
vn 0.393919299 0.919145030 0.000000000
vn -0.254196871 0.967152496 0.000000000
vn 0.000000000 1.000000000 0.000000000
vn 0.127521743 0.991835775 0.000000000
vn 0.242535625 0.970142500 0.000000000
vn 0.624695048 0.780868809 0.000000000
vn 0.000000000 1.000000000 0.000000000
vn 0.212429644 0.977176364 0.000000000
vn 0.294085849 0.955779009 0.000000000
vn 0.351123442 0.936329178 0.000000000
vn 0.600000000 0.800000000 0.000000000
vn 0.152057184 0.988371698 0.000000000
vn 0.454187447 0.890906147 0.000000000
vn 0.857492926 0.514495755 0.000000000
vn 0.447213595 0.894427191 0.000000000
vn -0.164398987 0.986393924 0.000000000
vn 0.496138938 0.868243142 0.000000000
vn 0.534358479 0.845257958 0.000000000
vn 0.618715406 0.785615203 0.000000000
vn 0.826087756 0.563541498 0.000000000
vn 0.540367376 0.841429200 0.000000000
vn 0.496138938 0.868243142 0.000000000
vn 0.196116135 0.980580676 0.000000000
vn 0.707106781 0.707106781 0.000000000
vn 1.000000000 0.000000000 0.000000000
vn 0.857492926 0.514495755 0.000000000
vn 0.800000000 0.600000000 0.000000000
vn 0.707106781 0.707106781 0.000000000
vn 0.129339184 0.991600411 0.000000000
vn 0.428569936 0.903508611 0.000000000
vn 0.791052984 0.611747641 0.000000000
vn 0.664363839 0.747409319 0.000000000
vn 0.835135472 0.550044310 0.000000000
vn -0.370125528 0.928981751 0.000000000
vn 0.795470359 0.605992498 0.000000000
vn -0.392042899 0.919946936 0.000000000
vn 0.707106781 0.707106781 0.000000000
vn 0.607450108 0.794357833 0.000000000
vn 0.440504864 0.897750224 0.000000000
vn 0.857492926 0.514495755 0.000000000
vn 0.976187060 0.216930458 0.000000000
vn 0.861610614 -0.507569847 0.000000000
vn 0.000000000 1.000000000 0.000000000
vn 0.000000000 0.000000000 1.000000000
vn 0.000000000 0.000000000 -1.000000000
vn 0.000000000 -0.000000000 1.000000000
vn 0.000000000 0.000000000 -1.000000000
vn 0.000000000 -0.000000000 1.000000000
vn 0.000000000 0.000000000 -1.000000000
vn 0.000000000 -0.000000000 1.000000000
vn 0.000000000 0.000000000 -1.000000000
vn 0.000000000 -0.000000000 1.000000000
vn 0.000000000 0.000000000 -1.000000000
vn 0.000000000 -0.000000000 1.000000000
vn 0.000000000 0.000000000 -1.000000000
vn 0.000000000 -0.000000000 1.000000000
vn 0.000000000 0.000000000 -1.000000000
vn 0.000000000 -0.000000000 1.000000000
vn 0.000000000 0.000000000 -1.000000000
vn 0.000000000 -0.000000000 1.000000000
vn 0.000000000 0.000000000 -1.000000000
vn 0.000000000 0.000000000 1.000000000
vn 0.000000000 0.000000000 -1.000000000
vn 0.000000000 -0.000000000 1.000000000
vn 0.000000000 0.000000000 -1.000000000
vn 0.000000000 0.000000000 1.000000000
vn 0.000000000 0.000000000 -1.000000000
vn 0.000000000 0.000000000 1.000000000
vn -0.000000000 0.000000000 -1.000000000
vn 0.000000000 0.000000000 1.000000000
vn 0.000000000 -0.000000000 -1.000000000
vn -0.000000000 0.000000000 1.000000000
vn -0.000000000 0.000000000 -1.000000000
vn 0.000000000 0.000000000 1.000000000
vn 0.000000000 0.000000000 -1.000000000
vn 0.000000000 0.000000000 1.000000000
vn 0.000000000 0.000000000 -1.000000000
vn 0.000000000 0.000000000 1.000000000
vn 0.000000000 -0.000000000 -1.000000000
vn 0.000000000 0.000000000 1.000000000
vn 0.000000000 0.000000000 -1.000000000
vn 0.000000000 0.000000000 1.000000000
vn 0.000000000 0.000000000 -1.000000000
vn -0.000000000 0.000000000 1.000000000
vn -0.000000000 0.000000000 -1.000000000
vn 0.000000000 0.000000000 1.000000000
vn 0.000000000 0.000000000 -1.000000000
vn 0.000000000 -0.000000000 1.000000000
vn 0.000000000 0.000000000 -1.000000000
vn 0.000000000 -0.000000000 1.000000000
vn 0.000000000 0.000000000 -1.000000000
vn 0.000000000 -0.000000000 1.000000000
vn 0.000000000 0.000000000 -1.000000000
vn 0.000000000 -0.000000000 1.000000000
vn 0.000000000 0.000000000 -1.000000000
vn 0.000000000 -0.000000000 1.000000000
vn 0.000000000 0.000000000 -1.000000000
vn 0.000000000 -0.000000000 1.000000000
vn 0.000000000 0.000000000 -1.000000000
vn 0.000000000 -0.000000000 1.000000000
vn 0.000000000 0.000000000 -1.000000000
vn 0.000000000 0.000000000 1.000000000
vn 0.000000000 -0.000000000 -1.000000000
vn 0.000000000 0.000000000 1.000000000
vn 0.000000000 0.000000000 -1.000000000
vn 0.000000000 0.000000000 1.000000000
vn 0.000000000 -0.000000000 -1.000000000
vn 0.000000000 0.000000000 1.000000000
vn 0.000000000 0.000000000 -1.000000000
vn 0.000000000 0.000000000 1.000000000
vn 0.000000000 0.000000000 -1.000000000
vn 0.000000000 -0.000000000 1.000000000
vn 0.000000000 0.000000000 -1.000000000
vn -0.000000000 0.000000000 1.000000000
vn 0.000000000 -0.000000000 -1.000000000
vn -0.000000000 0.000000000 1.000000000
vn 0.000000000 -0.000000000 -1.000000000
vn 0.000000000 -0.000000000 1.000000000
vn 0.000000000 0.000000000 -1.000000000
vn 0.000000000 -0.000000000 1.000000000
vn 0.000000000 0.000000000 -1.000000000
vn -0.000000000 0.000000000 1.000000000
vn 0.000000000 0.000000000 -1.000000000
vn 0.000000000 0.000000000 1.000000000
vn -0.000000000 0.000000000 -1.000000000
vn 0.000000000 0.000000000 1.000000000
vn 0.000000000 0.000000000 -1.000000000
vn 0.000000000 0.000000000 1.000000000
vn 0.000000000 0.000000000 -1.000000000
vn 0.000000000 0.000000000 1.000000000
vn 0.000000000 0.000000000 -1.000000000
vn 0.000000000 -0.000000000 1.000000000
vn 0.000000000 0.000000000 -1.000000000
vn 0.000000000 0.000000000 1.000000000
vn 0.000000000 0.000000000 -1.000000000
vn 0.000000000 0.000000000 1.000000000
vn 0.000000000 0.000000000 -1.000000000
vn 0.000000000 0.000000000 1.000000000
vn 0.000000000 0.000000000 -1.000000000
vn -0.000000000 0.000000000 1.000000000
vn -0.000000000 0.000000000 -1.000000000
vn 0.000000000 -0.000000000 1.000000000
vn 0.000000000 0.000000000 -1.000000000
vn -0.000000000 0.000000000 1.000000000
vn 0.000000000 0.000000000 -1.000000000
vn -0.000000000 0.000000000 1.000000000
vn 0.000000000 0.000000000 -1.000000000
vn 0.000000000 0.000000000 1.000000000
vn -0.000000000 0.000000000 -1.000000000
vn 0.000000000 0.000000000 1.000000000
vn 0.000000000 0.000000000 -1.000000000
vn 0.000000000 0.000000000 1.000000000
vn -0.000000000 0.000000000 -1.000000000
vn 0.000000000 -0.000000000 1.000000000
vn 0.000000000 0.000000000 -1.000000000
vn -0.000000000 0.000000000 1.000000000
vn 0.000000000 -0.000000000 -1.000000000
vn 0.000000000 0.000000000 1.000000000
vn 0.000000000 0.000000000 -1.000000000
vn -0.000000000 0.000000000 1.000000000
vn 0.000000000 0.000000000 -1.000000000
vn 0.000000000 0.000000000 1.000000000
vn 0.000000000 -0.000000000 -1.000000000
vn 0.000000000 -0.000000000 1.000000000
vn 0.000000000 0.000000000 -1.000000000
vn -0.000000000 0.000000000 1.000000000
vn 0.000000000 0.000000000 -1.000000000
vn 0.000000000 0.000000000 1.000000000
vn 0.000000000 -0.000000000 -1.000000000
vn -0.000000000 0.000000000 1.000000000
vn 0.000000000 -0.000000000 -1.000000000
vn -0.000000000 0.000000000 1.000000000
vn -0.000000000 0.000000000 -1.000000000
vn 0.000000000 0.000000000 1.000000000
vn 0.000000000 0.000000000 -1.000000000
vn -0.000000000 0.000000000 1.000000000
vn 0.000000000 -0.000000000 -1.000000000
vn -0.000000000 0.000000000 1.000000000
vn -0.000000000 0.000000000 -1.000000000
vn 0.000000000 0.000000000 1.000000000
vn -0.000000000 -0.000000000 -1.000000000
vn -0.000000000 0.000000000 1.000000000
vn 0.000000000 -0.000000000 -1.000000000
vn -0.000000000 0.000000000 1.000000000
vn 0.000000000 -0.000000000 -1.000000000
vn 0.000000000 0.000000000 1.000000000
vn -0.000000000 -0.000000000 -1.000000000
vn 0.000000000 0.000000000 1.000000000
vn 0.000000000 0.000000000 -1.000000000
vn 0.000000000 0.000000000 1.000000000
vn 0.000000000 0.000000000 -1.000000000
vn 0.000000000 0.000000000 1.000000000
vn 0.000000000 -0.000000000 -1.000000000
vn 0.000000000 0.000000000 1.000000000
vn 0.000000000 0.000000000 -1.000000000
vn 0.000000000 0.000000000 1.000000000
vn -0.000000000 0.000000000 -1.000000000
vn 0.000000000 -0.000000000 1.000000000
vn 0.000000000 0.000000000 -1.000000000
vn 0.000000000 0.000000000 1.000000000
vn 0.000000000 -0.000000000 -1.000000000
vn -0.000000000 0.000000000 1.000000000
vn 0.000000000 0.000000000 -1.000000000
vn -0.000000000 0.000000000 1.000000000
vn 0.000000000 0.000000000 -1.000000000
vn 0.000000000 -0.000000000 1.000000000
vn 0.000000000 0.000000000 -1.000000000
vn 0.000000000 0.000000000 1.000000000
vn 0.000000000 -0.000000000 -1.000000000
vn 0.000000000 0.000000000 1.000000000
vn 0.000000000 0.000000000 -1.000000000
vn 0.000000000 0.000000000 1.000000000
vn 0.000000000 0.000000000 -1.000000000
vn 0.000000000 -0.000000000 1.000000000
vn 0.000000000 0.000000000 -1.000000000
vn 0.000000000 -0.000000000 1.000000000
vn 0.000000000 0.000000000 -1.000000000
vn 0.000000000 -0.000000000 1.000000000
vn 0.000000000 0.000000000 -1.000000000
vn -0.000000000 -0.000000000 1.000000000
vn 0.000000000 0.000000000 -1.000000000
vn -0.000000000 -0.000000000 1.000000000
vn 0.000000000 0.000000000 -1.000000000
vn 0.000000000 0.000000000 1.000000000
vn 0.000000000 -0.000000000 -1.000000000
vn 0.000000000 0.000000000 1.000000000
vn 0.000000000 0.000000000 -1.000000000
vn 0.000000000 0.000000000 1.000000000
vn 0.000000000 0.000000000 -1.000000000
vn 0.000000000 -0.000000000 1.000000000
vn 0.000000000 0.000000000 -1.000000000
vn 0.000000000 0.000000000 1.000000000
vn 0.000000000 0.000000000 -1.000000000
vn 0.000000000 0.000000000 1.000000000
vn 0.000000000 0.000000000 -1.000000000
vn 0.000000000 0.000000000 1.000000000
vn 0.000000000 0.000000000 -1.000000000
vn -0.000000000 0.000000000 1.000000000
vn 0.000000000 -0.000000000 -1.000000000
vn 0.000000000 0.000000000 1.000000000
vn 0.000000000 0.000000000 -1.000000000
vn 0.000000000 0.000000000 1.000000000
vn 0.000000000 0.000000000 -1.000000000
vn 0.000000000 0.000000000 1.000000000
vn 0.000000000 0.000000000 -1.000000000
vn 0.000000000 0.000000000 1.000000000
vn 0.000000000 0.000000000 -1.000000000
vn 0.000000000 -0.000000000 1.000000000
vn 0.000000000 0.000000000 -1.000000000
vn 0.000000000 0.000000000 1.000000000
vn 0.000000000 -0.000000000 -1.000000000
vn 0.000000000 -0.000000000 1.000000000
vn 0.000000000 0.000000000 -1.000000000
vn 0.000000000 0.000000000 1.000000000
vn 0.000000000 0.000000000 -1.000000000
vn 0.000000000 0.000000000 1.000000000
vn 0.000000000 0.000000000 -1.000000000
vn 0.000000000 0.000000000 1.000000000
vn -0.000000000 0.000000000 -1.000000000
vn 0.000000000 0.000000000 1.000000000
vn 0.000000000 0.000000000 -1.000000000
vn 0.000000000 0.000000000 1.000000000
vn -0.000000000 0.000000000 -1.000000000
vn 0.000000000 0.000000000 1.000000000
vn -0.000000000 0.000000000 -1.000000000
vn 0.000000000 0.000000000 1.000000000
vn -0.000000000 0.000000000 -1.000000000
vn 0.000000000 -0.000000000 1.000000000
vn 0.000000000 0.000000000 -1.000000000
vn 0.000000000 -0.000000000 1.000000000
vn 0.000000000 0.000000000 -1.000000000
vn 0.000000000 0.000000000 1.000000000
vn 0.000000000 0.000000000 -1.000000000
vn 0.000000000 0.000000000 1.000000000
vn 0.000000000 0.000000000 -1.000000000
vn 0.000000000 0.000000000 1.000000000
vn 0.000000000 0.000000000 -1.000000000
vn 0.000000000 -0.000000000 1.000000000
vn 0.000000000 0.000000000 -1.000000000
vn 0.000000000 0.000000000 1.000000000
vn 0.000000000 0.000000000 -1.000000000
vn 0.000000000 0.000000000 1.000000000
vn 0.000000000 0.000000000 -1.000000000
vn 0.000000000 0.000000000 1.000000000
vn 0.000000000 0.000000000 -1.000000000
vn 0.000000000 0.000000000 1.000000000
vn 0.000000000 0.000000000 -1.000000000
vn -0.000000000 0.000000000 1.000000000
vn 0.000000000 0.000000000 -1.000000000
vn -0.000000000 0.000000000 1.000000000
vn -0.000000000 0.000000000 -1.000000000
vn -0.000000000 0.000000000 1.000000000
vn 0.000000000 0.000000000 -1.000000000
vn -0.000000000 0.000000000 1.000000000
vn -0.000000000 -0.000000000 -1.000000000
vn 0.000000000 0.000000000 1.000000000
vn 0.000000000 -0.000000000 -1.000000000
vn 0.000000000 0.000000000 1.000000000
vn -0.000000000 0.000000000 -1.000000000
vn 0.000000000 0.000000000 1.000000000
vn 0.000000000 0.000000000 -1.000000000
vn 0.000000000 0.000000000 1.000000000
vn -0.000000000 -0.000000000 -1.000000000
vn 0.000000000 0.000000000 1.000000000
vn 0.000000000 0.000000000 -1.000000000
vn 0.000000000 0.000000000 1.000000000
vn 0.000000000 0.000000000 -1.000000000
vn 0.000000000 0.000000000 1.000000000
vn -0.000000000 -0.000000000 -1.000000000
vn 0.000000000 -0.000000000 1.000000000
vn 0.000000000 0.000000000 -1.000000000
vn 0.000000000 0.000000000 1.000000000
vn 0.000000000 -0.000000000 -1.000000000
vn 0.000000000 0.000000000 1.000000000
vn -0.000000000 0.000000000 -1.000000000
vn 0.000000000 0.000000000 1.000000000
vn -0.000000000 -0.000000000 -1.000000000
vn 0.000000000 0.000000000 1.000000000
vn 0.000000000 -0.000000000 -1.000000000
vn 0.000000000 -0.000000000 1.000000000
vn 0.000000000 0.000000000 -1.000000000
vn 0.000000000 -0.000000000 1.000000000
vn 0.000000000 0.000000000 -1.000000000
vn 0.000000000 -0.000000000 1.000000000
vn 0.000000000 0.000000000 -1.000000000
vn 0.000000000 -0.000000000 1.000000000
vn 0.000000000 0.000000000 -1.000000000
vn -0.000000000 -0.000000000 1.000000000
vn 0.000000000 0.000000000 -1.000000000
vn 0.000000000 0.000000000 1.000000000
vn 0.000000000 -0.000000000 -1.000000000
vn 0.000000000 0.000000000 1.000000000
vn 0.000000000 -0.000000000 -1.000000000
vn 0.000000000 -0.000000000 1.000000000
vn 0.000000000 0.000000000 -1.000000000
vn 0.000000000 0.000000000 1.000000000
vn 0.000000000 0.000000000 -1.000000000
vn 0.000000000 0.000000000 1.000000000
vn -0.000000000 0.000000000 -1.000000000
vn -0.000000000 -0.000000000 1.000000000
vn 0.000000000 0.000000000 -1.000000000
vn 0.000000000 -0.000000000 1.000000000
vn 0.000000000 0.000000000 -1.000000000
vn 0.000000000 -0.000000000 1.000000000
vn 0.000000000 0.000000000 -1.000000000
vn 0.000000000 0.000000000 1.000000000
vn 0.000000000 -0.000000000 -1.000000000
vn 0.000000000 0.000000000 1.000000000
vn 0.000000000 0.000000000 -1.000000000
vn 0.000000000 0.000000000 1.000000000
vn 0.000000000 0.000000000 -1.000000000
vn 0.000000000 0.000000000 1.000000000
vn 0.000000000 0.000000000 -1.000000000
vn 0.000000000 0.000000000 1.000000000
vn 0.000000000 0.000000000 -1.000000000
vn 0.000000000 -0.000000000 1.000000000
vn 0.000000000 0.000000000 -1.000000000
vn 0.000000000 0.000000000 1.000000000
vn 0.000000000 0.000000000 -1.000000000
vn 0.000000000 -0.000000000 1.000000000
vn 0.000000000 0.000000000 -1.000000000
vn 0.000000000 -0.000000000 1.000000000
vn 0.000000000 0.000000000 -1.000000000
vn 0.000000000 0.000000000 1.000000000
vn 0.000000000 0.000000000 -1.000000000
vn 0.000000000 -0.000000000 1.000000000
vn 0.000000000 0.000000000 -1.000000000
vn 0.000000000 0.000000000 1.000000000
vn 0.000000000 0.000000000 -1.000000000
vn 0.000000000 -0.000000000 1.000000000
vn 0.000000000 0.000000000 -1.000000000
vn 0.000000000 0.000000000 1.000000000
vn 0.000000000 0.000000000 -1.000000000
vn 0.000000000 0.000000000 1.000000000
vn 0.000000000 0.000000000 -1.000000000
vn 0.000000000 0.000000000 1.000000000
vn 0.000000000 -0.000000000 -1.000000000
vn 0.000000000 0.000000000 1.000000000
vn -0.000000000 0.000000000 -1.000000000
vn 0.000000000 0.000000000 1.000000000
vn 0.000000000 0.000000000 -1.000000000
vn 0.000000000 -0.000000000 1.000000000
vn 0.000000000 0.000000000 -1.000000000
vn 0.000000000 0.000000000 1.000000000
vn 0.000000000 0.000000000 -1.000000000
vn 0.000000000 0.000000000 1.000000000
vn 0.000000000 0.000000000 -1.000000000
vn 0.000000000 0.000000000 1.000000000
vn 0.000000000 0.000000000 -1.000000000
vn 0.000000000 0.000000000 1.000000000
vn 0.000000000 0.000000000 -1.000000000
vn 0.000000000 0.000000000 1.000000000
vn -0.000000000 0.000000000 -1.000000000
vn -0.000000000 0.000000000 1.000000000
vn 0.000000000 0.000000000 -1.000000000
vn 0.000000000 0.000000000 1.000000000
vn -0.000000000 0.000000000 -1.000000000
vn 0.000000000 0.000000000 1.000000000
vn 0.000000000 0.000000000 -1.000000000
vn 0.000000000 -0.000000000 1.000000000
vn 0.000000000 0.000000000 -1.000000000
vn 0.000000000 0.000000000 1.000000000
vn 0.000000000 0.000000000 -1.000000000
vn 0.000000000 0.000000000 1.000000000
vn 0.000000000 0.000000000 -1.000000000
vn 0.000000000 0.000000000 1.000000000
vn 0.000000000 0.000000000 -1.000000000
vn -0.000000000 0.000000000 1.000000000
vn 0.000000000 0.000000000 -1.000000000
vn 0.000000000 0.000000000 1.000000000
vn 0.000000000 0.000000000 -1.000000000
vn 0.000000000 -0.000000000 1.000000000
vn 0.000000000 0.000000000 -1.000000000
vn 0.000000000 0.000000000 1.000000000
vn -0.000000000 -0.000000000 -1.000000000
vn 0.000000000 0.000000000 1.000000000
vn 0.000000000 0.000000000 -1.000000000
vn 0.000000000 -0.000000000 1.000000000
vn 0.000000000 0.000000000 -1.000000000
vn 0.000000000 0.000000000 1.000000000
vn 0.000000000 0.000000000 -1.000000000
vn 0.000000000 0.000000000 1.000000000
vn -0.000000000 0.000000000 -1.000000000
vn 0.000000000 0.000000000 1.000000000
vn -0.000000000 0.000000000 -1.000000000
vn 0.000000000 0.000000000 1.000000000
vn 0.000000000 0.000000000 -1.000000000
vn 0.000000000 -0.000000000 1.000000000
vn 0.000000000 0.000000000 -1.000000000
vn 0.000000000 0.000000000 1.000000000
vn 0.000000000 0.000000000 -1.000000000
vn 0.000000000 0.000000000 1.000000000
vn 0.000000000 0.000000000 -1.000000000
vn 0.000000000 -0.000000000 1.000000000
vn 0.000000000 0.000000000 -1.000000000
vn 0.000000000 -0.000000000 1.000000000
vn 0.000000000 0.000000000 -1.000000000
vn 0.000000000 0.000000000 1.000000000
vn 0.000000000 -0.000000000 -1.000000000
vn 0.000000000 0.000000000 1.000000000
vn 0.000000000 0.000000000 -1.000000000
vn 0.000000000 0.000000000 1.000000000
vn 0.000000000 0.000000000 -1.000000000
vn 0.000000000 0.000000000 1.000000000
vn 0.000000000 0.000000000 -1.000000000
vn 0.000000000 0.000000000 1.000000000
vn 0.000000000 -0.000000000 -1.000000000
vn -0.000000000 0.000000000 1.000000000
vn 0.000000000 0.000000000 -1.000000000
vn 0.000000000 0.000000000 1.000000000
vn 0.000000000 0.000000000 -1.000000000
vn 0.000000000 0.000000000 1.000000000
vn 0.000000000 0.000000000 -1.000000000
vn 0.000000000 -0.000000000 1.000000000
vn 0.000000000 0.000000000 -1.000000000
vn -0.000000000 -0.000000000 1.000000000
vn 0.000000000 0.000000000 -1.000000000
vn 0.000000000 0.000000000 1.000000000
vn 0.000000000 0.000000000 -1.000000000
vn 0.000000000 0.000000000 1.000000000
vn 0.000000000 0.000000000 -1.000000000
vn 0.000000000 0.000000000 1.000000000
vn 0.000000000 0.000000000 -1.000000000
vn 0.000000000 0.000000000 1.000000000
vn 0.000000000 -0.000000000 -1.000000000
vn 0.000000000 -0.000000000 1.000000000
vn 0.000000000 0.000000000 -1.000000000
vn 0.000000000 0.000000000 1.000000000
vn 0.000000000 0.000000000 -1.000000000
vn 0.000000000 -0.000000000 1.000000000
vn 0.000000000 0.000000000 -1.000000000
vn 0.000000000 0.000000000 1.000000000
vn 0.000000000 0.000000000 -1.000000000
vn -0.000000000 0.000000000 1.000000000
vn 0.000000000 0.000000000 -1.000000000
vn 0.000000000 0.000000000 1.000000000
vn -0.000000000 0.000000000 -1.000000000
vn -0.000000000 -0.000000000 1.000000000
vn 0.000000000 0.000000000 -1.000000000
vn 0.000000000 0.000000000 1.000000000
vn 0.000000000 0.000000000 -1.000000000
vn 0.000000000 0.000000000 1.000000000
vn 0.000000000 -0.000000000 -1.000000000
vn 0.000000000 -0.000000000 1.000000000
vn 0.000000000 0.000000000 -1.000000000
vn 0.000000000 0.000000000 1.000000000
vn 0.000000000 0.000000000 -1.000000000
vn 0.000000000 0.000000000 1.000000000
vn 0.000000000 0.000000000 -1.000000000
vn 0.000000000 0.000000000 1.000000000
vn -0.000000000 0.000000000 -1.000000000
vn -0.000000000 0.000000000 1.000000000
vn 0.000000000 0.000000000 -1.000000000
vn 0.000000000 -0.000000000 1.000000000
vn 0.000000000 0.000000000 -1.000000000
vn 0.000000000 -0.000000000 1.000000000
vn 0.000000000 0.000000000 -1.000000000
vn 0.000000000 -0.000000000 1.000000000
vn 0.000000000 0.000000000 -1.000000000
vn 0.000000000 -0.000000000 1.000000000
vn 0.000000000 0.000000000 -1.000000000
vn -0.000000000 0.000000000 1.000000000
vn 0.000000000 0.000000000 -1.000000000
vn 0.000000000 0.000000000 1.000000000
vn -0.000000000 0.000000000 -1.000000000
vn 0.000000000 0.000000000 1.000000000
vn 0.000000000 0.000000000 -1.000000000
vn -0.000000000 -0.000000000 1.000000000
vn 0.000000000 0.000000000 -1.000000000
vn -0.000000000 -0.000000000 1.000000000
vn 0.000000000 0.000000000 -1.000000000
vn 0.000000000 -0.000000000 1.000000000
vn 0.000000000 0.000000000 -1.000000000
vn 0.000000000 0.000000000 1.000000000
vn 0.000000000 0.000000000 -1.000000000
vn 0.000000000 0.000000000 1.000000000
vn 0.000000000 0.000000000 -1.000000000
vn 0.000000000 0.000000000 1.000000000
vn -0.000000000 0.000000000 -1.000000000
vn 0.000000000 0.000000000 1.000000000
vn 0.000000000 0.000000000 -1.000000000
vn 0.000000000 0.000000000 1.000000000
vn 0.000000000 0.000000000 -1.000000000
vn 0.000000000 0.000000000 1.000000000
vn 0.000000000 0.000000000 -1.000000000
vn 0.000000000 -0.000000000 1.000000000
vn 0.000000000 0.000000000 -1.000000000
vn 0.000000000 0.000000000 1.000000000
vn 0.000000000 0.000000000 -1.000000000
vn -0.000000000 0.000000000 1.000000000
vn 0.000000000 0.000000000 -1.000000000
vn 0.000000000 0.000000000 1.000000000
vn -0.000000000 0.000000000 -1.000000000
vn 0.000000000 0.000000000 1.000000000
vn -0.000000000 0.000000000 -1.000000000
vn 0.000000000 -0.000000000 1.000000000
vn 0.000000000 0.000000000 -1.000000000
vn 0.000000000 0.000000000 1.000000000
vn 0.000000000 0.000000000 -1.000000000
vn 0.000000000 0.000000000 1.000000000
vn 0.000000000 0.000000000 -1.000000000
vn 0.000000000 0.000000000 1.000000000
vn 0.000000000 0.000000000 -1.000000000
vn 0.000000000 -0.000000000 1.000000000
vn 0.000000000 0.000000000 -1.000000000
vn 0.000000000 0.000000000 1.000000000
vn -0.000000000 0.000000000 -1.000000000
vn -0.000000000 0.000000000 1.000000000
vn -0.000000000 0.000000000 -1.000000000
vn -0.000000000 0.000000000 1.000000000
vn 0.000000000 -0.000000000 -1.000000000
vn 0.000000000 0.000000000 1.000000000
vn -0.000000000 0.000000000 -1.000000000
vn 0.000000000 0.000000000 1.000000000
vn 0.000000000 0.000000000 -1.000000000
vn 0.000000000 0.000000000 1.000000000
vn 0.000000000 -0.000000000 -1.000000000
vn -0.000000000 0.000000000 1.000000000
vn -0.000000000 0.000000000 -1.000000000
vn -0.000000000 0.000000000 1.000000000
vn 0.000000000 -0.000000000 -1.000000000
vn 0.000000000 0.000000000 1.000000000
vn -0.000000000 0.000000000 -1.000000000
vn 0.000000000 0.000000000 1.000000000
vn -0.000000000 0.000000000 -1.000000000
vn -0.000000000 0.000000000 1.000000000
vn 0.000000000 -0.000000000 -1.000000000
vn 0.000000000 0.000000000 1.000000000
vn 0.000000000 0.000000000 -1.000000000
vn 0.000000000 0.000000000 1.000000000
vn -0.000000000 0.000000000 -1.000000000
vn -0.000000000 0.000000000 1.000000000
vn 0.000000000 -0.000000000 -1.000000000
vn 0.000000000 0.000000000 1.000000000
vn -0.000000000 0.000000000 -1.000000000
vn 0.000000000 0.000000000 1.000000000
vn 0.000000000 -0.000000000 -1.000000000
vn 0.000000000 -0.000000000 1.000000000
vn 0.000000000 0.000000000 -1.000000000
vn 0.000000000 0.000000000 1.000000000
vn 0.000000000 0.000000000 -1.000000000
vn 0.000000000 0.000000000 1.000000000
vn 0.000000000 0.000000000 -1.000000000
vn 0.000000000 -0.000000000 1.000000000
vn 0.000000000 0.000000000 -1.000000000
vn 0.000000000 -0.000000000 1.000000000
vn 0.000000000 0.000000000 -1.000000000
vn 0.000000000 0.000000000 1.000000000
vn 0.000000000 -0.000000000 -1.000000000
vn 0.000000000 0.000000000 1.000000000
vn 0.000000000 0.000000000 -1.000000000
vn 0.000000000 0.000000000 1.000000000
vn -0.000000000 0.000000000 -1.000000000
vn 0.000000000 0.000000000 1.000000000
vn 0.000000000 0.000000000 -1.000000000
vn 0.000000000 0.000000000 1.000000000
vn 0.000000000 -0.000000000 -1.000000000
vn 0.000000000 -0.000000000 1.000000000
vn 0.000000000 0.000000000 -1.000000000
vn -0.000000000 -0.000000000 1.000000000
vn 0.000000000 0.000000000 -1.000000000
vn -0.000000000 -0.000000000 1.000000000
vn 0.000000000 0.000000000 -1.000000000
vn 0.000000000 -0.000000000 1.000000000
vn 0.000000000 0.000000000 -1.000000000
vn 0.000000000 -0.000000000 1.000000000
vn 0.000000000 0.000000000 -1.000000000
vn 0.000000000 0.000000000 1.000000000
vn 0.000000000 0.000000000 -1.000000000
vn 0.000000000 -0.000000000 1.000000000
vn 0.000000000 0.000000000 -1.000000000
vn 0.000000000 0.000000000 1.000000000
vn 0.000000000 0.000000000 -1.000000000
vn 0.000000000 0.000000000 1.000000000
vn 0.000000000 0.000000000 -1.000000000
vn 0.000000000 0.000000000 1.000000000
vn 0.000000000 0.000000000 -1.000000000
vn 0.000000000 -0.000000000 1.000000000
vn 0.000000000 0.000000000 -1.000000000
vn 0.000000000 0.000000000 1.000000000
vn 0.000000000 0.000000000 -1.000000000
vn 0.000000000 0.000000000 1.000000000
vn 0.000000000 0.000000000 -1.000000000
vn 0.000000000 0.000000000 1.000000000
vn 0.000000000 0.000000000 -1.000000000
vn 0.000000000 0.000000000 1.000000000
vn 0.000000000 0.000000000 -1.000000000
vn 0.000000000 -0.000000000 1.000000000
vn 0.000000000 0.000000000 -1.000000000
vn 0.000000000 0.000000000 1.000000000
vn 0.000000000 0.000000000 -1.000000000
vn 0.000000000 0.000000000 1.000000000
vn 0.000000000 0.000000000 -1.000000000
vn 0.000000000 -0.000000000 1.000000000
vn 0.000000000 0.000000000 -1.000000000
vn 0.000000000 0.000000000 1.000000000
vn 0.000000000 0.000000000 -1.000000000
vn 0.000000000 0.000000000 1.000000000
vn 0.000000000 0.000000000 -1.000000000
vn 0.000000000 0.000000000 1.000000000
vn 0.000000000 0.000000000 -1.000000000
vn 0.000000000 0.000000000 1.000000000
vn 0.000000000 0.000000000 -1.000000000
vn 0.000000000 0.000000000 1.000000000
vn -0.000000000 -0.000000000 -1.000000000
vn 0.000000000 0.000000000 1.000000000
vn -0.000000000 -0.000000000 -1.000000000
vn 0.000000000 0.000000000 1.000000000
vn -0.000000000 0.000000000 -1.000000000
vn 0.000000000 0.000000000 1.000000000
vn 0.000000000 0.000000000 -1.000000000
vn 0.000000000 0.000000000 1.000000000
vn 0.000000000 -0.000000000 -1.000000000
vn -0.000000000 0.000000000 1.000000000
vn 0.000000000 0.000000000 -1.000000000
vn 0.000000000 0.000000000 1.000000000
vn -0.000000000 0.000000000 -1.000000000
vn 0.000000000 0.000000000 1.000000000
vn -0.000000000 0.000000000 -1.000000000
vn 0.000000000 0.000000000 1.000000000
vn 0.000000000 -0.000000000 -1.000000000
vn 0.000000000 -0.000000000 1.000000000
vn 0.000000000 0.000000000 -1.000000000
vn 0.000000000 0.000000000 1.000000000
vn 0.000000000 0.000000000 -1.000000000
vn 0.000000000 -0.000000000 1.000000000
vn 0.000000000 0.000000000 -1.000000000
vn 0.000000000 0.000000000 1.000000000
vn 0.000000000 -0.000000000 -1.000000000
vn 0.000000000 0.000000000 1.000000000
vn 0.000000000 0.000000000 -1.000000000
vn 0.000000000 0.000000000 1.000000000
vn 0.000000000 0.000000000 -1.000000000
vn 0.000000000 -0.000000000 1.000000000
vn 0.000000000 0.000000000 -1.000000000
vn 0.000000000 -0.000000000 1.000000000
vn 0.000000000 0.000000000 -1.000000000
vn -0.000000000 -0.000000000 1.000000000
vn 0.000000000 0.000000000 -1.000000000
vn 0.000000000 0.000000000 1.000000000
vn 0.000000000 0.000000000 -1.000000000
vn 0.000000000 0.000000000 1.000000000
vn 0.000000000 0.000000000 -1.000000000
vn 0.000000000 0.000000000 1.000000000
vn 0.000000000 0.000000000 -1.000000000
vn 0.000000000 0.000000000 1.000000000
vn 0.000000000 0.000000000 -1.000000000
vn 0.000000000 0.000000000 1.000000000
vn 0.000000000 0.000000000 -1.000000000
vn 0.000000000 0.000000000 1.000000000
vn 0.000000000 0.000000000 -1.000000000
vn 0.000000000 0.000000000 1.000000000
vn 0.000000000 -0.000000000 -1.000000000
vn 0.000000000 0.000000000 1.000000000
vn 0.000000000 0.000000000 -1.000000000
vn 0.000000000 -0.000000000 1.000000000
vn 0.000000000 0.000000000 -1.000000000
vn 0.000000000 0.000000000 1.000000000
vn 0.000000000 0.000000000 -1.000000000
vn 0.000000000 0.000000000 1.000000000
vn 0.000000000 0.000000000 -1.000000000
vn 0.000000000 0.000000000 1.000000000
vn 0.000000000 0.000000000 -1.000000000
vn -0.000000000 0.000000000 1.000000000
vn -0.000000000 -0.000000000 -1.000000000
vn -0.000000000 0.000000000 1.000000000
vn 0.000000000 -0.000000000 -1.000000000
vn 0.000000000 0.000000000 1.000000000
vn 0.000000000 -0.000000000 -1.000000000
vn 0.000000000 0.000000000 1.000000000
vn -0.000000000 0.000000000 -1.000000000
vn 0.000000000 0.000000000 1.000000000
vn 0.000000000 0.000000000 -1.000000000
vn 0.000000000 0.000000000 1.000000000
vn -0.000000000 0.000000000 -1.000000000
vn 0.000000000 0.000000000 1.000000000
vn 0.000000000 0.000000000 -1.000000000
vn 0.000000000 0.000000000 1.000000000
vn -0.000000000 0.000000000 -1.000000000
vn -0.000000000 0.000000000 1.000000000
vn 0.000000000 0.000000000 -1.000000000
vn 0.000000000 0.000000000 1.000000000
vn 0.000000000 -0.000000000 -1.000000000
vn 0.000000000 0.000000000 1.000000000
vn 0.000000000 0.000000000 -1.000000000
vn 0.000000000 0.000000000 1.000000000
vn 0.000000000 0.000000000 -1.000000000
vn 0.000000000 0.000000000 1.000000000
vn 0.000000000 0.000000000 -1.000000000
vn 0.000000000 -0.000000000 1.000000000
vn 0.000000000 0.000000000 -1.000000000
vn 0.000000000 0.000000000 1.000000000
vn 0.000000000 0.000000000 -1.000000000
vn 0.000000000 0.000000000 1.000000000
vn 0.000000000 0.000000000 -1.000000000
vn 0.000000000 0.000000000 1.000000000
vn 0.000000000 0.000000000 -1.000000000
vn 0.000000000 0.000000000 1.000000000
vn 0.000000000 0.000000000 -1.000000000
vn 0.000000000 0.000000000 1.000000000
vn 0.000000000 0.000000000 -1.000000000
vn 0.000000000 0.000000000 1.000000000
vn 0.000000000 0.000000000 -1.000000000
vn 0.000000000 0.000000000 1.000000000
vn 0.000000000 0.000000000 -1.000000000
vn 0.000000000 0.000000000 1.000000000
vn -0.000000000 0.000000000 -1.000000000
vn 0.000000000 0.000000000 1.000000000
vn 0.000000000 0.000000000 -1.000000000
vn 0.000000000 -0.000000000 1.000000000
vn 0.000000000 0.000000000 -1.000000000
vn 0.000000000 0.000000000 1.000000000
vn -0.000000000 0.000000000 -1.000000000
vn 0.000000000 0.000000000 1.000000000
vn 0.000000000 0.000000000 -1.000000000
vn -0.000000000 0.000000000 1.000000000
vn 0.000000000 0.000000000 -1.000000000
vn 0.000000000 -0.000000000 1.000000000
vn 0.000000000 0.000000000 -1.000000000
vn 0.000000000 -0.000000000 1.000000000
vn 0.000000000 0.000000000 -1.000000000
vn 0.000000000 0.000000000 1.000000000
vn 0.000000000 0.000000000 -1.000000000
vn 0.000000000 -0.000000000 1.000000000
vn 0.000000000 0.000000000 -1.000000000
vn 0.000000000 -0.000000000 1.000000000
vn 0.000000000 0.000000000 -1.000000000
vn 0.000000000 0.000000000 1.000000000
vn 0.000000000 -0.000000000 -1.000000000
vn -0.000000000 0.000000000 1.000000000
vn 0.000000000 0.000000000 -1.000000000
vn 0.000000000 0.000000000 1.000000000
vn -0.000000000 0.000000000 -1.000000000
vn 0.000000000 0.000000000 1.000000000
vn 0.000000000 0.000000000 -1.000000000
vn 0.000000000 -0.000000000 1.000000000
vn 0.000000000 0.000000000 -1.000000000
vn 0.000000000 0.000000000 1.000000000
vn 0.000000000 0.000000000 -1.000000000
vn 0.000000000 0.000000000 1.000000000
vn -0.000000000 0.000000000 -1.000000000
vn 0.000000000 0.000000000 1.000000000
vn 0.000000000 0.000000000 -1.000000000
vn -0.000000000 0.000000000 1.000000000
vn 0.000000000 0.000000000 -1.000000000
vn 0.000000000 0.000000000 1.000000000
vn -0.000000000 0.000000000 -1.000000000
vn 0.000000000 0.000000000 1.000000000
vn 0.000000000 0.000000000 -1.000000000
vn -0.000000000 0.000000000 1.000000000
vn 0.000000000 0.000000000 -1.000000000
vn -0.000000000 -0.000000000 1.000000000
vn 0.000000000 0.000000000 -1.000000000
vn -0.000000000 0.000000000 1.000000000
vn 0.000000000 -0.000000000 -1.000000000
vn 0.000000000 0.000000000 1.000000000
vn -0.000000000 0.000000000 -1.000000000
vn 0.000000000 0.000000000 1.000000000
vn -0.000000000 -0.000000000 -1.000000000
vn 0.000000000 0.000000000 1.000000000
vn 0.000000000 0.000000000 -1.000000000
vn 0.000000000 0.000000000 1.000000000
vn -0.000000000 -0.000000000 -1.000000000
vn 0.000000000 0.000000000 1.000000000
vn 0.000000000 0.000000000 -1.000000000
vn 0.000000000 0.000000000 1.000000000
vn -0.000000000 0.000000000 -1.000000000
vn 0.000000000 0.000000000 1.000000000
vn 0.000000000 0.000000000 -1.000000000
vn 0.000000000 -0.000000000 1.000000000
vn 0.000000000 0.000000000 -1.000000000
vn 0.000000000 -0.000000000 1.000000000
vn 0.000000000 0.000000000 -1.000000000
vn 0.000000000 0.000000000 1.000000000
vn 0.000000000 0.000000000 -1.000000000
vn 0.000000000 0.000000000 1.000000000
vn 0.000000000 0.000000000 -1.000000000
f 1//1 2//1 3//1 4//1
f 2//2 5//2 6//2 3//2
f 5//3 7//3 8//3 6//3
f 7//4 9//4 10//4 8//4
f 9//5 11//5 12//5 10//5
f 11//6 13//6 14//6 12//6
f 13//7 15//7 16//7 14//7
f 15//8 17//8 18//8 16//8
f 17//9 19//9 20//9 18//9
f 19//10 21//10 22//10 20//10
f 21//11 23//11 24//11 22//11
f 23//12 25//12 26//12 24//12
f 25//13 27//13 28//13 26//13
f 27//14 29//14 30//14 28//14
f 29//15 31//15 32//15 30//15
f 31//16 33//16 34//16 32//16
f 33//17 35//17 36//17 34//17
f 35//18 37//18 38//18 36//18
f 37//19 39//19 40//19 38//19
f 39//20 41//20 42//20 40//20
f 41//21 43//21 44//21 42//21
f 43//22 45//22 46//22 44//22
f 45//23 47//23 48//23 46//23
f 47//24 49//24 50//24 48//24
f 49//25 51//25 52//25 50//25
f 51//26 53//26 54//26 52//26
f 53//27 55//27 56//27 54//27
f 55//28 57//28 58//28 56//28
f 57//29 59//29 60//29 58//29
f 59//30 61//30 62//30 60//30
f 61//31 63//31 64//31 62//31
f 63//32 65//32 66//32 64//32
f 65//33 67//33 68//33 66//33
f 67//34 69//34 70//34 68//34
f 69//35 71//35 72//35 70//35
f 71//36 73//36 74//36 72//36
f 73//37 75//37 76//37 74//37
f 75//38 77//38 78//38 76//38
f 77//39 79//39 80//39 78//39
f 79//40 81//40 82//40 80//40
f 81//41 83//41 84//41 82//41
f 83//42 85//42 86//42 84//42
f 85//43 87//43 88//43 86//43
f 87//44 89//44 90//44 88//44
f 89//45 91//45 92//45 90//45
f 91//46 93//46 94//46 92//46
f 93//47 95//47 96//47 94//47
f 95//48 97//48 98//48 96//48
f 97//49 99//49 100//49 98//49
f 99//50 101//50 102//50 100//50
f 101//51 103//51 104//51 102//51
f 103//52 105//52 106//52 104//52
f 105//53 107//53 108//53 106//53
f 107//54 109//54 110//54 108//54
f 109//55 111//55 112//55 110//55
f 111//56 113//56 114//56 112//56
f 113//57 115//57 116//57 114//57
f 115//58 117//58 118//58 116//58
f 117//59 119//59 120//59 118//59
f 119//60 121//60 122//60 120//60
f 121//61 123//61 124//61 122//61
f 123//62 125//62 126//62 124//62
f 125//63 127//63 128//63 126//63
f 127//64 129//64 130//64 128//64
f 129//65 131//65 132//65 130//65
f 131//66 133//66 134//66 132//66
f 133//67 135//67 136//67 134//67
f 135//68 137//68 138//68 136//68
f 137//69 139//69 140//69 138//69
f 139//70 141//70 142//70 140//70
f 141//71 143//71 144//71 142//71
f 143//72 145//72 146//72 144//72
f 145//73 147//73 148//73 146//73
f 147//74 149//74 150//74 148//74
f 149//75 151//75 152//75 150//75
f 151//76 153//76 154//76 152//76
f 153//77 155//77 156//77 154//77
f 155//78 157//78 158//78 156//78
f 157//79 159//79 160//79 158//79
f 159//80 161//80 162//80 160//80
f 161//81 163//81 164//81 162//81
f 163//82 165//82 166//82 164//82
f 165//83 167//83 168//83 166//83
f 167//84 169//84 170//84 168//84
f 169//85 171//85 172//85 170//85
f 171//86 173//86 174//86 172//86
f 173//87 175//87 176//87 174//87
f 175//88 177//88 178//88 176//88
f 177//89 179//89 180//89 178//89
f 179//90 181//90 182//90 180//90
f 181//91 183//91 184//91 182//91
f 183//92 185//92 186//92 184//92
f 185//93 187//93 188//93 186//93
f 187//94 189//94 190//94 188//94
f 189//95 191//95 192//95 190//95
f 191//96 193//96 194//96 192//96
f 193//97 195//97 196//97 194//97
f 195//98 197//98 198//98 196//98
f 197//99 199//99 200//99 198//99
f 199//100 201//100 202//100 200//100
f 201//101 203//101 204//101 202//101
f 203//102 205//102 206//102 204//102
f 205//103 207//103 208//103 206//103
f 207//104 209//104 210//104 208//104
f 209//105 211//105 212//105 210//105
f 211//106 213//106 214//106 212//106
f 213//107 215//107 216//107 214//107
f 215//108 217//108 218//108 216//108
f 217//109 219//109 220//109 218//109
f 219//110 221//110 222//110 220//110
f 221//111 223//111 224//111 222//111
f 223//112 225//112 226//112 224//112
f 225//113 227//113 228//113 226//113
f 227//114 229//114 230//114 228//114
f 229//115 231//115 232//115 230//115
f 231//116 233//116 234//116 232//116
f 233//117 235//117 236//117 234//117
f 235//118 237//118 238//118 236//118
f 237//119 239//119 240//119 238//119
f 239//120 241//120 242//120 240//120
f 241//121 243//121 244//121 242//121
f 243//122 245//122 246//122 244//122
f 245//123 247//123 248//123 246//123
f 247//124 249//124 250//124 248//124
f 249//125 251//125 252//125 250//125
f 251//126 253//126 254//126 252//126
f 253//127 255//127 256//127 254//127
f 255//128 257//128 258//128 256//128
f 257//129 259//129 260//129 258//129
f 259//130 261//130 262//130 260//130
f 261//131 263//131 264//131 262//131
f 263//132 265//132 266//132 264//132
f 265//133 267//133 268//133 266//133
f 267//134 269//134 270//134 268//134
f 269//135 271//135 272//135 270//135
f 271//136 273//136 274//136 272//136
f 273//137 275//137 276//137 274//137
f 275//138 277//138 278//138 276//138
f 277//139 279//139 280//139 278//139
f 279//140 281//140 282//140 280//140
f 281//141 283//141 284//141 282//141
f 283//142 285//142 286//142 284//142
f 285//143 287//143 288//143 286//143
f 287//144 289//144 290//144 288//144
f 289//145 291//145 292//145 290//145
f 291//146 293//146 294//146 292//146
f 293//147 295//147 296//147 294//147
f 295//148 297//148 298//148 296//148
f 297//149 299//149 300//149 298//149
f 299//150 301//150 302//150 300//150
f 301//151 303//151 304//151 302//151
f 303//152 305//152 306//152 304//152
f 305//153 307//153 308//153 306//153
f 307//154 309//154 310//154 308//154
f 309//155 311//155 312//155 310//155
f 311//156 313//156 314//156 312//156
f 313//157 315//157 316//157 314//157
f 315//158 317//158 318//158 316//158
f 317//159 319//159 320//159 318//159
f 319//160 321//160 322//160 320//160
f 321//161 323//161 324//161 322//161
f 323//162 325//162 326//162 324//162
f 325//163 327//163 328//163 326//163
f 327//164 329//164 330//164 328//164
f 329//165 331//165 332//165 330//165
f 331//166 333//166 334//166 332//166
f 333//167 335//167 336//167 334//167
f 335//168 337//168 338//168 336//168
f 337//169 339//169 340//169 338//169
f 339//170 341//170 342//170 340//170
f 341//171 343//171 344//171 342//171
f 343//172 345//172 346//172 344//172
f 345//173 347//173 348//173 346//173
f 347//174 349//174 350//174 348//174
f 349//175 351//175 352//175 350//175
f 351//176 353//176 354//176 352//176
f 353//177 355//177 356//177 354//177
f 355//178 357//178 358//178 356//178
f 357//179 359//179 360//179 358//179
f 359//180 361//180 362//180 360//180
f 361//181 363//181 364//181 362//181
f 363//182 365//182 366//182 364//182
f 365//183 367//183 368//183 366//183
f 367//184 369//184 370//184 368//184
f 369//185 371//185 372//185 370//185
f 371//186 373//186 374//186 372//186
f 373//187 375//187 376//187 374//187
f 375//188 377//188 378//188 376//188
f 377//189 379//189 380//189 378//189
f 379//190 381//190 382//190 380//190
f 381//191 383//191 384//191 382//191
f 383//192 385//192 386//192 384//192
f 385//193 387//193 388//193 386//193
f 387//194 389//194 390//194 388//194
f 389//195 391//195 392//195 390//195
f 391//196 393//196 394//196 392//196
f 393//197 395//197 396//197 394//197
f 395//198 397//198 398//198 396//198
f 397//199 399//199 400//199 398//199
f 399//200 401//200 402//200 400//200
f 401//201 403//201 404//201 402//201
f 403//202 405//202 406//202 404//202
f 405//203 407//203 408//203 406//203
f 407//204 409//204 410//204 408//204
f 409//205 411//205 412//205 410//205
f 411//206 413//206 414//206 412//206
f 413//207 415//207 416//207 414//207
f 415//208 417//208 418//208 416//208
f 417//209 419//209 420//209 418//209
f 419//210 421//210 422//210 420//210
f 421//211 423//211 424//211 422//211
f 423//212 425//212 426//212 424//212
f 425//213 427//213 428//213 426//213
f 427//214 429//214 430//214 428//214
f 429//215 431//215 432//215 430//215
f 431//216 433//216 434//216 432//216
f 433//217 435//217 436//217 434//217
f 435//218 437//218 438//218 436//218
f 437//219 439//219 440//219 438//219
f 439//220 441//220 442//220 440//220
f 441//221 443//221 444//221 442//221
f 443//222 445//222 446//222 444//222
f 445//223 447//223 448//223 446//223
f 447//224 449//224 450//224 448//224
f 449//225 451//225 452//225 450//225
f 451//226 453//226 454//226 452//226
f 453//227 455//227 456//227 454//227
f 455//228 457//228 458//228 456//228
f 457//229 459//229 460//229 458//229
f 459//230 461//230 462//230 460//230
f 461//231 463//231 464//231 462//231
f 463//232 465//232 466//232 464//232
f 465//233 467//233 468//233 466//233
f 467//234 469//234 470//234 468//234
f 469//235 471//235 472//235 470//235
f 471//236 473//236 474//236 472//236
f 473//237 475//237 476//237 474//237
f 475//238 477//238 478//238 476//238
f 477//239 479//239 480//239 478//239
f 479//240 481//240 482//240 480//240
f 481//241 483//241 484//241 482//241
f 483//242 485//242 486//242 484//242
f 485//243 487//243 488//243 486//243
f 487//244 489//244 490//244 488//244
f 489//245 491//245 492//245 490//245
f 491//246 493//246 494//246 492//246
f 493//247 495//247 496//247 494//247
f 495//248 497//248 498//248 496//248
f 497//249 499//249 500//249 498//249
f 499//250 501//250 502//250 500//250
f 501//251 503//251 504//251 502//251
f 503//252 505//252 506//252 504//252
f 505//253 507//253 508//253 506//253
f 507//254 509//254 510//254 508//254
f 509//255 511//255 512//255 510//255
f 511//256 513//256 514//256 512//256
f 513//257 515//257 516//257 514//257
f 515//258 517//258 518//258 516//258
f 517//259 519//259 520//259 518//259
f 519//260 521//260 522//260 520//260
f 521//261 523//261 524//261 522//261
f 523//262 525//262 526//262 524//262
f 525//263 527//263 528//263 526//263
f 527//264 529//264 530//264 528//264
f 529//265 531//265 532//265 530//265
f 531//266 533//266 534//266 532//266
f 533//267 535//267 536//267 534//267
f 535//268 537//268 538//268 536//268
f 537//269 539//269 540//269 538//269
f 539//270 541//270 542//270 540//270
f 541//271 543//271 544//271 542//271
f 543//272 545//272 546//272 544//272
f 545//273 547//273 548//273 546//273
f 547//274 549//274 550//274 548//274
f 549//275 551//275 552//275 550//275
f 551//276 553//276 554//276 552//276
f 553//277 555//277 556//277 554//277
f 555//278 557//278 558//278 556//278
f 557//279 559//279 560//279 558//279
f 559//280 561//280 562//280 560//280
f 561//281 563//281 564//281 562//281
f 563//282 565//282 566//282 564//282
f 565//283 567//283 568//283 566//283
f 567//284 569//284 570//284 568//284
f 569//285 571//285 572//285 570//285
f 571//286 573//286 574//286 572//286
f 573//287 575//287 576//287 574//287
f 575//288 577//288 578//288 576//288
f 577//289 579//289 580//289 578//289
f 579//290 581//290 582//290 580//290
f 581//291 583//291 584//291 582//291
f 583//292 585//292 586//292 584//292
f 585//293 587//293 588//293 586//293
f 587//294 589//294 590//294 588//294
f 589//295 591//295 592//295 590//295
f 591//296 593//296 594//296 592//296
f 593//297 595//297 596//297 594//297
f 595//298 597//298 598//298 596//298
f 597//299 599//299 600//299 598//299
f 599//300 601//300 602//300 600//300
f 601//301 603//301 604//301 602//301
f 603//302 605//302 606//302 604//302
f 605//303 607//303 608//303 606//303
f 607//304 609//304 610//304 608//304
f 609//305 611//305 612//305 610//305
f 611//306 613//306 614//306 612//306
f 613//307 615//307 616//307 614//307
f 615//308 617//308 618//308 616//308
f 617//309 619//309 620//309 618//309
f 619//310 621//310 622//310 620//310
f 621//311 623//311 624//311 622//311
f 623//312 625//312 626//312 624//312
f 625//313 627//313 628//313 626//313
f 627//314 629//314 630//314 628//314
f 629//315 631//315 632//315 630//315
f 631//316 633//316 634//316 632//316
f 633//317 635//317 636//317 634//317
f 635//318 637//318 638//318 636//318
f 637//319 639//319 640//319 638//319
f 639//320 641//320 642//320 640//320
f 641//321 643//321 644//321 642//321
f 643//322 645//322 646//322 644//322
f 645//323 647//323 648//323 646//323
f 647//324 649//324 650//324 648//324
f 649//325 651//325 652//325 650//325
f 651//326 653//326 654//326 652//326
f 653//327 655//327 656//327 654//327
f 655//328 657//328 658//328 656//328
f 657//329 659//329 660//329 658//329
f 659//330 661//330 662//330 660//330
f 661//331 663//331 664//331 662//331
f 663//332 665//332 666//332 664//332
f 665//333 667//333 668//333 666//333
f 667//334 669//334 670//334 668//334
f 669//335 671//335 672//335 670//335
f 671//336 673//336 674//336 672//336
f 673//337 675//337 676//337 674//337
f 675//338 677//338 678//338 676//338
f 677//339 679//339 680//339 678//339
f 679//340 681//340 682//340 680//340
f 681//341 683//341 684//341 682//341
f 683//342 685//342 686//342 684//342
f 685//343 687//343 688//343 686//343
f 687//344 689//344 690//344 688//344
f 689//345 691//345 692//345 690//345
f 691//346 693//346 694//346 692//346
f 693//347 695//347 696//347 694//347
f 695//348 697//348 698//348 696//348
f 697//349 699//349 700//349 698//349
f 699//350 701//350 702//350 700//350
f 701//351 703//351 704//351 702//351
f 703//352 705//352 706//352 704//352
f 705//353 707//353 708//353 706//353
f 707//354 709//354 710//354 708//354
f 709//355 711//355 712//355 710//355
f 711//356 713//356 714//356 712//356
f 713//357 715//357 716//357 714//357
f 715//358 717//358 718//358 716//358
f 717//359 719//359 720//359 718//359
f 719//360 721//360 722//360 720//360
f 721//361 723//361 724//361 722//361
f 723//362 725//362 726//362 724//362
f 725//363 727//363 728//363 726//363
f 727//364 729//364 730//364 728//364
f 729//365 731//365 732//365 730//365
f 731//366 733//366 734//366 732//366
f 733//367 735//367 736//367 734//367
f 735//368 737//368 738//368 736//368
f 737//369 739//369 740//369 738//369
f 739//370 741//370 742//370 740//370
f 741//371 743//371 744//371 742//371
f 743//372 745//372 746//372 744//372
f 745//373 747//373 748//373 746//373
f 747//374 749//374 750//374 748//374
f 749//375 751//375 752//375 750//375
f 751//376 753//376 754//376 752//376
f 753//377 755//377 756//377 754//377
f 755//378 757//378 758//378 756//378
f 757//379 759//379 760//379 758//379
f 759//380 761//380 762//380 760//380
f 761//381 763//381 764//381 762//381
f 763//382 765//382 766//382 764//382
f 765//383 767//383 768//383 766//383
f 767//384 769//384 770//384 768//384
f 769//385 771//385 772//385 770//385
f 771//386 773//386 774//386 772//386
f 773//387 775//387 776//387 774//387
f 775//388 777//388 778//388 776//388
f 777//389 779//389 780//389 778//389
f 779//390 781//390 782//390 780//390
f 781//391 783//391 784//391 782//391
f 783//392 785//392 786//392 784//392
f 785//393 787//393 788//393 786//393
f 787//394 789//394 790//394 788//394
f 789//395 791//395 792//395 790//395
f 791//396 793//396 794//396 792//396
f 793//397 795//397 796//397 794//397
f 795//398 797//398 798//398 796//398
f 797//399 799//399 800//399 798//399
f 799//400 801//400 802//400 800//400
f 801//401 803//401 804//401 802//401
f 803//402 805//402 806//402 804//402
f 805//403 807//403 808//403 806//403
f 807//404 809//404 810//404 808//404
f 809//405 811//405 812//405 810//405
f 811//406 813//406 814//406 812//406
f 813//407 815//407 816//407 814//407
f 815//408 817//408 818//408 816//408
f 817//409 819//409 820//409 818//409
f 819//410 821//410 822//410 820//410
f 821//411 823//411 824//411 822//411
f 823//412 825//412 826//412 824//412
f 825//413 827//413 828//413 826//413
f 827//414 829//414 830//414 828//414
f 829//415 831//415 832//415 830//415
f 831//416 833//416 834//416 832//416
f 833//417 835//417 836//417 834//417
f 835//418 837//418 838//418 836//418
f 837//419 839//419 840//419 838//419
f 839//420 841//420 842//420 840//420
f 841//421 843//421 844//421 842//421
f 843//422 845//422 846//422 844//422
f 845//423 847//423 848//423 846//423
f 847//424 849//424 850//424 848//424
f 849//425 851//425 852//425 850//425
f 851//426 853//426 854//426 852//426
f 853//427 1//427 4//427 854//427
f 132//428 4//428 3//428
f 2//429 1//429 131//429
f 96//430 132//430 3//430
f 2//431 131//431 95//431
f 94//432 96//432 3//432
f 2//433 95//433 93//433
f 84//434 94//434 3//434
f 2//435 93//435 83//435
f 26//436 84//436 3//436
f 2//437 83//437 25//437
f 24//438 26//438 3//438
f 2//439 25//439 23//439
f 10//440 24//440 3//440
f 2//441 23//441 9//441
f 8//442 10//442 3//442
f 2//443 9//443 7//443
f 6//444 8//444 3//444
f 2//445 7//445 5//445
f 52//446 46//446 48//446
f 47//447 45//447 51//447
f 50//448 52//448 48//448
f 47//449 51//449 49//449
f 54//450 46//450 52//450
f 51//451 45//451 53//451
f 572//452 568//452 570//452
f 569//453 567//453 571//453
f 716//454 718//454 720//454
f 719//455 717//455 715//455
f 714//456 716//456 720//456
f 719//457 715//457 713//457
f 712//458 714//458 720//458
f 719//459 713//459 711//459
f 722//460 712//460 720//460
f 719//461 711//461 721//461
f 726//462 728//462 730//462
f 729//463 727//463 725//463
f 706//464 726//464 730//464
f 729//465 725//465 705//465
f 732//466 706//466 730//466
f 729//467 705//467 731//467
f 4//468 852//468 854//468
f 853//469 851//469 1//469
f 850//470 852//470 4//470
f 1//471 851//471 849//471
f 254//472 850//472 4//472
f 1//473 849//473 253//473
f 204//474 254//474 4//474
f 1//475 253//475 203//475
f 202//476 204//476 4//476
f 1//477 203//477 201//477
f 200//478 202//478 4//478
f 1//479 201//479 199//479
f 134//480 200//480 4//480
f 1//481 199//481 133//481
f 132//482 134//482 4//482
f 1//483 133//483 131//483
f 108//484 130//484 132//484
f 131//485 129//485 107//485
f 98//486 108//486 132//486
f 131//487 107//487 97//487
f 96//488 98//488 132//488
f 131//489 97//489 95//489
f 84//490 92//490 94//490
f 93//491 91//491 83//491
f 90//492 92//492 84//492
f 83//493 91//493 89//493
f 86//494 90//494 84//494
f 83//495 89//495 85//495
f 28//496 82//496 84//496
f 83//497 81//497 27//497
f 26//498 28//498 84//498
f 83//499 27//499 25//499
f 10//500 14//500 24//500
f 23//501 13//501 9//501
f 12//502 14//502 10//502
f 9//503 13//503 11//503
f 54//504 56//504 46//504
f 45//505 55//505 53//505
f 346//506 354//506 356//506
f 355//507 353//507 345//507
f 344//508 346//508 356//508
f 355//509 345//509 343//509
f 342//510 344//510 356//510
f 355//511 343//511 341//511
f 340//512 342//512 356//512
f 355//513 341//513 339//513
f 358//514 340//514 356//514
f 355//515 339//515 357//515
f 560//516 584//516 558//516
f 557//517 583//517 559//517
f 582//518 584//518 560//518
f 559//519 583//519 581//519
f 580//520 582//520 560//520
f 559//521 581//521 579//521
f 562//522 580//522 560//522
f 559//523 579//523 561//523
f 578//524 580//524 562//524
f 561//525 579//525 577//525
f 566//526 576//526 564//526
f 563//527 575//527 565//527
f 576//528 566//528 568//528
f 567//529 565//529 575//529
f 574//530 576//530 568//530
f 567//531 575//531 573//531
f 572//532 574//532 568//532
f 567//533 573//533 571//533
f 722//534 710//534 712//534
f 711//535 709//535 721//535
f 724//536 710//536 722//536
f 721//537 709//537 723//537
f 710//538 724//538 726//538
f 725//539 723//539 709//539
f 708//540 710//540 726//540
f 725//541 709//541 707//541
f 706//542 708//542 726//542
f 725//543 707//543 705//543
f 732//544 704//544 706//544
f 705//545 703//545 731//545
f 734//546 704//546 732//546
f 731//547 703//547 733//547
f 702//548 734//548 736//548
f 735//549 733//549 701//549
f 738//550 700//550 736//550
f 735//551 699//551 737//551
f 746//552 742//552 744//552
f 743//553 741//553 745//553
f 756//554 750//554 752//554
f 751//555 749//555 755//555
f 754//556 756//556 752//556
f 751//557 755//557 753//557
f 760//558 762//558 764//558
f 763//559 761//559 759//559
f 768//560 760//560 764//560
f 763//561 759//561 767//561
f 766//562 768//562 764//562
f 763//563 767//563 765//563
f 828//564 824//564 826//564
f 825//565 823//565 827//565
f 838//566 834//566 836//566
f 835//567 833//567 837//567
f 842//568 838//568 840//568
f 839//569 837//569 841//569
f 848//570 842//570 844//570
f 843//571 841//571 847//571
f 846//572 848//572 844//572
f 843//573 847//573 845//573
f 834//574 842//574 848//574
f 847//575 841//575 833//575
f 256//576 834//576 848//576
f 847//577 833//577 255//577
f 254//578 256//578 848//578
f 847//579 255//579 253//579
f 850//580 254//580 848//580
f 847//581 253//581 849//581
f 248//582 252//582 254//582
f 253//583 251//583 247//583
f 234//584 248//584 254//584
f 253//585 247//585 233//585
f 206//586 234//586 254//586
f 253//587 233//587 205//587
f 204//588 206//588 254//588
f 253//589 205//589 203//589
f 196//590 198//590 200//590
f 199//591 197//591 195//591
f 136//592 196//592 200//592
f 199//593 195//593 135//593
f 134//594 136//594 200//594
f 199//595 135//595 133//595
f 184//596 136//596 138//596
f 137//597 135//597 183//597
f 162//598 184//598 138//598
f 137//599 183//599 161//599
f 154//600 162//600 138//600
f 137//601 161//601 153//601
f 146//602 154//602 138//602
f 137//603 153//603 145//603
f 142//604 146//604 138//604
f 137//605 145//605 141//605
f 140//606 142//606 138//606
f 137//607 141//607 139//607
f 110//608 128//608 130//608
f 129//609 127//609 109//609
f 108//610 110//610 130//610
f 129//611 109//611 107//611
f 98//612 106//612 108//612
f 107//613 105//613 97//613
f 100//614 106//614 98//614
f 97//615 105//615 99//615
f 102//616 106//616 100//616
f 99//617 105//617 101//617
f 104//618 106//618 102//618
f 101//619 105//619 103//619
f 86//620 88//620 90//620
f 89//621 87//621 85//621
f 28//622 80//622 82//622
f 81//623 79//623 27//623
f 22//624 16//624 18//624
f 17//625 15//625 21//625
f 20//626 22//626 18//626
f 17//627 21//627 19//627
f 62//628 40//628 42//628
f 41//629 39//629 61//629
f 60//630 62//630 42//630
f 41//631 61//631 59//631
f 58//632 60//632 42//632
f 41//633 59//633 57//633
f 44//634 58//634 42//634
f 41//635 57//635 43//635
f 56//636 58//636 44//636
f 43//637 57//637 55//637
f 350//638 352//638 354//638
f 353//639 351//639 349//639
f 346//640 350//640 354//640
f 353//641 349//641 345//641
f 348//642 350//642 346//642
f 345//643 349//643 347//643
f 358//644 338//644 340//644
f 339//645 337//645 357//645
f 360//646 338//646 358//646
f 357//647 337//647 359//647
f 384//648 380//648 382//648
f 381//649 379//649 383//649
f 398//650 390//650 392//650
f 391//651 389//651 397//651
f 396//652 398//652 392//652
f 391//653 397//653 395//653
f 394//654 396//654 392//654
f 391//655 395//655 393//655
f 542//656 544//656 546//656
f 545//657 543//657 541//657
f 548//658 542//658 546//658
f 545//659 541//659 547//659
f 556//660 550//660 552//660
f 551//661 549//661 555//661
f 554//662 556//662 552//662
f 551//663 555//663 553//663
f 742//664 746//664 698//664
f 697//665 745//665 741//665
f 740//666 742//666 698//666
f 697//667 741//667 739//667
f 738//668 740//668 698//668
f 697//669 739//669 737//669
f 700//670 738//670 698//670
f 697//671 737//671 699//671
f 748//672 696//672 746//672
f 745//673 695//673 747//673
f 750//674 696//674 748//674
f 747//675 695//675 749//675
f 758//676 694//676 756//676
f 755//677 693//677 757//677
f 760//678 694//678 758//678
f 757//679 693//679 759//679
f 676//680 808//680 810//680
f 809//681 807//681 675//681
f 674//682 676//682 810//682
f 809//683 675//683 673//683
f 812//684 674//684 810//684
f 809//685 673//685 811//685
f 828//686 822//686 824//686
f 823//687 821//687 827//687
f 818//688 822//688 828//688
f 827//689 821//689 817//689
f 672//690 818//690 828//690
f 827//691 817//691 671//691
f 830//692 672//692 828//692
f 827//693 671//693 829//693
f 634//694 672//694 830//694
f 829//695 671//695 633//695
f 632//696 634//696 830//696
f 829//697 633//697 631//697
f 832//698 632//698 830//698
f 829//699 631//699 831//699
f 834//700 632//700 832//700
f 831//701 631//701 833//701
f 256//702 632//702 834//702
f 833//703 631//703 255//703
f 258//704 632//704 256//704
f 255//705 631//705 257//705
f 478//706 632//706 258//706
f 257//707 631//707 477//707
f 476//708 478//708 258//708
f 257//709 477//709 475//709
f 290//710 476//710 258//710
f 257//711 475//711 289//711
f 260//712 290//712 258//712
f 257//713 289//713 259//713
f 248//714 250//714 252//714
f 251//715 249//715 247//715
f 234//716 246//716 248//716
f 247//717 245//717 233//717
f 236//718 246//718 234//718
f 233//719 245//719 235//719
f 228//720 232//720 234//720
f 233//721 231//721 227//721
f 206//722 228//722 234//722
f 233//723 227//723 205//723
f 208//724 228//724 206//724
f 205//725 227//725 207//725
f 226//726 228//726 208//726
f 207//727 227//727 225//727
f 210//728 226//728 208//728
f 207//729 225//729 209//729
f 136//730 194//730 196//730
f 195//731 193//731 135//731
f 192//732 194//732 136//732
f 135//733 193//733 191//733
f 186//734 192//734 136//734
f 135//735 191//735 185//735
f 184//736 186//736 136//736
f 135//737 185//737 183//737
f 162//738 182//738 184//738
f 183//739 181//739 161//739
f 170//740 182//740 162//740
f 161//741 181//741 169//741
f 168//742 170//742 162//742
f 161//743 169//743 167//743
f 166//744 168//744 162//744
f 161//745 167//745 165//745
f 164//746 166//746 162//746
f 161//747 165//747 163//747
f 154//748 160//748 162//748
f 161//749 159//749 153//749
f 156//750 160//750 154//750
f 153//751 159//751 155//751
f 146//752 152//752 154//752
f 153//753 151//753 145//753
f 148//754 152//754 146//754
f 145//755 151//755 147//755
f 142//756 144//756 146//756
f 145//757 143//757 141//757
f 112//758 126//758 128//758
f 127//759 125//759 111//759
f 110//760 112//760 128//760
f 127//761 111//761 109//761
f 126//762 112//762 114//762
f 113//763 111//763 125//763
f 118//764 126//764 114//764
f 113//765 125//765 117//765
f 116//766 118//766 114//766
f 113//767 117//767 115//767
f 360//768 336//768 338//768
f 337//769 335//769 359//769
f 334//770 336//770 360//770
f 359//771 335//771 333//771
f 330//772 332//772 334//772
f 333//773 331//773 329//773
f 384//774 378//774 380//774
f 379//775 377//775 383//775
f 386//776 378//776 384//776
f 383//777 377//777 385//777
f 376//778 378//778 386//778
f 385//779 377//779 375//779
f 324//780 376//780 386//780
f 385//781 375//781 323//781
f 390//782 324//782 386//782
f 385//783 323//783 389//783
f 388//784 390//784 386//784
f 385//785 389//785 387//785
f 322//786 324//786 390//786
f 389//787 323//787 321//787
f 400//788 322//788 390//788
f 389//789 321//789 399//789
f 398//790 400//790 390//790
f 389//791 399//791 397//791
f 590//792 540//792 588//792
f 587//793 539//793 589//793
f 772//794 774//794 770//794
f 769//795 773//795 771//795
f 680//796 796//796 798//796
f 797//797 795//797 679//797
f 802//798 680//798 798//798
f 797//799 679//799 801//799
f 800//800 802//800 798//800
f 797//801 801//801 799//801
f 678//802 804//802 806//802
f 805//803 803//803 677//803
f 808//804 676//804 806//804
f 805//805 675//805 807//805
f 812//806 672//806 674//806
f 673//807 671//807 811//807
f 816//808 672//808 812//808
f 811//809 671//809 815//809
f 814//810 816//810 812//810
f 811//811 815//811 813//811
f 818//812 820//812 822//812
f 821//813 819//813 817//813
f 672//814 816//814 818//814
f 817//815 815//815 671//815
f 634//816 670//816 672//816
f 671//817 669//817 633//817
f 636//818 670//818 634//818
f 633//819 669//819 635//819
f 484//820 630//820 632//820
f 631//821 629//821 483//821
f 482//822 484//822 632//822
f 631//823 483//823 481//823
f 478//824 482//824 632//824
f 631//825 481//825 477//825
f 480//826 482//826 478//826
f 477//827 481//827 479//827
f 472//828 474//828 476//828
f 475//829 473//829 471//829
f 308//830 472//830 476//830
f 475//831 471//831 307//831
f 306//832 308//832 476//832
f 475//833 307//833 305//833
f 304//834 306//834 476//834
f 475//835 305//835 303//835
f 290//836 304//836 476//836
f 475//837 303//837 289//837
f 294//838 304//838 290//838
f 289//839 303//839 293//839
f 292//840 294//840 290//840
f 289//841 293//841 291//841
f 266//842 288//842 290//842
f 289//843 287//843 265//843
f 262//844 266//844 290//844
f 289//845 265//845 261//845
f 260//846 262//846 290//846
f 289//847 261//847 259//847
f 236//848 244//848 246//848
f 245//849 243//849 235//849
f 238//850 244//850 236//850
f 235//851 243//851 237//851
f 284//852 278//852 280//852
f 279//853 277//853 283//853
f 282//854 284//854 280//854
f 279//855 283//855 281//855
f 288//856 284//856 286//856
f 285//857 283//857 287//857
f 274//858 284//858 288//858
f 287//859 283//859 273//859
f 266//860 274//860 288//860
f 287//861 273//861 265//861
f 268//862 274//862 266//862
f 265//863 273//863 267//863
f 262//864 264//864 266//864
f 265//865 263//865 261//865
f 238//866 242//866 244//866
f 243//867 241//867 237//867
f 240//868 242//868 238//868
f 237//869 241//869 239//869
f 274//870 276//870 278//870
f 277//871 275//871 273//871
f 284//872 274//872 278//872
f 277//873 273//873 283//873
f 268//874 272//874 274//874
f 273//875 271//875 267//875
f 270//876 272//876 268//876
f 267//877 271//877 269//877
f 296//878 304//878 294//878
f 293//879 303//879 295//879
f 302//880 304//880 296//880
f 295//881 303//881 301//881
f 300//882 302//882 296//882
f 295//883 301//883 299//883
f 298//884 300//884 296//884
f 295//885 299//885 297//885
f 372//886 374//886 376//886
f 375//887 373//887 371//887
f 368//888 372//888 376//888
f 375//889 371//889 367//889
f 324//890 368//890 376//890
f 375//891 367//891 323//891
f 364//892 368//892 324//892
f 323//893 367//893 363//893
f 326//894 364//894 324//894
f 323//895 363//895 325//895
f 362//896 364//896 326//896
f 325//897 363//897 361//897
f 328//898 362//898 326//898
f 325//899 361//899 327//899
f 368//900 370//900 372//900
f 371//901 369//901 367//901
f 364//902 366//902 368//902
f 367//903 365//903 363//903
f 444//904 320//904 322//904
f 321//905 319//905 443//905
f 440//906 444//906 322//906
f 321//907 443//907 439//907
f 404//908 440//908 322//908
f 321//909 439//909 403//909
f 400//910 404//910 322//910
f 321//911 403//911 399//911
f 402//912 404//912 400//912
f 399//913 403//913 401//913
f 410//914 412//914 414//914
f 413//915 411//915 409//915
f 416//916 410//916 414//916
f 413//917 409//917 415//917
f 422//918 416//918 418//918
f 417//919 415//919 421//919
f 420//920 422//920 418//920
f 417//921 421//921 419//921
f 592//922 526//922 528//922
f 527//923 525//923 591//923
f 530//924 592//924 528//924
f 527//925 591//925 529//925
f 538//926 532//926 534//926
f 533//927 531//927 537//927
f 536//928 538//928 534//928
f 533//929 537//929 535//929
f 590//930 538//930 540//930
f 539//931 537//931 589//931
f 776//932 692//932 774//932
f 773//933 691//933 775//933
f 690//934 692//934 776//934
f 775//935 691//935 689//935
f 688//936 690//936 776//936
f 775//937 689//937 687//937
f 778//938 688//938 776//938
f 775//939 687//939 777//939
f 686//940 780//940 782//940
f 781//941 779//941 685//941
f 784//942 686//942 782//942
f 781//943 685//943 783//943
f 682//944 790//944 792//944
f 791//945 789//945 681//945
f 794//946 682//946 792//946
f 791//947 681//947 793//947
f 796//948 682//948 794//948
f 793//949 681//949 795//949
f 680//950 682//950 796//950
f 795//951 681//951 679//951
f 802//952 678//952 680//952
f 679//953 677//953 801//953
f 804//954 678//954 802//954
f 801//955 677//955 803//955
f 666//956 660//956 662//956
f 661//957 659//957 665//957
f 664//958 666//958 662//958
f 661//959 665//959 663//959
f 636//960 668//960 670//960
f 669//961 667//961 635//961
f 638//962 668//962 636//962
f 635//963 667//963 637//963
f 668//964 638//964 640//964
f 639//965 637//965 667//965
f 666//966 668//966 640//966
f 639//967 667//967 665//967
f 510//968 626//968 628//968
f 627//969 625//969 509//969
f 508//970 510//970 628//970
f 627//971 509//971 507//971
f 486//972 508//972 628//972
f 627//973 507//973 485//973
f 484//974 486//974 628//974
f 627//975 485//975 483//975
f 630//976 484//976 628//976
f 627//977 483//977 629//977
f 468//978 470//978 472//978
f 471//979 469//979 467//979
f 308//980 468//980 472//980
f 471//981 467//981 307//981
f 314//982 468//982 308//982
f 307//983 467//983 313//983
f 312//984 314//984 308//984
f 307//985 313//985 311//985
f 310//986 312//986 308//986
f 307//987 311//987 309//987
f 316//988 468//988 314//988
f 313//989 467//989 315//989
f 318//990 468//990 316//990
f 315//991 467//991 317//991
f 444//992 468//992 318//992
f 317//993 467//993 443//993
f 320//994 444//994 318//994
f 317//995 443//995 319//995
f 446//996 468//996 444//996
f 443//997 467//997 445//997
f 440//998 442//998 444//998
f 443//999 441//999 439//999
f 406//1000 438//1000 440//1000
f 439//1001 437//1001 405//1001
f 404//1002 406//1002 440//1002
f 439//1003 405//1003 403//1003
f 416//1004 408//1004 410//1004
f 409//1005 407//1005 415//1005
f 426//1006 408//1006 416//1006
f 415//1007 407//1007 425//1007
f 424//1008 426//1008 416//1008
f 415//1009 425//1009 423//1009
f 422//1010 424//1010 416//1010
f 415//1011 423//1011 421//1011
f 524//1012 594//1012 522//1012
f 521//1013 593//1013 523//1013
f 594//1014 524//1014 526//1014
f 525//1015 523//1015 593//1015
f 592//1016 594//1016 526//1016
f 525//1017 593//1017 591//1017
f 530//1018 532//1018 592//1018
f 591//1019 531//1019 529//1019
f 778//1020 686//1020 688//1020
f 687//1021 685//1021 777//1021
f 780//1022 686//1022 778//1022
f 777//1023 685//1023 779//1023
f 784//1024 786//1024 686//1024
f 685//1025 785//1025 783//1025
f 788//1026 684//1026 786//1026
f 785//1027 683//1027 787//1027
f 790//1028 684//1028 788//1028
f 787//1029 683//1029 789//1029
f 682//1030 684//1030 790//1030
f 789//1031 683//1031 681//1031
f 654//1032 648//1032 650//1032
f 649//1033 647//1033 653//1033
f 652//1034 654//1034 650//1034
f 649//1035 653//1035 651//1035
f 644//1036 656//1036 658//1036
f 657//1037 655//1037 643//1037
f 642//1038 644//1038 658//1038
f 657//1039 643//1039 641//1039
f 660//1040 642//1040 658//1040
f 657//1041 641//1041 659//1041
f 666//1042 642//1042 660//1042
f 659//1043 641//1043 665//1043
f 510//1044 624//1044 626//1044
f 625//1045 623//1045 509//1045
f 512//1046 624//1046 510//1046
f 509//1047 623//1047 511//1047
f 504//1048 506//1048 508//1048
f 507//1049 505//1049 503//1049
f 502//1050 504//1050 508//1050
f 507//1051 503//1051 501//1051
f 500//1052 502//1052 508//1052
f 507//1053 501//1053 499//1053
f 496//1054 500//1054 508//1054
f 507//1055 499//1055 495//1055
f 486//1056 496//1056 508//1056
f 507//1057 495//1057 485//1057
f 494//1058 496//1058 486//1058
f 485//1059 495//1059 493//1059
f 490//1060 494//1060 486//1060
f 485//1061 493//1061 489//1061
f 488//1062 490//1062 486//1062
f 485//1063 489//1063 487//1063
f 462//1064 466//1064 468//1064
f 467//1065 465//1065 461//1065
f 460//1066 462//1066 468//1066
f 467//1067 461//1067 459//1067
f 446//1068 460//1068 468//1068
f 467//1069 459//1069 445//1069
f 448//1070 460//1070 446//1070
f 445//1071 459//1071 447//1071
f 428//1072 432//1072 434//1072
f 433//1073 431//1073 427//1073
f 426//1074 428//1074 434//1074
f 433//1075 427//1075 425//1075
f 436//1076 426//1076 434//1076
f 433//1077 425//1077 435//1077
f 408//1078 436//1078 438//1078
f 437//1079 435//1079 407//1079
f 406//1080 408//1080 438//1080
f 437//1081 407//1081 405//1081
f 426//1082 436//1082 408//1082
f 407//1083 435//1083 425//1083
f 598//1084 602//1084 604//1084
f 603//1085 601//1085 597//1085
f 596//1086 598//1086 604//1086
f 603//1087 597//1087 595//1087
f 602//1088 598//1088 600//1088
f 599//1089 597//1089 601//1089
f 614//1090 610//1090 612//1090
f 611//1091 609//1091 613//1091
f 518//1092 616//1092 618//1092
f 617//1093 615//1093 517//1093
f 620//1094 518//1094 618//1094
f 617//1095 517//1095 619//1095
f 654//1096 646//1096 648//1096
f 647//1097 645//1097 653//1097
f 656//1098 646//1098 654//1098
f 653//1099 645//1099 655//1099
f 644//1100 646//1100 656//1100
f 655//1101 645//1101 643//1101
f 624//1102 512//1102 622//1102
f 621//1103 511//1103 623//1103
f 496//1104 498//1104 500//1104
f 499//1105 497//1105 495//1105
f 490//1106 492//1106 494//1106
f 493//1107 491//1107 489//1107
f 462//1108 464//1108 466//1108
f 465//1109 463//1109 461//1109
f 456//1110 458//1110 460//1110
f 459//1111 457//1111 455//1111
f 450//1112 456//1112 460//1112
f 459//1113 455//1113 449//1113
f 448//1114 450//1114 460//1114
f 459//1115 449//1115 447//1115
f 428//1116 430//1116 432//1116
f 431//1117 429//1117 427//1117
f 616//1118 518//1118 520//1118
f 519//1119 517//1119 615//1119
f 610//1120 616//1120 520//1120
f 519//1121 615//1121 609//1121
f 608//1122 610//1122 520//1122
f 519//1123 609//1123 607//1123
f 606//1124 608//1124 520//1124
f 519//1125 607//1125 605//1125
f 614//1126 616//1126 610//1126
f 609//1127 615//1127 613//1127
f 620//1128 516//1128 518//1128
f 517//1129 515//1129 619//1129
f 514//1130 516//1130 620//1130
f 619//1131 515//1131 513//1131
f 452//1132 454//1132 456//1132
f 455//1133 453//1133 451//1133
f 450//1134 452//1134 456//1134
f 455//1135 451//1135 449//1135
f 232//1136 228//1136 230//1136
f 229//1137 227//1137 231//1137
f 216//1138 224//1138 226//1138
f 225//1139 223//1139 215//1139
f 210//1140 216//1140 226//1140
f 225//1141 215//1141 209//1141
f 214//1142 216//1142 210//1142
f 209//1143 215//1143 213//1143
f 212//1144 214//1144 210//1144
f 209//1145 213//1145 211//1145
f 188//1146 190//1146 192//1146
f 191//1147 189//1147 187//1147
f 186//1148 188//1148 192//1148
f 191//1149 187//1149 185//1149
f 172//1150 180//1150 182//1150
f 181//1151 179//1151 171//1151
f 170//1152 172//1152 182//1152
f 181//1153 171//1153 169//1153
f 156//1154 158//1154 160//1154
f 159//1155 157//1155 155//1155
f 152//1156 148//1156 150//1156
f 149//1157 147//1157 151//1157
f 120//1158 124//1158 126//1158
f 125//1159 123//1159 119//1159
f 118//1160 120//1160 126//1160
f 125//1161 119//1161 117//1161
f 122//1162 124//1162 120//1162
f 119//1163 123//1163 121//1163
f 180//1164 174//1164 176//1164
f 175//1165 173//1165 179//1165
f 178//1166 180//1166 176//1166
f 175//1167 179//1167 177//1167
f 218//1168 220//1168 222//1168
f 221//1169 219//1169 217//1169
f 216//1170 218//1170 222//1170
f 221//1171 217//1171 215//1171
f 224//1172 216//1172 222//1172
f 221//1173 215//1173 223//1173
f 172//1174 174//1174 180//1174
f 179//1175 173//1175 171//1175
f 36//1176 66//1176 68//1176
f 67//1177 65//1177 35//1177
f 34//1178 36//1178 68//1178
f 67//1179 35//1179 33//1179
f 70//1180 34//1180 68//1180
f 67//1181 33//1181 69//1181
f 32//1182 34//1182 70//1182
f 69//1183 33//1183 31//1183
f 72//1184 32//1184 70//1184
f 69//1185 31//1185 71//1185
f 30//1186 32//1186 72//1186
f 71//1187 31//1187 29//1187
f 74//1188 30//1188 72//1188
f 71//1189 29//1189 73//1189
f 76//1190 30//1190 74//1190
f 73//1191 29//1191 75//1191
f 64//1192 66//1192 36//1192
f 35//1193 65//1193 63//1193
f 38//1194 64//1194 36//1194
f 35//1195 63//1195 37//1195
f 40//1196 64//1196 38//1196
f 37//1197 63//1197 39//1197
f 62//1198 64//1198 40//1198
f 39//1199 63//1199 61//1199
f 838//1200 842//1200 834//1200
f 833//1201 841//1201 837//1201
