# Generated from CN441122_aids_crop.yaml
mtllib chart_obstacle_001.mtl
o chart_obstacle_001
usemtl chart_land
v -843.832193 813.225019 -5.000000
v -843.832193 -1898.189194 -5.000000
v -843.832193 -1898.189194 3.000000
v -843.832193 813.225019 3.000000
v -737.832193 -1726.189194 -5.000000
v -737.832193 -1726.189194 3.000000
v -741.832193 -1701.360767 -5.000000
v -741.832193 -1701.360767 3.000000
v -753.832193 -1669.360767 -5.000000
v -753.832193 -1669.360767 3.000000
v -831.832193 -1373.360767 -5.000000
v -831.832193 -1373.360767 3.000000
v -839.832193 -1341.360767 -5.000000
v -839.832193 -1341.360767 3.000000
v -839.832193 -1330.189194 -5.000000
v -839.832193 -1330.189194 3.000000
v -834.417980 -1322.774981 -5.000000
v -834.417980 -1322.774981 3.000000
v -824.417980 -1316.774981 -5.000000
v -824.417980 -1316.774981 3.000000
v -785.832193 -1320.774981 -5.000000
v -785.832193 -1320.774981 3.000000
v -773.832193 -1246.774981 -5.000000
v -773.832193 -1246.774981 3.000000
v -794.417980 -1242.774981 -5.000000
v -794.417980 -1242.774981 3.000000
v -795.832193 -1238.189194 -5.000000
v -795.832193 -1238.189194 3.000000
v -789.832193 -1214.189194 -5.000000
v -789.832193 -1214.189194 3.000000
v -766.417980 -1190.774981 -5.000000
v -766.417980 -1190.774981 3.000000
v -750.417980 -1180.774981 -5.000000
v -750.417980 -1180.774981 3.000000
v -662.417980 -1162.774981 -5.000000
v -662.417980 -1162.774981 3.000000
v -645.832193 -1152.774981 -5.000000
v -645.832193 -1152.774981 3.000000
v -635.832193 -1138.189194 -5.000000
v -635.832193 -1138.189194 3.000000
v -615.832193 -1040.189194 -5.000000
v -615.832193 -1040.189194 3.000000
v -617.832193 -1023.360767 -5.000000
v -617.832193 -1023.360767 3.000000
v -625.832193 -1007.360767 -5.000000
v -625.832193 -1007.360767 3.000000
v -644.417980 -994.774981 -5.000000
v -644.417980 -994.774981 3.000000
v -762.417980 -958.774981 -5.000000
v -762.417980 -958.774981 3.000000
v -775.832193 -945.360767 -5.000000
v -775.832193 -945.360767 3.000000
v -821.417980 -883.774981 -5.000000
v -821.417980 -883.774981 3.000000
v -819.832193 -876.189194 -5.000000
v -819.832193 -876.189194 3.000000
v -816.832193 -871.189194 -5.000000
v -816.832193 -871.189194 3.000000
v -797.832193 -890.189194 -5.000000
v -797.832193 -890.189194 3.000000
v -779.832193 -916.774981 -5.000000
v -779.832193 -916.774981 3.000000
v -753.246407 -928.774981 -5.000000
v -753.246407 -928.774981 3.000000
v -743.246407 -936.774981 -5.000000
v -743.246407 -936.774981 3.000000
v -724.417980 -938.774981 -5.000000
v -724.417980 -938.774981 3.000000
v -710.832193 -935.189194 -5.000000
v -710.832193 -935.189194 3.000000
v -682.417980 -948.774981 -5.000000
v -682.417980 -948.774981 3.000000
v -673.832193 -944.189194 -5.000000
v -673.832193 -944.189194 3.000000
v -671.832193 -934.189194 -5.000000
v -671.832193 -934.189194 3.000000
v -660.417980 -926.774981 -5.000000
v -660.417980 -926.774981 3.000000
v -633.246407 -928.774981 -5.000000
v -633.246407 -928.774981 3.000000
v -623.832193 -934.774981 -5.000000
v -623.832193 -934.774981 3.000000
v -589.832193 -878.189194 -5.000000
v -589.832193 -878.189194 3.000000
v -581.832193 -878.774981 -5.000000
v -581.832193 -878.774981 3.000000
v -573.417980 -863.774981 -5.000000
v -573.417980 -863.774981 3.000000
v -575.832193 -858.189194 -5.000000
v -575.832193 -858.189194 3.000000
v -557.832193 -828.189194 -5.000000
v -557.832193 -828.189194 3.000000
v -554.417980 -824.774981 -5.000000
v -554.417980 -824.774981 3.000000
v -548.417980 -826.774981 -5.000000
v -548.417980 -826.774981 3.000000
v -535.832193 -812.189194 -5.000000
v -535.832193 -812.189194 3.000000
v -565.832193 -743.360767 -5.000000
v -565.832193 -743.360767 3.000000
v -593.832193 -703.360767 -5.000000
v -593.832193 -703.360767 3.000000
v -593.832193 -691.360767 -5.000000
v -593.832193 -691.360767 3.000000
v -605.832193 -677.360767 -5.000000
v -605.832193 -677.360767 3.000000
v -653.832193 -585.360767 -5.000000
v -653.832193 -585.360767 3.000000
v -681.832193 -545.360767 -5.000000
v -681.832193 -545.360767 3.000000
v -644.417980 -508.774981 -5.000000
v -644.417980 -508.774981 3.000000
v -613.832193 -568.189194 -5.000000
v -613.832193 -568.189194 3.000000
v -573.832193 -670.189194 -5.000000
v -573.832193 -670.189194 3.000000
v -555.832193 -706.189194 -5.000000
v -555.832193 -706.189194 3.000000
v -552.832193 -709.189194 -5.000000
v -552.832193 -709.189194 3.000000
v -526.417980 -696.774981 -5.000000
v -526.417980 -696.774981 3.000000
v -509.246407 -694.774981 -5.000000
v -509.246407 -694.774981 3.000000
v -503.832193 -710.189194 -5.000000
v -503.832193 -710.189194 3.000000
v -490.417980 -714.774981 -5.000000
v -490.417980 -714.774981 3.000000
v -481.832193 -708.774981 -5.000000
v -481.832193 -708.774981 3.000000
v -465.832193 -676.189194 -5.000000
v -465.832193 -676.189194 3.000000
v -452.417980 -656.774981 -5.000000
v -452.417980 -656.774981 3.000000
v -312.417980 -598.774981 -5.000000
v -312.417980 -598.774981 3.000000
v -287.832193 -586.774981 -5.000000
v -287.832193 -586.774981 3.000000
v -290.417980 -576.774981 -5.000000
v -290.417980 -576.774981 3.000000
v -148.417980 -508.774981 -5.000000
v -148.417980 -508.774981 3.000000
v -135.832193 -506.189194 -5.000000
v -135.832193 -506.189194 3.000000
v -131.832193 -542.774981 -5.000000
v -131.832193 -542.774981 3.000000
v -103.832193 -540.774981 -5.000000
v -103.832193 -540.774981 3.000000
v -109.832193 -504.189194 -5.000000
v -109.832193 -504.189194 3.000000
v -81.832193 -486.189194 -5.000000
v -81.832193 -486.189194 3.000000
v -85.832193 -365.360767 -5.000000
v -85.832193 -365.360767 3.000000
v -93.832193 -327.360767 -5.000000
v -93.832193 -327.360767 3.000000
v -91.832193 -318.189194 -5.000000
v -91.832193 -318.189194 3.000000
v -87.832193 -316.774981 -5.000000
v -87.832193 -316.774981 3.000000
v -87.832193 -305.360767 -5.000000
v -87.832193 -305.360767 3.000000
v -97.832193 -264.189194 -5.000000
v -97.832193 -264.189194 3.000000
v -77.246407 -256.774981 -5.000000
v -77.246407 -256.774981 3.000000
v -69.832193 -266.189194 -5.000000
v -69.832193 -266.189194 3.000000
v -45.832193 -354.189194 -5.000000
v -45.832193 -354.189194 3.000000
v -45.832193 -370.189194 -5.000000
v -45.832193 -370.189194 3.000000
v -37.832193 -386.189194 -5.000000
v -37.832193 -386.189194 3.000000
v -13.832193 -466.189194 -5.000000
v -13.832193 -466.189194 3.000000
v -7.832193 -506.189194 -5.000000
v -7.832193 -506.189194 3.000000
v -3.246407 -512.774981 -5.000000
v -3.246407 -512.774981 3.000000
v 26.753593 -510.774981 -5.000000
v 26.753593 -510.774981 3.000000
v 30.753593 -528.774981 -5.000000
v 30.753593 -528.774981 3.000000
v 68.753593 -548.774981 -5.000000
v 68.753593 -548.774981 3.000000
v 78.167807 -546.189194 -5.000000
v 78.167807 -546.189194 3.000000
v 91.582020 -518.774981 -5.000000
v 91.582020 -518.774981 3.000000
v 108.167807 -518.774981 -5.000000
v 108.167807 -518.774981 3.000000
v 108.167807 -508.189194 -5.000000
v 108.167807 -508.189194 3.000000
v 117.582020 -504.774981 -5.000000
v 117.582020 -504.774981 3.000000
v 138.167807 -530.189194 -5.000000
v 138.167807 -530.189194 3.000000
v 148.753593 -536.774981 -5.000000
v 148.753593 -536.774981 3.000000
v 353.582020 -542.774981 -5.000000
v 353.582020 -542.774981 3.000000
v 365.582020 -538.774981 -5.000000
v 365.582020 -538.774981 3.000000
v 374.167807 -530.189194 -5.000000
v 374.167807 -530.189194 3.000000
v 393.167807 -489.189194 -5.000000
v 393.167807 -489.189194 3.000000
v 430.753593 -494.774981 -5.000000
v 430.753593 -494.774981 3.000000
v 434.167807 -502.189194 -5.000000
v 434.167807 -502.189194 3.000000
v 434.167807 -524.189194 -5.000000
v 434.167807 -524.189194 3.000000
v 438.167807 -532.189194 -5.000000
v 438.167807 -532.189194 3.000000
v 458.753593 -546.774981 -5.000000
v 458.753593 -546.774981 3.000000
v 602.753593 -548.774981 -5.000000
v 602.753593 -548.774981 3.000000
v 616.753593 -554.774981 -5.000000
v 616.753593 -554.774981 3.000000
v 626.167807 -564.189194 -5.000000
v 626.167807 -564.189194 3.000000
v 654.167807 -739.360767 -5.000000
v 654.167807 -739.360767 3.000000
v 648.753593 -742.774981 -5.000000
v 648.753593 -742.774981 3.000000
v 604.753593 -750.774981 -5.000000
v 604.753593 -750.774981 3.000000
v 602.167807 -756.774981 -5.000000
v 602.167807 -756.774981 3.000000
v 654.753593 -744.774981 -5.000000
v 654.753593 -744.774981 3.000000
v 666.167807 -805.360767 -5.000000
v 666.167807 -805.360767 3.000000
v 615.753593 -955.774981 -5.000000
v 615.753593 -955.774981 3.000000
v 619.753593 -959.774981 -5.000000
v 619.753593 -959.774981 3.000000
v 614.167807 -977.360767 -5.000000
v 614.167807 -977.360767 3.000000
v 611.167807 -980.360767 -5.000000
v 611.167807 -980.360767 3.000000
v 600.582020 -975.774981 -5.000000
v 600.582020 -975.774981 3.000000
v 606.167807 -966.189194 -5.000000
v 606.167807 -966.189194 3.000000
v 602.167807 -959.360767 -5.000000
v 602.167807 -959.360767 3.000000
v 598.167807 -971.360767 -5.000000
v 598.167807 -971.360767 3.000000
v 591.582020 -974.774981 -5.000000
v 591.582020 -974.774981 3.000000
v 547.582020 -958.774981 -5.000000
v 547.582020 -958.774981 3.000000
v 540.167807 -958.774981 -5.000000
v 540.167807 -958.774981 3.000000
v 540.167807 -962.774981 -5.000000
v 540.167807 -962.774981 3.000000
v 594.167807 -980.189194 -5.000000
v 594.167807 -980.189194 3.000000
v 572.167807 -1030.774981 -5.000000
v 572.167807 -1030.774981 3.000000
v 578.167807 -1028.189194 -5.000000
v 578.167807 -1028.189194 3.000000
v 598.167807 -982.189194 -5.000000
v 598.167807 -982.189194 3.000000
v 608.753593 -984.774981 -5.000000
v 608.753593 -984.774981 3.000000
v 610.167807 -989.360767 -5.000000
v 610.167807 -989.360767 3.000000
v 602.167807 -1011.360767 -5.000000
v 602.167807 -1011.360767 3.000000
v 580.167807 -1037.360767 -5.000000
v 580.167807 -1037.360767 3.000000
v 570.167807 -1067.360767 -5.000000
v 570.167807 -1067.360767 3.000000
v 544.167807 -1151.360767 -5.000000
v 544.167807 -1151.360767 3.000000
v 551.753593 -1169.774981 -5.000000
v 551.753593 -1169.774981 3.000000
v 492.753593 -1200.774981 -5.000000
v 492.753593 -1200.774981 3.000000
v 484.753593 -1198.774981 -5.000000
v 484.753593 -1198.774981 3.000000
v 470.167807 -1204.774981 -5.000000
v 470.167807 -1204.774981 3.000000
v 474.753593 -1214.774981 -5.000000
v 474.753593 -1214.774981 3.000000
v 481.582020 -1214.774981 -5.000000
v 481.582020 -1214.774981 3.000000
v 566.167807 -1170.189194 -5.000000
v 566.167807 -1170.189194 3.000000
v 612.167807 -1032.189194 -5.000000
v 612.167807 -1032.189194 3.000000
v 610.167807 -1022.189194 -5.000000
v 610.167807 -1022.189194 3.000000
v 682.167807 -802.189194 -5.000000
v 682.167807 -802.189194 3.000000
v 684.753593 -800.774981 -5.000000
v 684.753593 -800.774981 3.000000
v 690.753593 -806.774981 -5.000000
v 690.753593 -806.774981 3.000000
v 702.753593 -806.774981 -5.000000
v 702.753593 -806.774981 3.000000
v 722.753593 -820.774981 -5.000000
v 722.753593 -820.774981 3.000000
v 737.582020 -818.774981 -5.000000
v 737.582020 -818.774981 3.000000
v 743.582020 -814.774981 -5.000000
v 743.582020 -814.774981 3.000000
v 774.753593 -818.774981 -5.000000
v 774.753593 -818.774981 3.000000
v 787.167807 -815.189194 -5.000000
v 787.167807 -815.189194 3.000000
v 801.582020 -816.774981 -5.000000
v 801.582020 -816.774981 3.000000
v 805.582020 -812.774981 -5.000000
v 805.582020 -812.774981 3.000000
v 817.582020 -810.774981 -5.000000
v 817.582020 -810.774981 3.000000
v 857.582020 -778.774981 -5.000000
v 857.582020 -778.774981 3.000000
v 862.167807 -782.189194 -5.000000
v 862.167807 -782.189194 3.000000
v 866.167807 -797.360767 -5.000000
v 866.167807 -797.360767 3.000000
v 850.167807 -800.774981 -5.000000
v 850.167807 -800.774981 3.000000
v 850.167807 -804.774981 -5.000000
v 850.167807 -804.774981 3.000000
v 880.167807 -800.774981 -5.000000
v 880.167807 -800.774981 3.000000
v 880.167807 -796.774981 -5.000000
v 880.167807 -796.774981 3.000000
v 870.167807 -795.360767 -5.000000
v 870.167807 -795.360767 3.000000
v 864.167807 -776.189194 -5.000000
v 864.167807 -776.189194 3.000000
v 895.582020 -756.774981 -5.000000
v 895.582020 -756.774981 3.000000
v 940.167807 -746.774981 -5.000000
v 940.167807 -746.774981 3.000000
v 970.167807 -710.189194 -5.000000
v 970.167807 -710.189194 3.000000
v 972.167807 -667.360767 -5.000000
v 972.167807 -667.360767 3.000000
v 964.167807 -633.360767 -5.000000
v 964.167807 -633.360767 3.000000
v 968.167807 -608.189194 -5.000000
v 968.167807 -608.189194 3.000000
v 964.167807 -568.189194 -5.000000
v 964.167807 -568.189194 3.000000
v 970.167807 -550.189194 -5.000000
v 970.167807 -550.189194 3.000000
v 985.582020 -540.774981 -5.000000
v 985.582020 -540.774981 3.000000
v 992.753593 -542.774981 -5.000000
v 992.753593 -542.774981 3.000000
v 1000.753593 -550.774981 -5.000000
v 1000.753593 -550.774981 3.000000
v 1023.582020 -546.774981 -5.000000
v 1023.582020 -546.774981 3.000000
v 1049.582020 -530.774981 -5.000000
v 1049.582020 -530.774981 3.000000
v 1062.167807 -510.189194 -5.000000
v 1062.167807 -510.189194 3.000000
v 1062.167807 -485.360767 -5.000000
v 1062.167807 -485.360767 3.000000
v 1056.167807 -473.360767 -5.000000
v 1056.167807 -473.360767 3.000000
v 1050.167807 -464.774981 -5.000000
v 1050.167807 -464.774981 3.000000
v 1023.582020 -450.774981 -5.000000
v 1023.582020 -450.774981 3.000000
v 1010.167807 -432.774981 -5.000000
v 1010.167807 -432.774981 3.000000
v 1001.582020 -428.774981 -5.000000
v 1001.582020 -428.774981 3.000000
v 984.753593 -428.774981 -5.000000
v 984.753593 -428.774981 3.000000
v 972.167807 -439.360767 -5.000000
v 972.167807 -439.360767 3.000000
v 966.753593 -450.774981 -5.000000
v 966.753593 -450.774981 3.000000
v 949.582020 -450.774981 -5.000000
v 949.582020 -450.774981 3.000000
v 931.582020 -442.774981 -5.000000
v 931.582020 -442.774981 3.000000
v 916.167807 -424.774981 -5.000000
v 916.167807 -424.774981 3.000000
v 880.167807 -401.360767 -5.000000
v 880.167807 -401.360767 3.000000
v 874.167807 -385.360767 -5.000000
v 874.167807 -385.360767 3.000000
v 874.167807 -372.189194 -5.000000
v 874.167807 -372.189194 3.000000
v 884.167807 -295.360767 -5.000000
v 884.167807 -295.360767 3.000000
v 882.167807 -283.360767 -5.000000
v 882.167807 -283.360767 3.000000
v 873.582020 -270.774981 -5.000000
v 873.582020 -270.774981 3.000000
v 733.582020 -260.774981 -5.000000
v 733.582020 -260.774981 3.000000
v 730.167807 -257.360767 -5.000000
v 730.167807 -257.360767 3.000000
v 728.167807 -237.360767 -5.000000
v 728.167807 -237.360767 3.000000
v 725.582020 -234.774981 -5.000000
v 725.582020 -234.774981 3.000000
v 704.167807 -232.774981 -5.000000
v 704.167807 -232.774981 3.000000
v 669.167807 -290.360767 -5.000000
v 669.167807 -290.360767 3.000000
v 589.582020 -216.774981 -5.000000
v 589.582020 -216.774981 3.000000
v 550.167807 -195.360767 -5.000000
v 550.167807 -195.360767 3.000000
v 550.167807 -188.189194 -5.000000
v 550.167807 -188.189194 3.000000
v 558.167807 -184.189194 -5.000000
v 558.167807 -184.189194 3.000000
v 558.167807 -176.189194 -5.000000
v 558.167807 -176.189194 3.000000
v 565.582020 -172.774981 -5.000000
v 565.582020 -172.774981 3.000000
v 599.582020 -166.774981 -5.000000
v 599.582020 -166.774981 3.000000
v 622.753593 -166.774981 -5.000000
v 622.753593 -166.774981 3.000000
v 638.753593 -180.774981 -5.000000
v 638.753593 -180.774981 3.000000
v 645.582020 -180.774981 -5.000000
v 645.582020 -180.774981 3.000000
v 694.167807 -166.774981 -5.000000
v 694.167807 -166.774981 3.000000
v 693.582020 -148.774981 -5.000000
v 693.582020 -148.774981 3.000000
v 710.167807 -150.774981 -5.000000
v 710.167807 -150.774981 3.000000
v 732.167807 -78.189194 -5.000000
v 732.167807 -78.189194 3.000000
v 732.167807 -69.360767 -5.000000
v 732.167807 -69.360767 3.000000
v 710.167807 -55.360767 -5.000000
v 710.167807 -55.360767 3.000000
v 723.582020 -34.774981 -5.000000
v 723.582020 -34.774981 3.000000
v 732.753593 -42.774981 -5.000000
v 732.753593 -42.774981 3.000000
v 798.753593 -72.774981 -5.000000
v 798.753593 -72.774981 3.000000
v 934.753593 -142.774981 -5.000000
v 934.753593 -142.774981 3.000000
v 1002.753593 -166.774981 -5.000000
v 1002.753593 -166.774981 3.000000
v 1122.753593 -196.774981 -5.000000
v 1122.753593 -196.774981 3.000000
v 1365.582020 -188.774981 -5.000000
v 1365.582020 -188.774981 3.000000
v 1476.753593 -188.774981 -5.000000
v 1476.753593 -188.774981 3.000000
v 1490.753593 -194.774981 -5.000000
v 1490.753593 -194.774981 3.000000
v 1506.167807 -194.774981 -5.000000
v 1506.167807 -194.774981 3.000000
v 1511.582020 -186.774981 -5.000000
v 1511.582020 -186.774981 3.000000
v 1557.582020 -184.774981 -5.000000
v 1557.582020 -184.774981 3.000000
v 1789.582020 -178.774981 -5.000000
v 1789.582020 -178.774981 3.000000
v 1846.753593 -178.774981 -5.000000
v 1846.753593 -178.774981 3.000000
v 1852.753593 -182.774981 -5.000000
v 1852.753593 -182.774981 3.000000
v 1873.582020 -182.774981 -5.000000
v 1873.582020 -182.774981 3.000000
v 1885.582020 -176.774981 -5.000000
v 1885.582020 -176.774981 3.000000
v 2051.582020 -170.774981 -5.000000
v 2051.582020 -170.774981 3.000000
v 2147.582020 -170.774981 -5.000000
v 2147.582020 -170.774981 3.000000
v 2203.582020 -166.774981 -5.000000
v 2203.582020 -166.774981 3.000000
v 2218.753593 -172.774981 -5.000000
v 2218.753593 -172.774981 3.000000
v 2233.582020 -172.774981 -5.000000
v 2233.582020 -172.774981 3.000000
v 2247.582020 -164.774981 -5.000000
v 2247.582020 -164.774981 3.000000
v 2517.582020 -156.774981 -5.000000
v 2517.582020 -156.774981 3.000000
v 2572.753593 -156.774981 -5.000000
v 2572.753593 -156.774981 3.000000
v 2587.582020 -160.774981 -5.000000
v 2587.582020 -160.774981 3.000000
v 2603.582020 -158.774981 -5.000000
v 2603.582020 -158.774981 3.000000
v 2615.582020 -152.774981 -5.000000
v 2615.582020 -152.774981 3.000000
v 2715.582020 -144.774981 -5.000000
v 2715.582020 -144.774981 3.000000
v 2813.582020 -128.774981 -5.000000
v 2813.582020 -128.774981 3.000000
v 2875.582020 -114.774981 -5.000000
v 2875.582020 -114.774981 3.000000
v 2995.582020 -78.774981 -5.000000
v 2995.582020 -78.774981 3.000000
v 3159.582020 -8.774981 -5.000000
v 3159.582020 -8.774981 3.000000
v 3223.582020 25.225019 -5.000000
v 3223.582020 25.225019 3.000000
v 3291.582020 67.225019 -5.000000
v 3291.582020 67.225019 3.000000
v 3395.582020 139.225019 -5.000000
v 3395.582020 139.225019 3.000000
v 3413.582020 145.225019 -5.000000
v 3413.582020 145.225019 3.000000
v 3437.582020 159.225019 -5.000000
v 3437.582020 159.225019 3.000000
v 3452.167807 179.810806 -5.000000
v 3452.167807 179.810806 3.000000
v 3463.582020 189.225019 -5.000000
v 3463.582020 189.225019 3.000000
v 4158.167807 663.810806 -5.000000
v 4158.167807 663.810806 3.000000
v 4158.167807 673.225019 -5.000000
v 4158.167807 673.225019 3.000000
v 4154.753593 673.225019 -5.000000
v 4154.753593 673.225019 3.000000
v 4100.753593 635.225019 -5.000000
v 4100.753593 635.225019 3.000000
v 4084.753593 631.225019 -5.000000
v 4084.753593 631.225019 3.000000
v 4074.753593 617.225019 -5.000000
v 4074.753593 617.225019 3.000000
v 3842.753593 457.225019 -5.000000
v 3842.753593 457.225019 3.000000
v 3835.582020 455.225019 -5.000000
v 3835.582020 455.225019 3.000000
v 3829.167807 459.639233 -5.000000
v 3829.167807 459.639233 3.000000
v 3824.753593 457.225019 -5.000000
v 3824.753593 457.225019 3.000000
v 3812.753593 437.225019 -5.000000
v 3812.753593 437.225019 3.000000
v 3278.753593 75.225019 -5.000000
v 3278.753593 75.225019 3.000000
v 3166.753593 9.225019 -5.000000
v 3166.753593 9.225019 3.000000
v 3094.753593 -26.774981 -5.000000
v 3094.753593 -26.774981 3.000000
v 2982.753593 -72.774981 -5.000000
v 2982.753593 -72.774981 3.000000
v 2894.753593 -100.774981 -5.000000
v 2894.753593 -100.774981 3.000000
v 2878.753593 -104.774981 -5.000000
v 2878.753593 -104.774981 3.000000
v 2856.753593 -102.774981 -5.000000
v 2856.753593 -102.774981 3.000000
v 2796.753593 -122.774981 -5.000000
v 2796.753593 -122.774981 3.000000
v 2644.753593 -142.774981 -5.000000
v 2644.753593 -142.774981 3.000000
v 2436.753593 -150.774981 -5.000000
v 2436.753593 -150.774981 3.000000
v 2042.753593 -158.774981 -5.000000
v 2042.753593 -158.774981 3.000000
v 1968.753593 -164.774981 -5.000000
v 1968.753593 -164.774981 3.000000
v 1784.753593 -170.774981 -5.000000
v 1784.753593 -170.774981 3.000000
v 1598.753593 -174.774981 -5.000000
v 1598.753593 -174.774981 3.000000
v 1506.753593 -172.774981 -5.000000
v 1506.753593 -172.774981 3.000000
v 1478.753593 -178.774981 -5.000000
v 1478.753593 -178.774981 3.000000
v 1448.753593 -180.774981 -5.000000
v 1448.753593 -180.774981 3.000000
v 1312.753593 -184.774981 -5.000000
v 1312.753593 -184.774981 3.000000
v 1300.167807 -183.360767 -5.000000
v 1300.167807 -183.360767 3.000000
v 1298.167807 -166.774981 -5.000000
v 1298.167807 -166.774981 3.000000
v 1254.753593 -166.774981 -5.000000
v 1254.753593 -166.774981 3.000000
v 1246.167807 -168.774981 -5.000000
v 1246.167807 -168.774981 3.000000
v 1238.753593 -184.774981 -5.000000
v 1238.753593 -184.774981 3.000000
v 1223.582020 -184.774981 -5.000000
v 1223.582020 -184.774981 3.000000
v 1119.582020 -176.774981 -5.000000
v 1119.582020 -176.774981 3.000000
v 1089.582020 -156.774981 -5.000000
v 1089.582020 -156.774981 3.000000
v 1084.167807 -156.774981 -5.000000
v 1084.167807 -156.774981 3.000000
v 1083.167807 -160.360767 -5.000000
v 1083.167807 -160.360767 3.000000
v 1033.582020 -156.774981 -5.000000
v 1033.582020 -156.774981 3.000000
v 987.582020 -146.774981 -5.000000
v 987.582020 -146.774981 3.000000
v 943.582020 -132.774981 -5.000000
v 943.582020 -132.774981 3.000000
v 767.582020 -40.774981 -5.000000
v 767.582020 -40.774981 3.000000
v 745.582020 -24.774981 -5.000000
v 745.582020 -24.774981 3.000000
v 737.582020 -14.774981 -5.000000
v 737.582020 -14.774981 3.000000
v 653.582020 25.225019 -5.000000
v 653.582020 25.225019 3.000000
v 552.167807 80.639233 -5.000000
v 552.167807 80.639233 3.000000
v 626.167807 223.810806 -5.000000
v 626.167807 223.810806 3.000000
v 687.167807 252.810806 -5.000000
v 687.167807 252.810806 3.000000
v 700.753593 247.225019 -5.000000
v 700.753593 247.225019 3.000000
v 900.167807 41.225019 -5.000000
v 900.167807 41.225019 3.000000
v 980.753593 -0.774981 -5.000000
v 980.753593 -0.774981 3.000000
v 1014.753593 -14.774981 -5.000000
v 1014.753593 -14.774981 3.000000
v 1042.753593 -20.774981 -5.000000
v 1042.753593 -20.774981 3.000000
v 1087.582020 -24.774981 -5.000000
v 1087.582020 -24.774981 3.000000
v 1090.167807 -22.189194 -5.000000
v 1090.167807 -22.189194 3.000000
v 1088.582020 -13.774981 -5.000000
v 1088.582020 -13.774981 3.000000
v 1092.753593 -12.774981 -5.000000
v 1092.753593 -12.774981 3.000000
v 1094.167807 -27.360767 -5.000000
v 1094.167807 -27.360767 3.000000
v 1073.582020 -32.774981 -5.000000
v 1073.582020 -32.774981 3.000000
v 1003.582020 -20.774981 -5.000000
v 1003.582020 -20.774981 3.000000
v 907.582020 25.225019 -5.000000
v 907.582020 25.225019 3.000000
v 776.167807 160.639233 -5.000000
v 776.167807 160.639233 3.000000
v 699.582020 237.225019 -5.000000
v 699.582020 237.225019 3.000000
v 696.167807 237.225019 -5.000000
v 696.167807 237.225019 3.000000
v 696.167807 233.810806 -5.000000
v 696.167807 233.810806 3.000000
v 902.753593 21.225019 -5.000000
v 902.753593 21.225019 3.000000
v 1000.753593 -24.774981 -5.000000
v 1000.753593 -24.774981 3.000000
v 1070.753593 -36.774981 -5.000000
v 1070.753593 -36.774981 3.000000
v 1100.167807 -32.774981 -5.000000
v 1100.167807 -32.774981 3.000000
v 1098.167807 -8.774981 -5.000000
v 1098.167807 -8.774981 3.000000
v 1063.582020 -6.774981 -5.000000
v 1063.582020 -6.774981 3.000000
v 1025.582020 1.225019 -5.000000
v 1025.582020 1.225019 3.000000
v 1009.582020 5.225019 -5.000000
v 1009.582020 5.225019 3.000000
v 972.582020 22.225019 -5.000000
v 972.582020 22.225019 3.000000
v 982.167807 33.810806 -5.000000
v 982.167807 33.810806 3.000000
v 982.167807 42.639233 -5.000000
v 982.167807 42.639233 3.000000
v 958.167807 82.639233 -5.000000
v 958.167807 82.639233 3.000000
v 920.167807 171.225019 -5.000000
v 920.167807 171.225019 3.000000
v 916.167807 171.225019 -5.000000
v 916.167807 171.225019 3.000000
v 920.167807 155.810806 -5.000000
v 920.167807 155.810806 3.000000
v 952.167807 83.810806 -5.000000
v 952.167807 83.810806 3.000000
v 978.167807 39.810806 -5.000000
v 978.167807 39.810806 3.000000
v 976.167807 32.639233 -5.000000
v 976.167807 32.639233 3.000000
v 963.753593 20.225019 -5.000000
v 963.753593 20.225019 3.000000
v 1006.753593 1.225019 -5.000000
v 1006.753593 1.225019 3.000000
v 1060.753593 -10.774981 -5.000000
v 1060.753593 -10.774981 3.000000
v 1076.753593 -10.774981 -5.000000
v 1076.753593 -10.774981 3.000000
v 1079.753593 -13.774981 -5.000000
v 1079.753593 -13.774981 3.000000
v 1076.753593 -18.774981 -5.000000
v 1076.753593 -18.774981 3.000000
v 1063.582020 -18.774981 -5.000000
v 1063.582020 -18.774981 3.000000
v 1023.582020 -12.774981 -5.000000
v 1023.582020 -12.774981 3.000000
v 947.582020 21.225019 -5.000000
v 947.582020 21.225019 3.000000
v 944.582020 24.225019 -5.000000
v 944.582020 24.225019 3.000000
v 951.582020 29.225019 -5.000000
v 951.582020 29.225019 3.000000
v 961.582020 27.225019 -5.000000
v 961.582020 27.225019 3.000000
v 971.582020 33.225019 -5.000000
v 971.582020 33.225019 3.000000
v 974.167807 40.639233 -5.000000
v 974.167807 40.639233 3.000000
v 967.582020 49.225019 -5.000000
v 967.582020 49.225019 3.000000
v 960.167807 52.639233 -5.000000
v 960.167807 52.639233 3.000000
v 916.167807 158.639233 -5.000000
v 916.167807 158.639233 3.000000
v 880.167807 212.639233 -5.000000
v 880.167807 212.639233 3.000000
v 883.167807 226.810806 -5.000000
v 883.167807 226.810806 3.000000
v 890.167807 217.810806 -5.000000
v 890.167807 217.810806 3.000000
v 898.167807 191.810806 -5.000000
v 898.167807 191.810806 3.000000
v 903.167807 184.810806 -5.000000
v 903.167807 184.810806 3.000000
v 906.582020 188.225019 -5.000000
v 906.582020 188.225019 3.000000
v 888.167807 230.639233 -5.000000
v 888.167807 230.639233 3.000000
v 875.582020 241.225019 -5.000000
v 875.582020 241.225019 3.000000
v 834.167807 257.225019 -5.000000
v 834.167807 257.225019 3.000000
v 836.753593 251.225019 -5.000000
v 836.753593 251.225019 3.000000
v 864.167807 239.810806 -5.000000
v 864.167807 239.810806 3.000000
v 862.167807 234.639233 -5.000000
v 862.167807 234.639233 3.000000
v 851.167807 225.639233 -5.000000
v 851.167807 225.639233 3.000000
v 811.582020 243.225019 -5.000000
v 811.582020 243.225019 3.000000
v 804.167807 253.225019 -5.000000
v 804.167807 253.225019 3.000000
v 783.582020 261.225019 -5.000000
v 783.582020 261.225019 3.000000
v 750.167807 280.639233 -5.000000
v 750.167807 280.639233 3.000000
v 749.167807 290.810806 -5.000000
v 749.167807 290.810806 3.000000
v 778.753593 273.225019 -5.000000
v 778.753593 273.225019 3.000000
v 785.582020 273.225019 -5.000000
v 785.582020 273.225019 3.000000
v 790.167807 277.810806 -5.000000
v 790.167807 277.810806 3.000000
v 782.167807 290.639233 -5.000000
v 782.167807 290.639233 3.000000
v 746.582020 326.225019 -5.000000
v 746.582020 326.225019 3.000000
v 758.167807 341.810806 -5.000000
v 758.167807 341.810806 3.000000
v 760.167807 409.225019 -5.000000
v 760.167807 409.225019 3.000000
v 748.167807 411.225019 -5.000000
v 748.167807 411.225019 3.000000
v 746.167807 406.639233 -5.000000
v 746.167807 406.639233 3.000000
v 744.167807 366.639233 -5.000000
v 744.167807 366.639233 3.000000
v 733.167807 337.639233 -5.000000
v 733.167807 337.639233 3.000000
v 718.167807 360.639233 -5.000000
v 718.167807 360.639233 3.000000
v 694.167807 434.639233 -5.000000
v 694.167807 434.639233 3.000000
v 640.167807 506.639233 -5.000000
v 640.167807 506.639233 3.000000
v 624.167807 548.639233 -5.000000
v 624.167807 548.639233 3.000000
v 620.167807 569.810806 -5.000000
v 620.167807 569.810806 3.000000
v 627.582020 575.225019 -5.000000
v 627.582020 575.225019 3.000000
v 644.753593 577.225019 -5.000000
v 644.753593 577.225019 3.000000
v 740.753593 517.225019 -5.000000
v 740.753593 517.225019 3.000000
v 745.582020 517.225019 -5.000000
v 745.582020 517.225019 3.000000
v 754.167807 523.810806 -5.000000
v 754.167807 523.810806 3.000000
v 754.167807 534.639233 -5.000000
v 754.167807 534.639233 3.000000
v 741.582020 545.225019 -5.000000
v 741.582020 545.225019 3.000000
v 651.582020 595.225019 -5.000000
v 651.582020 595.225019 3.000000
v 613.582020 595.225019 -5.000000
v 613.582020 595.225019 3.000000
v 608.167807 604.639233 -5.000000
v 608.167807 604.639233 3.000000
v 613.582020 629.225019 -5.000000
v 613.582020 629.225019 3.000000
v 670.753593 625.225019 -5.000000
v 670.753593 625.225019 3.000000
v 703.582020 625.225019 -5.000000
v 703.582020 625.225019 3.000000
v 713.167807 630.810806 -5.000000
v 713.167807 630.810806 3.000000
v 716.753593 629.225019 -5.000000
v 716.753593 629.225019 3.000000
v 914.753593 501.225019 -5.000000
v 914.753593 501.225019 3.000000
v 1146.753593 365.225019 -5.000000
v 1146.753593 365.225019 3.000000
v 1180.753593 339.225019 -5.000000
v 1180.753593 339.225019 3.000000
v 1370.753593 251.225019 -5.000000
v 1370.753593 251.225019 3.000000
v 1488.753593 207.225019 -5.000000
v 1488.753593 207.225019 3.000000
v 1638.753593 171.225019 -5.000000
v 1638.753593 171.225019 3.000000
v 1742.753593 155.225019 -5.000000
v 1742.753593 155.225019 3.000000
v 1764.753593 145.225019 -5.000000
v 1764.753593 145.225019 3.000000
v 1911.582020 143.225019 -5.000000
v 1911.582020 143.225019 3.000000
v 1959.582020 147.225019 -5.000000
v 1959.582020 147.225019 3.000000
v 2205.582020 149.225019 -5.000000
v 2205.582020 149.225019 3.000000
v 2489.582020 163.225019 -5.000000
v 2489.582020 163.225019 3.000000
v 2621.582020 165.225019 -5.000000
v 2621.582020 165.225019 3.000000
v 2691.582020 173.225019 -5.000000
v 2691.582020 173.225019 3.000000
v 2797.582020 193.225019 -5.000000
v 2797.582020 193.225019 3.000000
v 2845.582020 205.225019 -5.000000
v 2845.582020 205.225019 3.000000
v 2907.582020 227.225019 -5.000000
v 2907.582020 227.225019 3.000000
v 3011.582020 271.225019 -5.000000
v 3011.582020 271.225019 3.000000
v 3063.582020 299.225019 -5.000000
v 3063.582020 299.225019 3.000000
v 3068.167807 310.639233 -5.000000
v 3068.167807 310.639233 3.000000
v 3061.582020 319.225019 -5.000000
v 3061.582020 319.225019 3.000000
v 3056.753593 319.225019 -5.000000
v 3056.753593 319.225019 3.000000
v 2968.753593 267.225019 -5.000000
v 2968.753593 267.225019 3.000000
v 2906.753593 239.225019 -5.000000
v 2906.753593 239.225019 3.000000
v 2814.753593 211.225019 -5.000000
v 2814.753593 211.225019 3.000000
v 2720.753593 189.225019 -5.000000
v 2720.753593 189.225019 3.000000
v 2642.753593 179.225019 -5.000000
v 2642.753593 179.225019 3.000000
v 2593.582020 177.225019 -5.000000
v 2593.582020 177.225019 3.000000
v 2572.753593 187.225019 -5.000000
v 2572.753593 187.225019 3.000000
v 2564.753593 175.225019 -5.000000
v 2564.753593 175.225019 3.000000
v 2416.753593 169.225019 -5.000000
v 2416.753593 169.225019 3.000000
v 2399.582020 169.225019 -5.000000
v 2399.582020 169.225019 3.000000
v 2387.582020 175.225019 -5.000000
v 2387.582020 175.225019 3.000000
v 2366.753593 175.225019 -5.000000
v 2366.753593 175.225019 3.000000
v 2356.753593 169.225019 -5.000000
v 2356.753593 169.225019 3.000000
v 2238.753593 163.225019 -5.000000
v 2238.753593 163.225019 3.000000
v 2201.582020 163.225019 -5.000000
v 2201.582020 163.225019 3.000000
v 2189.582020 169.225019 -5.000000
v 2189.582020 169.225019 3.000000
v 2168.753593 169.225019 -5.000000
v 2168.753593 169.225019 3.000000
v 2156.753593 163.225019 -5.000000
v 2156.753593 163.225019 3.000000
v 2132.753593 161.225019 -5.000000
v 2132.753593 161.225019 3.000000
v 1995.582020 159.225019 -5.000000
v 1995.582020 159.225019 3.000000
v 1987.582020 163.225019 -5.000000
v 1987.582020 163.225019 3.000000
v 1968.753593 163.225019 -5.000000
v 1968.753593 163.225019 3.000000
v 1958.753593 157.225019 -5.000000
v 1958.753593 157.225019 3.000000
v 1878.753593 155.225019 -5.000000
v 1878.753593 155.225019 3.000000
v 1713.582020 169.225019 -5.000000
v 1713.582020 169.225019 3.000000
v 1703.582020 171.225019 -5.000000
v 1703.582020 171.225019 3.000000
v 1695.582020 179.225019 -5.000000
v 1695.582020 179.225019 3.000000
v 1659.582020 179.225019 -5.000000
v 1659.582020 179.225019 3.000000
v 1599.582020 191.225019 -5.000000
v 1599.582020 191.225019 3.000000
v 1443.582020 237.225019 -5.000000
v 1443.582020 237.225019 3.000000
v 1427.582020 249.225019 -5.000000
v 1427.582020 249.225019 3.000000
v 1405.582020 251.225019 -5.000000
v 1405.582020 251.225019 3.000000
v 1389.582020 257.225019 -5.000000
v 1389.582020 257.225019 3.000000
v 1191.582020 353.225019 -5.000000
v 1191.582020 353.225019 3.000000
v 1182.167807 371.225019 -5.000000
v 1182.167807 371.225019 3.000000
v 1167.582020 377.225019 -5.000000
v 1167.582020 377.225019 3.000000
v 1155.582020 375.225019 -5.000000
v 1155.582020 375.225019 3.000000
v 1147.582020 379.225019 -5.000000
v 1147.582020 379.225019 3.000000
v 961.582020 491.225019 -5.000000
v 961.582020 491.225019 3.000000
v 950.582020 506.225019 -5.000000
v 950.582020 506.225019 3.000000
v 1128.753593 401.225019 -5.000000
v 1128.753593 401.225019 3.000000
v 1188.753593 373.225019 -5.000000
v 1188.753593 373.225019 3.000000
v 1238.753593 337.225019 -5.000000
v 1238.753593 337.225019 3.000000
v 1510.753593 221.225019 -5.000000
v 1510.753593 221.225019 3.000000
v 1636.753593 193.225019 -5.000000
v 1636.753593 193.225019 3.000000
v 1696.753593 189.225019 -5.000000
v 1696.753593 189.225019 3.000000
v 1760.753593 175.225019 -5.000000
v 1760.753593 175.225019 3.000000
v 1992.753593 167.225019 -5.000000
v 1992.753593 167.225019 3.000000
v 2315.582020 181.225019 -5.000000
v 2315.582020 181.225019 3.000000
v 2524.167807 183.225019 -5.000000
v 2524.167807 183.225019 3.000000
v 2524.167807 187.225019 -5.000000
v 2524.167807 187.225019 3.000000
v 2312.753593 185.225019 -5.000000
v 2312.753593 185.225019 3.000000
v 2130.753593 179.225019 -5.000000
v 2130.753593 179.225019 3.000000
v 2000.753593 171.225019 -5.000000
v 2000.753593 171.225019 3.000000
v 1763.582020 179.225019 -5.000000
v 1763.582020 179.225019 3.000000
v 1699.582020 193.225019 -5.000000
v 1699.582020 193.225019 3.000000
v 1639.582020 197.225019 -5.000000
v 1639.582020 197.225019 3.000000
v 1521.582020 223.225019 -5.000000
v 1521.582020 223.225019 3.000000
v 1233.582020 345.225019 -5.000000
v 1233.582020 345.225019 3.000000
v 1189.582020 379.225019 -5.000000
v 1189.582020 379.225019 3.000000
v 1135.582020 403.225019 -5.000000
v 1135.582020 403.225019 3.000000
v 987.582020 489.225019 -5.000000
v 987.582020 489.225019 3.000000
v 765.582020 637.225019 -5.000000
v 765.582020 637.225019 3.000000
v 760.167807 637.225019 -5.000000
v 760.167807 637.225019 3.000000
v 760.167807 633.225019 -5.000000
v 760.167807 633.225019 3.000000
v 949.753593 508.225019 -5.000000
v 949.753593 508.225019 3.000000
v 943.582020 509.225019 -5.000000
v 943.582020 509.225019 3.000000
v 711.582020 651.225019 -5.000000
v 711.582020 651.225019 3.000000
v 639.582020 661.225019 -5.000000
v 639.582020 661.225019 3.000000
v 616.167807 714.639233 -5.000000
v 616.167807 714.639233 3.000000
v 563.582020 751.225019 -5.000000
v 563.582020 751.225019 3.000000
v 511.582020 813.225019 -5.000000
v 511.582020 813.225019 3.000000
vn -1.000000000 0.000000000 0.000000000
vn 0.851318256 -0.524649623 0.000000000
vn 0.987269765 0.159054742 0.000000000
vn 0.936329178 0.351123442 0.000000000
vn 0.966989850 0.254814893 0.000000000
vn 0.970142500 0.242535625 0.000000000
vn 1.000000000 0.000000000 0.000000000
vn 0.807591664 -0.589742065 0.000000000
vn 0.514495755 -0.857492926 0.000000000
vn -0.103112547 -0.994669695 0.000000000
vn 0.987105478 -0.160071159 0.000000000
vn 0.190741374 0.981640325 0.000000000
vn 0.955591289 0.294695245 0.000000000
vn 0.970142500 -0.242535625 0.000000000
vn 0.707106781 -0.707106781 0.000000000
vn 0.529998940 -0.847998304 0.000000000
vn 0.200396236 -0.979714932 0.000000000
vn 0.516336972 -0.856385504 0.000000000
vn 0.824773223 -0.565463642 0.000000000
vn 0.979804059 -0.199960012 0.000000000
vn 0.993011695 0.118015985 0.000000000
vn 0.894427191 0.447213595 0.000000000
vn 0.560708098 0.828013544 0.000000000
vn 0.291806643 0.956477330 0.000000000
vn 0.707106808 0.707106755 0.000000000
vn 0.803765101 0.594946773 0.000000000
vn 0.978840685 -0.204623836 0.000000000
vn 0.857492926 -0.514495755 0.000000000
vn -0.707106781 -0.707106781 0.000000000
vn -0.828059337 -0.560640468 0.000000000
vn -0.411402077 -0.911453965 0.000000000
vn -0.624695048 -0.780868809 0.000000000
vn -0.105628123 -0.994405702 0.000000000
vn 0.255197427 -0.966888966 0.000000000
vn -0.431361973 -0.902178945 0.000000000
vn 0.471124093 -0.882066941 0.000000000
vn 0.980580676 -0.196116135 0.000000000
vn 0.544728764 -0.838612290 0.000000000
vn -0.073407749 -0.997302012 0.000000000
vn -0.537457885 -0.843290591 0.000000000
vn 0.857168444 -0.515036172 0.000000000
vn -0.073027861 -0.997329901 0.000000000
vn 0.872153489 -0.489232349 0.000000000
vn 0.917932600 0.396736363 0.000000000
vn 0.857492926 -0.514495755 0.000000000
vn 0.707106781 -0.707106781 0.000000000
vn -0.316227766 -0.948683298 0.000000000
vn 0.757106131 -0.653291900 0.000000000
vn 0.916706380 0.399561527 0.000000000
vn 0.819231921 0.573462344 0.000000000
vn 1.000000000 0.000000000 0.000000000
vn 0.759256602 0.650791373 0.000000000
vn 0.886584846 0.462566007 0.000000000
vn 0.819231921 0.573462344 0.000000000
vn 0.699146940 -0.714978011 0.000000000
vn -0.889105715 -0.457701898 0.000000000
vn -0.930973198 -0.365087529 0.000000000
vn -0.894427191 -0.447213595 0.000000000
vn -0.707106781 -0.707106781 0.000000000
vn 0.425348031 -0.905029863 0.000000000
vn 0.115689509 -0.993285426 0.000000000
vn -0.943490584 -0.331399334 0.000000000
vn -0.323480172 -0.946234949 0.000000000
vn 0.572818170 -0.819682466 0.000000000
vn 0.897631202 -0.440747349 0.000000000
vn 0.822715340 -0.568453576 0.000000000
vn 0.382740328 -0.923855964 0.000000000
vn 0.438628332 -0.898668563 0.000000000
vn 0.968156765 0.250344718 0.000000000
vn 0.431904938 -0.901919134 0.000000000
vn 0.201249385 -0.979540037 0.000000000
vn -0.994076303 -0.108684425 0.000000000
vn 0.071247050 -0.997458700 0.000000000
vn 0.986817630 0.161836228 0.000000000
vn 0.540757591 -0.841178475 0.000000000
vn 0.999452486 0.033086667 0.000000000
vn 0.978549785 0.206010481 0.000000000
vn 0.977039505 -0.213058219 0.000000000
vn 0.333333216 -0.942809083 0.000000000
vn 1.000000000 0.000000000 0.000000000
vn 0.971747266 0.236023838 0.000000000
vn 0.338854197 -0.940838898 0.000000000
vn -0.785615171 -0.618715446 0.000000000
vn -0.964763821 -0.263117406 0.000000000
vn -1.000000000 0.000000000 0.000000000
vn -0.894427191 -0.447213595 0.000000000
vn -0.957826285 -0.287347886 0.000000000
vn -0.988936353 -0.148340453 0.000000000
vn -0.820649905 -0.571431303 0.000000000
vn 0.066519011 -0.997785158 0.000000000
vn -0.976187060 -0.216930458 0.000000000
vn -0.465746433 -0.884918222 0.000000000
vn 0.264859185 -0.964287100 0.000000000
vn 0.898232930 -0.439519743 0.000000000
vn 0.000000000 -1.000000000 0.000000000
vn 1.000000000 0.000000000 0.000000000
vn 0.340937075 -0.940086119 0.000000000
vn -0.777059774 -0.629426809 0.000000000
vn -0.528248440 -0.849089857 0.000000000
vn -0.029280250 -0.999571242 0.000000000
vn 0.316227766 -0.948683298 0.000000000
vn 0.707106781 -0.707106781 0.000000000
vn 0.907310607 -0.420461013 0.000000000
vn -0.146999875 -0.989136511 0.000000000
vn -0.908319395 -0.418277273 0.000000000
vn -1.000000000 0.000000000 0.000000000
vn -0.894427191 -0.447213595 0.000000000
vn -0.578127888 -0.815946166 0.000000000
vn -0.013887549 -0.999903563 0.000000000
vn -0.393919299 -0.919145030 0.000000000
vn -0.707106744 -0.707106819 0.000000000
vn -0.987464762 -0.157839613 0.000000000
vn -0.533402115 0.845861800 0.000000000
vn -0.178885438 0.983869910 0.000000000
vn -0.918347502 0.395775019 0.000000000
vn 0.222479302 -0.974937413 0.000000000
vn -0.982712052 -0.185140549 0.000000000
vn -0.948159792 0.317793973 0.000000000
vn -0.707106781 -0.707106781 0.000000000
vn -0.953077416 0.302726673 0.000000000
vn -0.707106781 0.707106781 0.000000000
vn 0.397506114 0.917599525 0.000000000
vn 0.864011130 -0.503472708 0.000000000
vn 0.862856205 0.505449472 0.000000000
vn -0.948683298 0.316227766 0.000000000
vn -0.460249327 0.887789703 0.000000000
vn 0.341743063 0.939793423 0.000000000
vn 0.000000000 1.000000000 0.000000000
vn -1.000000000 0.000000000 0.000000000
vn -0.306920697 -0.951735092 0.000000000
vn -0.917029089 0.398820324 0.000000000
vn 0.395775148 -0.918347446 0.000000000
vn 0.917070056 -0.398726111 0.000000000
vn -0.237292925 -0.971438144 0.000000000
vn -0.955591213 -0.294695494 0.000000000
vn -0.939793423 0.341743063 0.000000000
vn -0.763386285 0.645942241 0.000000000
vn -0.948683298 0.316227766 0.000000000
vn -0.955285891 0.295683728 0.000000000
vn -0.924616874 -0.380898459 0.000000000
vn -0.465127928 0.885243475 0.000000000
vn 0.242535625 0.970142500 0.000000000
vn -0.380429281 0.924810014 0.000000000
vn -0.908980361 -0.416838941 0.000000000
vn 0.000000000 -1.000000000 0.000000000
vn 0.466294661 -0.884629464 0.000000000
vn 0.948683298 -0.316227766 0.000000000
vn 0.980580676 0.196116135 0.000000000
vn 0.950397129 -0.311039060 0.000000000
vn 0.479841407 -0.877355244 0.000000000
vn -0.707106781 -0.707106781 0.000000000
vn 0.000000000 -1.000000000 0.000000000
vn -0.573462344 -0.819231921 0.000000000
vn 0.133665758 -0.991026470 0.000000000
vn 0.554700196 -0.832050294 0.000000000
vn -0.127278406 -0.991867031 0.000000000
vn 0.277500975 -0.960725356 0.000000000
vn -0.109355712 -0.994002680 0.000000000
vn 0.707106781 -0.707106781 0.000000000
vn 0.164398987 -0.986393924 0.000000000
vn 0.624695048 -0.780868809 0.000000000
vn -0.597183470 -0.802104671 0.000000000
vn -0.966957091 -0.254939179 0.000000000
vn -0.208689958 0.977981851 0.000000000
vn -1.000000000 0.000000000 0.000000000
vn 0.132163720 -0.991227901 0.000000000
vn 1.000000000 0.000000000 0.000000000
vn 0.140028051 0.990147537 0.000000000
vn 0.954353996 0.298677838 0.000000000
vn 0.525714685 -0.850660961 0.000000000
vn 0.218849694 -0.975758583 0.000000000
vn 0.773271369 -0.634075224 0.000000000
vn 0.998911431 -0.046647122 0.000000000
vn 0.973417168 0.229039334 0.000000000
vn 0.987608103 -0.156940228 0.000000000
vn 0.995037190 0.099503719 0.000000000
vn 0.948683298 -0.316227766 0.000000000
vn 0.521224900 -0.853419360 0.000000000
vn -0.268628347 -0.963243900 0.000000000
vn -0.707106781 -0.707106781 0.000000000
vn 0.172590714 -0.984993627 0.000000000
vn 0.524097426 -0.851658317 0.000000000
vn 0.853178847 -0.521618495 0.000000000
vn 1.000000000 0.000000000 0.000000000
vn 0.894427191 0.447213595 0.000000000
vn 0.819682434 0.572818214 0.000000000
vn 0.465941380 0.884815591 0.000000000
vn 0.801830572 0.597551449 0.000000000
vn 0.422304465 0.906454047 0.000000000
vn 0.000000000 1.000000000 0.000000000
vn -0.643681291 0.765293666 0.000000000
vn -0.903508611 0.428569936 0.000000000
vn 0.000000000 1.000000000 0.000000000
vn 0.406138466 0.913811549 0.000000000
vn 0.759555903 0.650442027 0.000000000
vn 0.545221009 0.838292343 0.000000000
vn 0.936329178 0.351123442 0.000000000
vn 1.000000000 0.000000000 0.000000000
vn 0.991635302 -0.129071405 0.000000000
vn 0.986393924 0.164398987 0.000000000
vn 0.826087725 0.563541542 0.000000000
vn 0.071247050 0.997458700 0.000000000
vn 0.707106885 0.707106678 0.000000000
vn 0.995037190 0.099503719 0.000000000
vn 0.707106644 0.707106918 0.000000000
vn 0.092991223 0.995666928 0.000000000
vn -0.854542523 0.519381437 0.000000000
vn 0.678887508 0.734242298 0.000000000
vn 0.477400522 0.878685804 0.000000000
vn 1.000000000 0.000000000 0.000000000
vn 0.447213595 -0.894427191 0.000000000
vn 1.000000000 0.000000000 0.000000000
vn 0.418277172 -0.908319441 0.000000000
vn 0.173785334 -0.984783559 0.000000000
vn 0.000000000 -1.000000000 0.000000000
vn -0.658504608 -0.752576695 0.000000000
vn 0.000000000 -1.000000000 0.000000000
vn 0.276884378 -0.960903242 0.000000000
vn 0.999470873 0.032526502 0.000000000
vn -0.119717918 -0.992807947 0.000000000
vn 0.957008643 -0.290059404 0.000000000
vn 1.000000000 0.000000000 0.000000000
vn 0.536875492 0.843661488 0.000000000
vn 0.837820959 -0.545945090 0.000000000
vn -0.657334508 -0.753598928 0.000000000
vn -0.413802944 -0.910366477 0.000000000
vn -0.457643432 -0.889135810 0.000000000
vn -0.332820118 -0.942990334 0.000000000
vn -0.242535625 -0.970142500 0.000000000
vn 0.032927208 -0.999457752 0.000000000
vn 0.000000000 -1.000000000 0.000000000
vn -0.393919299 -0.919145030 0.000000000
vn 0.000000000 -1.000000000 0.000000000
vn 0.828165770 -0.560483235 0.000000000
vn 0.043437224 -0.999056158 0.000000000
vn 0.025853424 -0.999665744 0.000000000
vn 0.000000000 -1.000000000 0.000000000
vn -0.554700196 -0.832050294 0.000000000
vn 0.000000000 -1.000000000 0.000000000
vn 0.447213595 -0.894427191 0.000000000
vn 0.036120991 -0.999347424 0.000000000
vn 0.000000000 -1.000000000 0.000000000
vn 0.071247050 -0.997458700 0.000000000
vn -0.367761525 -0.929920137 0.000000000
vn 0.000000000 -1.000000000 0.000000000
vn 0.496138938 -0.868243142 0.000000000
vn 0.029616632 -0.999561331 0.000000000
vn 0.000000000 -1.000000000 0.000000000
vn -0.260442804 -0.965489278 0.000000000
vn 0.124034735 -0.992277877 0.000000000
vn 0.447213595 -0.894427191 0.000000000
vn 0.079745222 -0.996815279 0.000000000
vn 0.161131899 -0.986932881 0.000000000
vn 0.220260871 -0.975441002 0.000000000
vn 0.287347886 -0.957826285 0.000000000
vn 0.392565198 -0.919724179 0.000000000
vn 0.469155226 -0.883115719 0.000000000
vn 0.525492881 -0.850797997 0.000000000
vn 0.569209979 -0.822192192 0.000000000
vn 0.316227766 -0.948683298 0.000000000
vn 0.503871026 -0.863778901 0.000000000
vn 0.815946179 -0.578127869 0.000000000
vn 0.636281899 -0.771456639 0.000000000
vn 0.564151742 -0.825671128 0.000000000
vn 1.000000000 0.000000000 0.000000000
vn 0.000000000 1.000000000 0.000000000
vn -0.575493406 0.817806419 0.000000000
vn -0.242535625 0.970142500 0.000000000
vn -0.813733471 0.581238194 0.000000000
vn -0.567732956 0.823212786 0.000000000
vn -0.268628347 0.963243900 0.000000000
vn 0.566916194 0.823775472 0.000000000
vn -0.479841521 0.877355181 0.000000000
vn -0.857492926 0.514495755 0.000000000
vn -0.561122305 0.827732903 0.000000000
vn -0.507692308 0.861538462 0.000000000
vn -0.447213595 0.894427191 0.000000000
vn -0.379918854 0.925019818 0.000000000
vn -0.303203657 0.952925780 0.000000000
vn -0.242535625 0.970142500 0.000000000
vn 0.090535746 0.995893206 0.000000000
vn -0.316227766 0.948683298 0.000000000
vn -0.130454513 0.991454296 0.000000000
vn -0.038433122 0.999261175 0.000000000
vn -0.020300384 0.999793926 0.000000000
vn -0.080815869 0.996729048 0.000000000
vn -0.032591373 0.999468760 0.000000000
vn -0.021500405 0.999768840 0.000000000
vn 0.021733995 0.999763789 0.000000000
vn -0.209529089 0.977802414 0.000000000
vn -0.066519011 0.997785158 0.000000000
vn -0.029399052 0.999567754 0.000000000
vn 0.111663241 0.993746105 0.000000000
vn 0.992807946 0.119717925 0.000000000
vn 0.000000000 1.000000000 0.000000000
vn -0.226869208 0.973925235 0.000000000
vn -0.907319695 0.420441399 0.000000000
vn 0.000000000 1.000000000 0.000000000
vn 0.076696499 0.997054486 0.000000000
vn 0.554700196 0.832050294 0.000000000
vn 0.000000000 1.000000000 0.000000000
vn -0.963243890 0.268628382 0.000000000
vn 0.072126450 0.997395496 0.000000000
vn 0.212429644 0.977176364 0.000000000
vn 0.303203657 0.952925780 0.000000000
vn 0.463254209 0.886225444 0.000000000
vn 0.588171698 0.808736084 0.000000000
vn 0.780868809 0.624695048 0.000000000
vn 0.429933580 0.902860519 0.000000000
vn 0.479501354 0.877541139 0.000000000
vn 0.888354994 -0.459157277 0.000000000
vn 0.429358789 -0.903134005 0.000000000
vn -0.380263125 -0.924878346 0.000000000
vn -0.718498643 -0.695528360 0.000000000
vn -0.462178820 -0.886786749 0.000000000
vn -0.380749805 -0.924678098 0.000000000
vn -0.209529089 -0.977802414 0.000000000
vn -0.088875989 -0.996042699 0.000000000
vn 0.707106781 -0.707106781 0.000000000
vn 0.982699942 0.185204819 0.000000000
vn 0.233113398 -0.972449558 0.000000000
vn -0.995332421 -0.096505807 0.000000000
vn -0.254357164 0.967110352 0.000000000
vn 0.168963815 0.985622255 0.000000000
vn 0.432120180 0.901816029 0.000000000
vn 0.717626325 0.696428358 0.000000000
vn 0.707106777 0.707106786 0.000000000
vn 0.000000000 1.000000000 0.000000000
vn -1.000000000 0.000000000 0.000000000
vn -0.717154808 -0.696913899 0.000000000
vn -0.424907137 -0.905236944 0.000000000
vn -0.168963815 -0.985622255 0.000000000
vn 0.134748437 -0.990879841 0.000000000
vn 0.996545758 0.083045480 0.000000000
vn 0.057730778 0.998332188 0.000000000
vn 0.206010481 0.978549785 0.000000000
vn 0.242535625 0.970142500 0.000000000
vn 0.417500172 0.908676844 0.000000000
vn 0.770474359 -0.637470989 0.000000000
vn 1.000000000 0.000000000 0.000000000
vn 0.857492926 0.514495755 0.000000000
vn 0.919014778 0.394223082 0.000000000
vn 0.000000000 1.000000000 0.000000000
vn -0.967940086 -0.251181189 0.000000000
vn -0.913811549 -0.406138466 0.000000000
vn -0.860926528 -0.508729312 0.000000000
vn -0.963243900 0.268628347 0.000000000
vn -0.707106781 0.707106781 0.000000000
vn -0.404163848 -0.914686604 0.000000000
vn -0.216930458 -0.976187060 0.000000000
vn 0.000000000 -1.000000000 0.000000000
vn -0.707106781 -0.707106781 0.000000000
vn -0.857492926 0.514495755 0.000000000
vn 0.000000000 1.000000000 0.000000000
vn 0.148340453 0.988936353 0.000000000
vn 0.408366060 0.912818252 0.000000000
vn 0.707106781 0.707106781 0.000000000
vn 0.581238194 -0.813733471 0.000000000
vn -0.196116135 -0.980580676 0.000000000
vn 0.514495755 -0.857492926 0.000000000
vn 0.944222625 -0.329307812 0.000000000
vn 0.793456802 0.608626571 0.000000000
vn 0.418277273 0.908319395 0.000000000
vn 0.923591664 0.383377672 0.000000000
vn 0.832050294 0.554700196 0.000000000
vn 0.978319399 -0.207101794 0.000000000
vn -0.789352217 -0.613940614 0.000000000
vn -0.955779009 -0.294085849 0.000000000
vn -0.813733471 -0.581238194 0.000000000
vn 0.707106781 -0.707106781 0.000000000
vn 0.917281464 0.398239521 0.000000000
vn 0.643681261 0.765293692 0.000000000
vn 0.360380741 0.932805297 0.000000000
vn -0.918347502 -0.395775019 0.000000000
vn -0.384375029 -0.923177034 0.000000000
vn -0.932683361 0.360696199 0.000000000
vn -0.633237790 0.773957299 0.000000000
vn 0.405986220 0.913879199 0.000000000
vn 0.803295634 0.595580493 0.000000000
vn 0.362226638 0.932090051 0.000000000
vn 0.502375714 0.864649433 0.000000000
vn 0.995202010 0.097841505 0.000000000
vn -0.510951714 -0.859609415 0.000000000
vn 0.000000000 -1.000000000 0.000000000
vn 0.707106781 -0.707106781 0.000000000
vn 0.848526052 0.529153607 0.000000000
vn 0.707106771 0.707106791 0.000000000
vn 0.802552188 -0.596581918 0.000000000
vn 0.999560215 -0.029654287 0.000000000
vn 0.164398987 0.986393924 0.000000000
vn -0.916617778 0.399764742 0.000000000
vn -0.998752339 0.049937617 0.000000000
vn -0.934997526 0.354654234 0.000000000
vn 0.837610597 0.546267781 0.000000000
vn 0.951222819 0.308504698 0.000000000
vn 0.800000000 0.600000000 0.000000000
vn 0.934487735 0.355995328 0.000000000
vn 0.982616270 0.185648231 0.000000000
vn 0.589742065 -0.807591664 0.000000000
vn 0.115689509 -0.993285426 0.000000000
vn -0.529998940 -0.847998304 0.000000000
vn 0.000000000 -1.000000000 0.000000000
vn 0.608626526 -0.793456836 0.000000000
vn 1.000000000 0.000000000 0.000000000
vn 0.643681261 0.765293692 0.000000000
vn 0.485642931 0.874157276 0.000000000
vn 0.000000000 1.000000000 0.000000000
vn 0.866864920 0.498543088 0.000000000
vn 0.976599934 -0.215064105 0.000000000
vn -0.069794225 -0.997561410 0.000000000
vn 0.000000000 -1.000000000 0.000000000
vn 0.503472708 -0.864011130 0.000000000
vn -0.404456155 -0.914557389 0.000000000
vn -0.542899504 -0.839797671 0.000000000
vn -0.505719500 -0.862697970 0.000000000
vn -0.607450108 -0.794357833 0.000000000
vn -0.420269224 -0.907399460 0.000000000
vn -0.349382449 -0.936980205 0.000000000
vn -0.233372952 -0.972387302 0.000000000
vn -0.152057184 -0.988371698 0.000000000
vn -0.413802944 -0.910366477 0.000000000
vn -0.013620077 -0.999907242 0.000000000
vn 0.083045480 -0.996545758 0.000000000
vn 0.008129813 -0.999966953 0.000000000
vn 0.049235987 -0.998787173 0.000000000
vn 0.015149776 -0.999885236 0.000000000
vn 0.113546591 -0.993532673 0.000000000
vn 0.185407859 -0.982661654 0.000000000
vn 0.242535625 -0.970142500 0.000000000
vn 0.334409845 -0.942427745 0.000000000
vn 0.389639991 -0.920967251 0.000000000
vn 0.474099823 -0.880471100 0.000000000
vn 0.927912128 -0.372798983 0.000000000
vn 0.793456802 0.608626571 0.000000000
vn 0.000000000 1.000000000 0.000000000
vn -0.508729312 0.860926528 0.000000000
vn -0.411586722 0.911370600 0.000000000
vn -0.291161616 0.956673880 0.000000000
vn -0.227884467 0.973688179 0.000000000
vn -0.127164316 0.991881665 0.000000000
vn -0.040640304 0.999173842 0.000000000
vn 0.432813908 0.901483289 0.000000000
vn -0.832050294 0.554700196 0.000000000
vn -0.040507267 0.999179244 0.000000000
vn 0.000000000 1.000000000 0.000000000
vn 0.447213595 0.894427191 0.000000000
vn 0.000000000 1.000000000 0.000000000
vn -0.514495755 0.857492926 0.000000000
vn -0.050781853 0.998709769 0.000000000
vn 0.000000000 1.000000000 0.000000000
vn 0.447213595 0.894427191 0.000000000
vn 0.000000000 1.000000000 0.000000000
vn -0.447213595 0.894427191 0.000000000
vn -0.083045480 0.996545758 0.000000000
vn -0.014578731 0.999893725 0.000000000
vn 0.447213595 0.894427191 0.000000000
vn 0.000000000 1.000000000 0.000000000
vn -0.514495755 0.857492926 0.000000000
vn -0.024992191 0.999687646 0.000000000
vn 0.084457506 0.996427082 0.000000000
vn 0.196116135 0.980580676 0.000000000
vn 0.707106781 0.707106781 0.000000000
vn 0.000000000 1.000000000 0.000000000
vn 0.196116135 0.980580676 0.000000000
vn 0.282832020 0.959169458 0.000000000
vn 0.600000000 0.800000000 0.000000000
vn 0.090535746 0.995893206 0.000000000
vn 0.351123442 0.936329178 0.000000000
vn 0.436273507 0.899814107 0.000000000
vn 0.886121900 0.463452239 0.000000000
vn 0.380429259 0.924810023 0.000000000
vn -0.164398987 0.986393924 0.000000000
vn 0.447213595 0.894427191 0.000000000
vn 0.515849761 0.856679067 0.000000000
vn 0.806404996 0.591363664 0.000000000
vn -0.507713976 -0.861525692 0.000000000
vn -0.422885465 -0.906183140 0.000000000
vn -0.584304726 -0.811534341 0.000000000
vn -0.392286095 -0.919843258 0.000000000
vn -0.216930458 -0.976187060 0.000000000
vn -0.066519011 -0.997785158 0.000000000
vn -0.213696879 -0.976900017 0.000000000
vn -0.034462276 -0.999405999 0.000000000
vn 0.043325967 -0.999060989 0.000000000
vn 0.009587940 -0.999954035 0.000000000
vn 1.000000000 0.000000000 0.000000000
vn -0.009459679 0.999955256 0.000000000
vn -0.032949133 0.999457030 0.000000000
vn -0.061422269 0.998111870 0.000000000
vn 0.033711683 0.999431600 0.000000000
vn 0.213696879 0.976900017 0.000000000
vn 0.066519011 0.997785158 0.000000000
vn 0.215177531 0.976574949 0.000000000
vn 0.390057150 0.920790649 0.000000000
vn 0.611447501 0.791285001 0.000000000
vn 0.406138466 0.913811549 0.000000000
vn 0.502417365 0.864625232 0.000000000
vn 0.554700196 0.832050294 0.000000000
vn 0.000000000 1.000000000 0.000000000
vn -1.000000000 0.000000000 0.000000000
vn -0.550453752 -0.834865658 0.000000000
vn 0.159947161 0.987125578 0.000000000
vn 0.522044711 0.852918120 0.000000000
vn 0.137568371 0.990492273 0.000000000
vn 0.915870648 0.401473481 0.000000000
vn 0.571110446 0.820873229 0.000000000
vn 0.766191543 0.642612262 0.000000000
vn 0.000000000 1.000000000 0.000000000
vn 0.000000000 0.000000000 1.000000000
vn 0.000000000 0.000000000 -1.000000000
vn 0.000000000 -0.000000000 1.000000000
vn 0.000000000 0.000000000 -1.000000000
vn 0.000000000 0.000000000 1.000000000
vn 0.000000000 0.000000000 -1.000000000
vn 0.000000000 0.000000000 1.000000000
vn 0.000000000 0.000000000 -1.000000000
vn 0.000000000 0.000000000 1.000000000
vn 0.000000000 0.000000000 -1.000000000
vn -0.000000000 0.000000000 1.000000000
vn 0.000000000 0.000000000 -1.000000000
vn 0.000000000 0.000000000 1.000000000
vn -0.000000000 0.000000000 -1.000000000
vn 0.000000000 0.000000000 1.000000000
vn 0.000000000 0.000000000 -1.000000000
vn 0.000000000 0.000000000 1.000000000
vn -0.000000000 0.000000000 -1.000000000
vn 0.000000000 0.000000000 1.000000000
vn 0.000000000 0.000000000 -1.000000000
vn 0.000000000 0.000000000 1.000000000
vn 0.000000000 0.000000000 -1.000000000
vn 0.000000000 0.000000000 1.000000000
vn -0.000000000 0.000000000 -1.000000000
vn -0.000000000 0.000000000 1.000000000
vn 0.000000000 0.000000000 -1.000000000
vn -0.000000000 0.000000000 1.000000000
vn 0.000000000 0.000000000 -1.000000000
vn 0.000000000 0.000000000 1.000000000
vn -0.000000000 0.000000000 -1.000000000
vn 0.000000000 0.000000000 1.000000000
vn 0.000000000 0.000000000 -1.000000000
vn 0.000000000 0.000000000 1.000000000
vn 0.000000000 0.000000000 -1.000000000
vn 0.000000000 0.000000000 1.000000000
vn 0.000000000 -0.000000000 -1.000000000
vn -0.000000000 0.000000000 1.000000000
vn -0.000000000 0.000000000 -1.000000000
vn 0.000000000 -0.000000000 1.000000000
vn 0.000000000 0.000000000 -1.000000000
vn 0.000000000 -0.000000000 1.000000000
vn 0.000000000 0.000000000 -1.000000000
vn 0.000000000 -0.000000000 1.000000000
vn 0.000000000 0.000000000 -1.000000000
vn 0.000000000 -0.000000000 1.000000000
vn 0.000000000 0.000000000 -1.000000000
vn 0.000000000 -0.000000000 1.000000000
vn 0.000000000 0.000000000 -1.000000000
vn 0.000000000 -0.000000000 1.000000000
vn 0.000000000 0.000000000 -1.000000000
vn 0.000000000 0.000000000 1.000000000
vn 0.000000000 0.000000000 -1.000000000
vn 0.000000000 -0.000000000 1.000000000
vn 0.000000000 0.000000000 -1.000000000
vn 0.000000000 -0.000000000 1.000000000
vn 0.000000000 0.000000000 -1.000000000
vn 0.000000000 0.000000000 1.000000000
vn 0.000000000 0.000000000 -1.000000000
vn 0.000000000 0.000000000 1.000000000
vn 0.000000000 0.000000000 -1.000000000
vn 0.000000000 0.000000000 1.000000000
vn 0.000000000 0.000000000 -1.000000000
vn 0.000000000 0.000000000 1.000000000
vn 0.000000000 0.000000000 -1.000000000
vn 0.000000000 0.000000000 1.000000000
vn 0.000000000 0.000000000 -1.000000000
vn -0.000000000 0.000000000 1.000000000
vn 0.000000000 0.000000000 -1.000000000
vn 0.000000000 0.000000000 1.000000000
vn -0.000000000 0.000000000 -1.000000000
vn 0.000000000 0.000000000 1.000000000
vn 0.000000000 0.000000000 -1.000000000
vn 0.000000000 -0.000000000 1.000000000
vn 0.000000000 0.000000000 -1.000000000
vn 0.000000000 0.000000000 1.000000000
vn 0.000000000 0.000000000 -1.000000000
vn 0.000000000 0.000000000 1.000000000
vn 0.000000000 0.000000000 -1.000000000
vn 0.000000000 0.000000000 1.000000000
vn 0.000000000 0.000000000 -1.000000000
vn 0.000000000 0.000000000 1.000000000
vn 0.000000000 0.000000000 -1.000000000
vn 0.000000000 -0.000000000 1.000000000
vn 0.000000000 0.000000000 -1.000000000
vn 0.000000000 0.000000000 1.000000000
vn 0.000000000 -0.000000000 -1.000000000
vn 0.000000000 0.000000000 1.000000000
vn 0.000000000 0.000000000 -1.000000000
vn -0.000000000 -0.000000000 1.000000000
vn 0.000000000 0.000000000 -1.000000000
vn -0.000000000 0.000000000 1.000000000
vn -0.000000000 0.000000000 -1.000000000
vn 0.000000000 0.000000000 1.000000000
vn 0.000000000 -0.000000000 -1.000000000
vn 0.000000000 0.000000000 1.000000000
vn -0.000000000 0.000000000 -1.000000000
vn 0.000000000 -0.000000000 1.000000000
vn 0.000000000 0.000000000 -1.000000000
vn 0.000000000 0.000000000 1.000000000
vn 0.000000000 0.000000000 -1.000000000
vn 0.000000000 0.000000000 1.000000000
vn 0.000000000 0.000000000 -1.000000000
vn 0.000000000 0.000000000 1.000000000
vn 0.000000000 -0.000000000 -1.000000000
vn 0.000000000 0.000000000 1.000000000
vn 0.000000000 0.000000000 -1.000000000
vn 0.000000000 -0.000000000 1.000000000
vn 0.000000000 0.000000000 -1.000000000
vn 0.000000000 -0.000000000 1.000000000
vn 0.000000000 0.000000000 -1.000000000
vn 0.000000000 -0.000000000 1.000000000
vn 0.000000000 0.000000000 -1.000000000
vn 0.000000000 0.000000000 1.000000000
vn 0.000000000 -0.000000000 -1.000000000
vn -0.000000000 0.000000000 1.000000000
vn 0.000000000 0.000000000 -1.000000000
vn 0.000000000 -0.000000000 1.000000000
vn 0.000000000 0.000000000 -1.000000000
vn -0.000000000 -0.000000000 1.000000000
vn 0.000000000 0.000000000 -1.000000000
vn 0.000000000 0.000000000 1.000000000
vn 0.000000000 -0.000000000 -1.000000000
vn 0.000000000 0.000000000 1.000000000
vn 0.000000000 0.000000000 -1.000000000
vn 0.000000000 -0.000000000 1.000000000
vn 0.000000000 0.000000000 -1.000000000
vn 0.000000000 0.000000000 1.000000000
vn 0.000000000 0.000000000 -1.000000000
vn 0.000000000 0.000000000 1.000000000
vn 0.000000000 -0.000000000 -1.000000000
vn 0.000000000 0.000000000 1.000000000
vn 0.000000000 0.000000000 -1.000000000
vn 0.000000000 0.000000000 1.000000000
vn 0.000000000 0.000000000 -1.000000000
vn 0.000000000 0.000000000 1.000000000
vn 0.000000000 0.000000000 -1.000000000
vn 0.000000000 0.000000000 1.000000000
vn -0.000000000 0.000000000 -1.000000000
vn 0.000000000 0.000000000 1.000000000
vn -0.000000000 0.000000000 -1.000000000
vn 0.000000000 0.000000000 1.000000000
vn 0.000000000 0.000000000 -1.000000000
vn 0.000000000 0.000000000 1.000000000
vn 0.000000000 0.000000000 -1.000000000
vn 0.000000000 0.000000000 1.000000000
vn 0.000000000 0.000000000 -1.000000000
vn 0.000000000 0.000000000 1.000000000
vn 0.000000000 0.000000000 -1.000000000
vn 0.000000000 0.000000000 1.000000000
vn 0.000000000 0.000000000 -1.000000000
vn 0.000000000 0.000000000 1.000000000
vn -0.000000000 0.000000000 -1.000000000
vn 0.000000000 0.000000000 1.000000000
vn 0.000000000 0.000000000 -1.000000000
vn 0.000000000 0.000000000 1.000000000
vn 0.000000000 0.000000000 -1.000000000
vn 0.000000000 0.000000000 1.000000000
vn -0.000000000 0.000000000 -1.000000000
vn 0.000000000 0.000000000 1.000000000
vn 0.000000000 0.000000000 -1.000000000
vn 0.000000000 0.000000000 1.000000000
vn 0.000000000 0.000000000 -1.000000000
vn 0.000000000 -0.000000000 1.000000000
vn 0.000000000 0.000000000 -1.000000000
vn 0.000000000 0.000000000 1.000000000
vn 0.000000000 -0.000000000 -1.000000000
vn 0.000000000 0.000000000 1.000000000
vn 0.000000000 0.000000000 -1.000000000
vn 0.000000000 0.000000000 1.000000000
vn 0.000000000 -0.000000000 -1.000000000
vn 0.000000000 -0.000000000 1.000000000
vn 0.000000000 0.000000000 -1.000000000
vn 0.000000000 0.000000000 1.000000000
vn 0.000000000 0.000000000 -1.000000000
vn 0.000000000 0.000000000 1.000000000
vn -0.000000000 -0.000000000 -1.000000000
vn 0.000000000 0.000000000 1.000000000
vn 0.000000000 0.000000000 -1.000000000
vn -0.000000000 0.000000000 1.000000000
vn 0.000000000 -0.000000000 -1.000000000
vn 0.000000000 0.000000000 1.000000000
vn 0.000000000 -0.000000000 -1.000000000
vn 0.000000000 0.000000000 1.000000000
vn 0.000000000 0.000000000 -1.000000000
vn 0.000000000 0.000000000 1.000000000
vn -0.000000000 0.000000000 -1.000000000
vn -0.000000000 -0.000000000 1.000000000
vn 0.000000000 0.000000000 -1.000000000
vn 0.000000000 0.000000000 1.000000000
vn 0.000000000 -0.000000000 -1.000000000
vn 0.000000000 0.000000000 1.000000000
vn 0.000000000 0.000000000 -1.000000000
vn 0.000000000 0.000000000 1.000000000
vn -0.000000000 0.000000000 -1.000000000
vn -0.000000000 0.000000000 1.000000000
vn 0.000000000 -0.000000000 -1.000000000
vn 0.000000000 -0.000000000 1.000000000
vn 0.000000000 0.000000000 -1.000000000
vn 0.000000000 -0.000000000 1.000000000
vn 0.000000000 0.000000000 -1.000000000
vn 0.000000000 -0.000000000 1.000000000
vn 0.000000000 0.000000000 -1.000000000
vn 0.000000000 0.000000000 1.000000000
vn 0.000000000 -0.000000000 -1.000000000
vn 0.000000000 -0.000000000 1.000000000
vn 0.000000000 0.000000000 -1.000000000
vn 0.000000000 -0.000000000 1.000000000
vn 0.000000000 0.000000000 -1.000000000
vn 0.000000000 0.000000000 1.000000000
vn 0.000000000 -0.000000000 -1.000000000
vn 0.000000000 0.000000000 1.000000000
vn 0.000000000 0.000000000 -1.000000000
vn 0.000000000 -0.000000000 1.000000000
vn 0.000000000 0.000000000 -1.000000000
vn 0.000000000 -0.000000000 1.000000000
vn 0.000000000 0.000000000 -1.000000000
vn -0.000000000 -0.000000000 1.000000000
vn 0.000000000 0.000000000 -1.000000000
vn 0.000000000 0.000000000 1.000000000
vn 0.000000000 -0.000000000 -1.000000000
vn 0.000000000 0.000000000 1.000000000
vn 0.000000000 -0.000000000 -1.000000000
vn 0.000000000 0.000000000 1.000000000
vn 0.000000000 0.000000000 -1.000000000
vn 0.000000000 0.000000000 1.000000000
vn 0.000000000 -0.000000000 -1.000000000
vn 0.000000000 0.000000000 1.000000000
vn -0.000000000 0.000000000 -1.000000000
vn 0.000000000 -0.000000000 1.000000000
vn 0.000000000 0.000000000 -1.000000000
vn 0.000000000 0.000000000 1.000000000
vn 0.000000000 -0.000000000 -1.000000000
vn 0.000000000 0.000000000 1.000000000
vn 0.000000000 0.000000000 -1.000000000
vn 0.000000000 -0.000000000 1.000000000
vn 0.000000000 0.000000000 -1.000000000
vn 0.000000000 0.000000000 1.000000000
vn 0.000000000 0.000000000 -1.000000000
vn 0.000000000 -0.000000000 1.000000000
vn 0.000000000 0.000000000 -1.000000000
vn 0.000000000 -0.000000000 1.000000000
vn 0.000000000 0.000000000 -1.000000000
vn -0.000000000 -0.000000000 1.000000000
vn 0.000000000 0.000000000 -1.000000000
vn -0.000000000 -0.000000000 1.000000000
vn 0.000000000 0.000000000 -1.000000000
vn 0.000000000 -0.000000000 1.000000000
vn 0.000000000 0.000000000 -1.000000000
vn 0.000000000 0.000000000 1.000000000
vn 0.000000000 0.000000000 -1.000000000
vn 0.000000000 0.000000000 1.000000000
vn -0.000000000 0.000000000 -1.000000000
vn 0.000000000 0.000000000 1.000000000
vn -0.000000000 0.000000000 -1.000000000
vn 0.000000000 0.000000000 1.000000000
vn 0.000000000 0.000000000 -1.000000000
vn 0.000000000 0.000000000 1.000000000
vn 0.000000000 0.000000000 -1.000000000
vn -0.000000000 0.000000000 1.000000000
vn 0.000000000 0.000000000 -1.000000000
vn 0.000000000 0.000000000 1.000000000
vn -0.000000000 0.000000000 -1.000000000
vn -0.000000000 0.000000000 1.000000000
vn 0.000000000 0.000000000 -1.000000000
vn 0.000000000 0.000000000 1.000000000
vn -0.000000000 0.000000000 -1.000000000
vn 0.000000000 0.000000000 1.000000000
vn 0.000000000 0.000000000 -1.000000000
vn 0.000000000 0.000000000 1.000000000
vn -0.000000000 0.000000000 -1.000000000
vn -0.000000000 0.000000000 1.000000000
vn 0.000000000 0.000000000 -1.000000000
vn 0.000000000 -0.000000000 1.000000000
vn 0.000000000 0.000000000 -1.000000000
vn 0.000000000 -0.000000000 1.000000000
vn 0.000000000 0.000000000 -1.000000000
vn 0.000000000 -0.000000000 1.000000000
vn 0.000000000 0.000000000 -1.000000000
vn 0.000000000 -0.000000000 1.000000000
vn 0.000000000 0.000000000 -1.000000000
vn 0.000000000 -0.000000000 1.000000000
vn 0.000000000 0.000000000 -1.000000000
vn 0.000000000 0.000000000 1.000000000
vn 0.000000000 0.000000000 -1.000000000
vn 0.000000000 -0.000000000 1.000000000
vn 0.000000000 0.000000000 -1.000000000
vn -0.000000000 0.000000000 1.000000000
vn 0.000000000 0.000000000 -1.000000000
vn -0.000000000 0.000000000 1.000000000
vn 0.000000000 0.000000000 -1.000000000
vn 0.000000000 0.000000000 1.000000000
vn 0.000000000 0.000000000 -1.000000000
vn 0.000000000 -0.000000000 1.000000000
vn 0.000000000 0.000000000 -1.000000000
vn 0.000000000 0.000000000 1.000000000
vn -0.000000000 0.000000000 -1.000000000
vn -0.000000000 -0.000000000 1.000000000
vn 0.000000000 0.000000000 -1.000000000
vn 0.000000000 -0.000000000 1.000000000
vn 0.000000000 0.000000000 -1.000000000
vn 0.000000000 0.000000000 1.000000000
vn -0.000000000 0.000000000 -1.000000000
vn 0.000000000 0.000000000 1.000000000
vn 0.000000000 -0.000000000 -1.000000000
vn -0.000000000 0.000000000 1.000000000
vn 0.000000000 0.000000000 -1.000000000
vn 0.000000000 0.000000000 1.000000000
vn -0.000000000 0.000000000 -1.000000000
vn 0.000000000 0.000000000 1.000000000
vn 0.000000000 0.000000000 -1.000000000
vn 0.000000000 -0.000000000 1.000000000
vn 0.000000000 0.000000000 -1.000000000
vn 0.000000000 0.000000000 1.000000000
vn 0.000000000 0.000000000 -1.000000000
vn 0.000000000 0.000000000 1.000000000
vn 0.000000000 0.000000000 -1.000000000
vn 0.000000000 0.000000000 1.000000000
vn 0.000000000 0.000000000 -1.000000000
vn 0.000000000 0.000000000 1.000000000
vn 0.000000000 0.000000000 -1.000000000
vn 0.000000000 0.000000000 1.000000000
vn -0.000000000 0.000000000 -1.000000000
vn 0.000000000 0.000000000 1.000000000
vn -0.000000000 0.000000000 -1.000000000
vn 0.000000000 0.000000000 1.000000000
vn 0.000000000 0.000000000 -1.000000000
vn 0.000000000 0.000000000 1.000000000
vn 0.000000000 0.000000000 -1.000000000
vn 0.000000000 0.000000000 1.000000000
vn -0.000000000 0.000000000 -1.000000000
vn 0.000000000 0.000000000 1.000000000
vn 0.000000000 0.000000000 -1.000000000
vn 0.000000000 0.000000000 1.000000000
vn 0.000000000 0.000000000 -1.000000000
vn 0.000000000 0.000000000 1.000000000
vn 0.000000000 0.000000000 -1.000000000
vn 0.000000000 0.000000000 1.000000000
vn -0.000000000 0.000000000 -1.000000000
vn 0.000000000 0.000000000 1.000000000
vn 0.000000000 0.000000000 -1.000000000
vn 0.000000000 0.000000000 1.000000000
vn 0.000000000 0.000000000 -1.000000000
vn -0.000000000 0.000000000 1.000000000
vn 0.000000000 0.000000000 -1.000000000
vn -0.000000000 0.000000000 1.000000000
vn 0.000000000 0.000000000 -1.000000000
vn 0.000000000 0.000000000 1.000000000
vn 0.000000000 -0.000000000 -1.000000000
vn -0.000000000 0.000000000 1.000000000
vn 0.000000000 0.000000000 -1.000000000
vn -0.000000000 0.000000000 1.000000000
vn 0.000000000 -0.000000000 -1.000000000
vn 0.000000000 0.000000000 1.000000000
vn 0.000000000 -0.000000000 -1.000000000
vn -0.000000000 0.000000000 1.000000000
vn -0.000000000 0.000000000 -1.000000000
vn -0.000000000 0.000000000 1.000000000
vn -0.000000000 0.000000000 -1.000000000
vn 0.000000000 0.000000000 1.000000000
vn 0.000000000 0.000000000 -1.000000000
vn -0.000000000 0.000000000 1.000000000
vn -0.000000000 -0.000000000 -1.000000000
vn -0.000000000 0.000000000 1.000000000
vn 0.000000000 -0.000000000 -1.000000000
vn -0.000000000 0.000000000 1.000000000
vn 0.000000000 -0.000000000 -1.000000000
vn -0.000000000 0.000000000 1.000000000
vn 0.000000000 -0.000000000 -1.000000000
vn -0.000000000 -0.000000000 1.000000000
vn 0.000000000 0.000000000 -1.000000000
vn -0.000000000 0.000000000 1.000000000
vn 0.000000000 -0.000000000 -1.000000000
vn 0.000000000 0.000000000 1.000000000
vn -0.000000000 0.000000000 -1.000000000
vn -0.000000000 0.000000000 1.000000000
vn 0.000000000 -0.000000000 -1.000000000
vn -0.000000000 0.000000000 1.000000000
vn 0.000000000 0.000000000 -1.000000000
vn 0.000000000 0.000000000 1.000000000
vn -0.000000000 0.000000000 -1.000000000
vn -0.000000000 -0.000000000 1.000000000
vn 0.000000000 0.000000000 -1.000000000
vn -0.000000000 0.000000000 1.000000000
vn 0.000000000 0.000000000 -1.000000000
vn -0.000000000 0.000000000 1.000000000
vn 0.000000000 0.000000000 -1.000000000
vn 0.000000000 0.000000000 1.000000000
vn -0.000000000 0.000000000 -1.000000000
vn 0.000000000 0.000000000 1.000000000
vn 0.000000000 0.000000000 -1.000000000
vn 0.000000000 0.000000000 1.000000000
vn 0.000000000 0.000000000 -1.000000000
vn 0.000000000 0.000000000 1.000000000
vn 0.000000000 -0.000000000 -1.000000000
vn 0.000000000 0.000000000 1.000000000
vn 0.000000000 0.000000000 -1.000000000
vn 0.000000000 -0.000000000 1.000000000
vn 0.000000000 0.000000000 -1.000000000
vn 0.000000000 -0.000000000 1.000000000
vn 0.000000000 0.000000000 -1.000000000
vn 0.000000000 -0.000000000 1.000000000
vn 0.000000000 0.000000000 -1.000000000
vn 0.000000000 0.000000000 1.000000000
vn 0.000000000 -0.000000000 -1.000000000
vn 0.000000000 0.000000000 1.000000000
vn 0.000000000 0.000000000 -1.000000000
vn 0.000000000 0.000000000 1.000000000
vn 0.000000000 -0.000000000 -1.000000000
vn 0.000000000 0.000000000 1.000000000
vn 0.000000000 -0.000000000 -1.000000000
vn -0.000000000 0.000000000 1.000000000
vn 0.000000000 0.000000000 -1.000000000
vn 0.000000000 0.000000000 1.000000000
vn 0.000000000 0.000000000 -1.000000000
vn 0.000000000 -0.000000000 1.000000000
vn 0.000000000 0.000000000 -1.000000000
vn -0.000000000 -0.000000000 1.000000000
vn 0.000000000 0.000000000 -1.000000000
vn 0.000000000 0.000000000 1.000000000
vn -0.000000000 0.000000000 -1.000000000
vn 0.000000000 0.000000000 1.000000000
vn 0.000000000 0.000000000 -1.000000000
vn 0.000000000 0.000000000 1.000000000
vn 0.000000000 0.000000000 -1.000000000
vn -0.000000000 0.000000000 1.000000000
vn 0.000000000 0.000000000 -1.000000000
vn 0.000000000 0.000000000 1.000000000
vn 0.000000000 -0.000000000 -1.000000000
vn 0.000000000 0.000000000 1.000000000
vn 0.000000000 0.000000000 -1.000000000
vn 0.000000000 0.000000000 1.000000000
vn 0.000000000 0.000000000 -1.000000000
vn 0.000000000 0.000000000 1.000000000
vn -0.000000000 0.000000000 -1.000000000
vn 0.000000000 0.000000000 1.000000000
vn 0.000000000 0.000000000 -1.000000000
vn 0.000000000 -0.000000000 1.000000000
vn 0.000000000 0.000000000 -1.000000000
vn 0.000000000 0.000000000 1.000000000
vn 0.000000000 0.000000000 -1.000000000
vn 0.000000000 0.000000000 1.000000000
vn 0.000000000 0.000000000 -1.000000000
vn 0.000000000 -0.000000000 1.000000000
vn 0.000000000 0.000000000 -1.000000000
vn 0.000000000 0.000000000 1.000000000
vn -0.000000000 0.000000000 -1.000000000
vn 0.000000000 -0.000000000 1.000000000
vn 0.000000000 0.000000000 -1.000000000
vn 0.000000000 0.000000000 1.000000000
vn 0.000000000 0.000000000 -1.000000000
vn 0.000000000 -0.000000000 1.000000000
vn 0.000000000 0.000000000 -1.000000000
vn 0.000000000 -0.000000000 1.000000000
vn 0.000000000 0.000000000 -1.000000000
vn 0.000000000 0.000000000 1.000000000
vn 0.000000000 0.000000000 -1.000000000
vn 0.000000000 0.000000000 1.000000000
vn 0.000000000 0.000000000 -1.000000000
vn 0.000000000 0.000000000 1.000000000
vn 0.000000000 0.000000000 -1.000000000
vn -0.000000000 0.000000000 1.000000000
vn 0.000000000 0.000000000 -1.000000000
vn 0.000000000 0.000000000 1.000000000
vn 0.000000000 0.000000000 -1.000000000
vn 0.000000000 0.000000000 1.000000000
vn 0.000000000 0.000000000 -1.000000000
vn 0.000000000 0.000000000 1.000000000
vn 0.000000000 0.000000000 -1.000000000
vn 0.000000000 0.000000000 1.000000000
vn 0.000000000 0.000000000 -1.000000000
vn 0.000000000 0.000000000 1.000000000
vn 0.000000000 0.000000000 -1.000000000
vn 0.000000000 0.000000000 1.000000000
vn -0.000000000 0.000000000 -1.000000000
vn 0.000000000 0.000000000 1.000000000
vn 0.000000000 0.000000000 -1.000000000
vn 0.000000000 0.000000000 1.000000000
vn 0.000000000 0.000000000 -1.000000000
vn 0.000000000 -0.000000000 1.000000000
vn 0.000000000 0.000000000 -1.000000000
vn 0.000000000 0.000000000 1.000000000
vn 0.000000000 0.000000000 -1.000000000
vn -0.000000000 0.000000000 1.000000000
vn 0.000000000 -0.000000000 -1.000000000
vn 0.000000000 0.000000000 1.000000000
vn -0.000000000 0.000000000 -1.000000000
vn 0.000000000 0.000000000 1.000000000
vn 0.000000000 -0.000000000 -1.000000000
vn -0.000000000 0.000000000 1.000000000
vn 0.000000000 0.000000000 -1.000000000
vn 0.000000000 0.000000000 1.000000000
vn -0.000000000 -0.000000000 -1.000000000
vn 0.000000000 0.000000000 1.000000000
vn 0.000000000 -0.000000000 -1.000000000
vn 0.000000000 0.000000000 1.000000000
vn -0.000000000 0.000000000 -1.000000000
vn -0.000000000 0.000000000 1.000000000
vn 0.000000000 -0.000000000 -1.000000000
vn -0.000000000 0.000000000 1.000000000
vn 0.000000000 0.000000000 -1.000000000
vn 0.000000000 0.000000000 1.000000000
vn 0.000000000 -0.000000000 -1.000000000
vn -0.000000000 0.000000000 1.000000000
vn 0.000000000 0.000000000 -1.000000000
vn 0.000000000 0.000000000 1.000000000
vn -0.000000000 0.000000000 -1.000000000
vn 0.000000000 0.000000000 1.000000000
vn 0.000000000 0.000000000 -1.000000000
vn 0.000000000 0.000000000 1.000000000
vn -0.000000000 0.000000000 -1.000000000
vn -0.000000000 0.000000000 1.000000000
vn 0.000000000 -0.000000000 -1.000000000
vn 0.000000000 0.000000000 1.000000000
vn 0.000000000 0.000000000 -1.000000000
vn 0.000000000 0.000000000 1.000000000
vn 0.000000000 0.000000000 -1.000000000
vn 0.000000000 0.000000000 1.000000000
vn -0.000000000 0.000000000 -1.000000000
vn 0.000000000 0.000000000 1.000000000
vn 0.000000000 0.000000000 -1.000000000
vn -0.000000000 0.000000000 1.000000000
vn 0.000000000 0.000000000 -1.000000000
vn 0.000000000 0.000000000 1.000000000
vn -0.000000000 0.000000000 -1.000000000
vn 0.000000000 0.000000000 1.000000000
vn 0.000000000 -0.000000000 -1.000000000
vn 0.000000000 0.000000000 1.000000000
vn 0.000000000 0.000000000 -1.000000000
vn 0.000000000 -0.000000000 1.000000000
vn 0.000000000 0.000000000 -1.000000000
vn 0.000000000 0.000000000 1.000000000
vn 0.000000000 0.000000000 -1.000000000
vn 0.000000000 0.000000000 1.000000000
vn 0.000000000 0.000000000 -1.000000000
vn 0.000000000 0.000000000 1.000000000
vn -0.000000000 0.000000000 -1.000000000
vn 0.000000000 0.000000000 1.000000000
vn 0.000000000 0.000000000 -1.000000000
vn 0.000000000 0.000000000 1.000000000
vn 0.000000000 -0.000000000 -1.000000000
vn 0.000000000 -0.000000000 1.000000000
vn 0.000000000 0.000000000 -1.000000000
vn 0.000000000 -0.000000000 1.000000000
vn 0.000000000 0.000000000 -1.000000000
vn 0.000000000 0.000000000 1.000000000
vn 0.000000000 -0.000000000 -1.000000000
vn 0.000000000 0.000000000 1.000000000
vn 0.000000000 0.000000000 -1.000000000
vn 0.000000000 0.000000000 1.000000000
vn 0.000000000 0.000000000 -1.000000000
vn 0.000000000 0.000000000 1.000000000
vn 0.000000000 -0.000000000 -1.000000000
vn 0.000000000 -0.000000000 1.000000000
vn 0.000000000 0.000000000 -1.000000000
vn -0.000000000 -0.000000000 1.000000000
vn 0.000000000 0.000000000 -1.000000000
vn 0.000000000 0.000000000 1.000000000
vn 0.000000000 0.000000000 -1.000000000
vn 0.000000000 -0.000000000 1.000000000
vn 0.000000000 0.000000000 -1.000000000
vn 0.000000000 0.000000000 1.000000000
vn 0.000000000 0.000000000 -1.000000000
vn 0.000000000 0.000000000 1.000000000
vn 0.000000000 0.000000000 -1.000000000
vn 0.000000000 0.000000000 1.000000000
vn 0.000000000 -0.000000000 -1.000000000
vn 0.000000000 -0.000000000 1.000000000
vn 0.000000000 0.000000000 -1.000000000
vn 0.000000000 0.000000000 1.000000000
vn 0.000000000 0.000000000 -1.000000000
vn 0.000000000 -0.000000000 1.000000000
vn 0.000000000 0.000000000 -1.000000000
vn 0.000000000 0.000000000 1.000000000
vn 0.000000000 0.000000000 -1.000000000
vn 0.000000000 0.000000000 1.000000000
vn 0.000000000 0.000000000 -1.000000000
vn 0.000000000 0.000000000 1.000000000
vn 0.000000000 0.000000000 -1.000000000
vn 0.000000000 -0.000000000 1.000000000
vn 0.000000000 0.000000000 -1.000000000
vn 0.000000000 -0.000000000 1.000000000
vn 0.000000000 0.000000000 -1.000000000
vn 0.000000000 0.000000000 1.000000000
vn 0.000000000 0.000000000 -1.000000000
vn 0.000000000 0.000000000 1.000000000
vn 0.000000000 0.000000000 -1.000000000
vn 0.000000000 0.000000000 1.000000000
vn 0.000000000 0.000000000 -1.000000000
vn 0.000000000 0.000000000 1.000000000
vn 0.000000000 0.000000000 -1.000000000
vn 0.000000000 -0.000000000 1.000000000
vn 0.000000000 0.000000000 -1.000000000
vn 0.000000000 0.000000000 1.000000000
vn 0.000000000 0.000000000 -1.000000000
vn -0.000000000 0.000000000 1.000000000
vn 0.000000000 0.000000000 -1.000000000
vn 0.000000000 0.000000000 1.000000000
vn -0.000000000 0.000000000 -1.000000000
vn 0.000000000 0.000000000 1.000000000
vn 0.000000000 0.000000000 -1.000000000
vn 0.000000000 0.000000000 1.000000000
vn 0.000000000 0.000000000 -1.000000000
vn 0.000000000 0.000000000 1.000000000
vn -0.000000000 0.000000000 -1.000000000
vn 0.000000000 0.000000000 1.000000000
vn 0.000000000 0.000000000 -1.000000000
vn 0.000000000 0.000000000 1.000000000
vn 0.000000000 0.000000000 -1.000000000
vn 0.000000000 0.000000000 1.000000000
vn 0.000000000 0.000000000 -1.000000000
vn 0.000000000 0.000000000 1.000000000
vn 0.000000000 0.000000000 -1.000000000
vn 0.000000000 0.000000000 1.000000000
vn 0.000000000 0.000000000 -1.000000000
vn 0.000000000 0.000000000 1.000000000
vn 0.000000000 0.000000000 -1.000000000
vn 0.000000000 0.000000000 1.000000000
vn -0.000000000 0.000000000 -1.000000000
vn -0.000000000 0.000000000 1.000000000
vn 0.000000000 0.000000000 -1.000000000
vn 0.000000000 0.000000000 1.000000000
vn -0.000000000 -0.000000000 -1.000000000
vn -0.000000000 0.000000000 1.000000000
vn -0.000000000 -0.000000000 -1.000000000
vn 0.000000000 0.000000000 1.000000000
vn 0.000000000 0.000000000 -1.000000000
vn 0.000000000 0.000000000 1.000000000
vn 0.000000000 0.000000000 -1.000000000
vn 0.000000000 0.000000000 1.000000000
vn 0.000000000 0.000000000 -1.000000000
vn 0.000000000 0.000000000 1.000000000
vn 0.000000000 0.000000000 -1.000000000
vn 0.000000000 0.000000000 1.000000000
vn 0.000000000 0.000000000 -1.000000000
vn 0.000000000 0.000000000 1.000000000
vn 0.000000000 0.000000000 -1.000000000
vn 0.000000000 -0.000000000 1.000000000
vn 0.000000000 0.000000000 -1.000000000
vn 0.000000000 0.000000000 1.000000000
vn -0.000000000 0.000000000 -1.000000000
vn -0.000000000 0.000000000 1.000000000
vn 0.000000000 0.000000000 -1.000000000
vn 0.000000000 0.000000000 1.000000000
vn 0.000000000 -0.000000000 -1.000000000
vn -0.000000000 0.000000000 1.000000000
vn 0.000000000 0.000000000 -1.000000000
vn 0.000000000 -0.000000000 1.000000000
vn 0.000000000 0.000000000 -1.000000000
vn 0.000000000 0.000000000 1.000000000
vn 0.000000000 0.000000000 -1.000000000
vn 0.000000000 0.000000000 1.000000000
vn 0.000000000 0.000000000 -1.000000000
vn 0.000000000 0.000000000 1.000000000
vn 0.000000000 0.000000000 -1.000000000
vn 0.000000000 0.000000000 1.000000000
vn 0.000000000 -0.000000000 -1.000000000
vn -0.000000000 0.000000000 1.000000000
vn 0.000000000 0.000000000 -1.000000000
vn 0.000000000 0.000000000 1.000000000
vn 0.000000000 0.000000000 -1.000000000
vn 0.000000000 0.000000000 1.000000000
vn 0.000000000 0.000000000 -1.000000000
vn 0.000000000 0.000000000 1.000000000
vn 0.000000000 0.000000000 -1.000000000
vn 0.000000000 0.000000000 1.000000000
vn 0.000000000 0.000000000 -1.000000000
vn 0.000000000 0.000000000 1.000000000
vn -0.000000000 0.000000000 -1.000000000
vn 0.000000000 0.000000000 1.000000000
vn 0.000000000 0.000000000 -1.000000000
vn -0.000000000 0.000000000 1.000000000
vn -0.000000000 0.000000000 -1.000000000
vn 0.000000000 0.000000000 1.000000000
vn 0.000000000 0.000000000 -1.000000000
vn 0.000000000 0.000000000 1.000000000
vn 0.000000000 0.000000000 -1.000000000
vn 0.000000000 -0.000000000 1.000000000
vn 0.000000000 0.000000000 -1.000000000
vn 0.000000000 0.000000000 1.000000000
vn 0.000000000 0.000000000 -1.000000000
vn 0.000000000 0.000000000 1.000000000
vn -0.000000000 0.000000000 -1.000000000
vn -0.000000000 0.000000000 1.000000000
vn 0.000000000 0.000000000 -1.000000000
vn -0.000000000 0.000000000 1.000000000
vn 0.000000000 -0.000000000 -1.000000000
vn -0.000000000 0.000000000 1.000000000
vn 0.000000000 0.000000000 -1.000000000
vn 0.000000000 0.000000000 1.000000000
vn 0.000000000 -0.000000000 -1.000000000
vn -0.000000000 0.000000000 1.000000000
vn -0.000000000 -0.000000000 -1.000000000
vn -0.000000000 0.000000000 1.000000000
vn 0.000000000 -0.000000000 -1.000000000
vn -0.000000000 0.000000000 1.000000000
vn 0.000000000 0.000000000 -1.000000000
vn 0.000000000 0.000000000 1.000000000
vn 0.000000000 0.000000000 -1.000000000
vn -0.000000000 0.000000000 1.000000000
vn 0.000000000 0.000000000 -1.000000000
vn 0.000000000 0.000000000 1.000000000
vn -0.000000000 0.000000000 -1.000000000
vn -0.000000000 0.000000000 1.000000000
vn 0.000000000 -0.000000000 -1.000000000
vn 0.000000000 -0.000000000 1.000000000
vn 0.000000000 0.000000000 -1.000000000
vn 0.000000000 0.000000000 1.000000000
vn 0.000000000 -0.000000000 -1.000000000
vn -0.000000000 0.000000000 1.000000000
vn 0.000000000 0.000000000 -1.000000000
vn 0.000000000 0.000000000 1.000000000
vn -0.000000000 0.000000000 -1.000000000
vn 0.000000000 0.000000000 1.000000000
vn 0.000000000 0.000000000 -1.000000000
vn 0.000000000 -0.000000000 1.000000000
vn 0.000000000 0.000000000 -1.000000000
vn 0.000000000 0.000000000 1.000000000
vn 0.000000000 0.000000000 -1.000000000
vn 0.000000000 0.000000000 1.000000000
vn 0.000000000 0.000000000 -1.000000000
vn 0.000000000 0.000000000 1.000000000
vn 0.000000000 0.000000000 -1.000000000
vn 0.000000000 -0.000000000 1.000000000
vn 0.000000000 0.000000000 -1.000000000
vn 0.000000000 -0.000000000 1.000000000
vn 0.000000000 0.000000000 -1.000000000
vn 0.000000000 0.000000000 1.000000000
vn 0.000000000 0.000000000 -1.000000000
vn 0.000000000 0.000000000 1.000000000
vn 0.000000000 0.000000000 -1.000000000
vn 0.000000000 0.000000000 1.000000000
vn 0.000000000 0.000000000 -1.000000000
vn 0.000000000 0.000000000 1.000000000
vn 0.000000000 0.000000000 -1.000000000
vn 0.000000000 0.000000000 1.000000000
vn -0.000000000 0.000000000 -1.000000000
vn 0.000000000 0.000000000 1.000000000
vn -0.000000000 0.000000000 -1.000000000
vn 0.000000000 0.000000000 1.000000000
vn 0.000000000 0.000000000 -1.000000000
vn 0.000000000 0.000000000 1.000000000
vn 0.000000000 0.000000000 -1.000000000
vn -0.000000000 0.000000000 1.000000000
vn -0.000000000 0.000000000 -1.000000000
vn 0.000000000 0.000000000 1.000000000
vn 0.000000000 0.000000000 -1.000000000
vn 0.000000000 0.000000000 1.000000000
vn 0.000000000 -0.000000000 -1.000000000
vn -0.000000000 0.000000000 1.000000000
vn -0.000000000 0.000000000 -1.000000000
vn 0.000000000 0.000000000 1.000000000
vn 0.000000000 0.000000000 -1.000000000
vn 0.000000000 0.000000000 1.000000000
vn -0.000000000 0.000000000 -1.000000000
vn 0.000000000 0.000000000 1.000000000
vn 0.000000000 0.000000000 -1.000000000
vn -0.000000000 0.000000000 1.000000000
vn 0.000000000 0.000000000 -1.000000000
vn 0.000000000 0.000000000 1.000000000
vn -0.000000000 0.000000000 -1.000000000
vn -0.000000000 0.000000000 1.000000000
vn 0.000000000 -0.000000000 -1.000000000
vn 0.000000000 0.000000000 1.000000000
vn 0.000000000 0.000000000 -1.000000000
vn 0.000000000 0.000000000 1.000000000
vn 0.000000000 0.000000000 -1.000000000
vn 0.000000000 0.000000000 1.000000000
vn 0.000000000 -0.000000000 -1.000000000
vn 0.000000000 0.000000000 1.000000000
vn 0.000000000 0.000000000 -1.000000000
vn 0.000000000 0.000000000 1.000000000
vn 0.000000000 0.000000000 -1.000000000
vn 0.000000000 0.000000000 1.000000000
vn 0.000000000 0.000000000 -1.000000000
vn 0.000000000 0.000000000 1.000000000
vn 0.000000000 0.000000000 -1.000000000
vn -0.000000000 0.000000000 1.000000000
vn -0.000000000 0.000000000 -1.000000000
vn 0.000000000 0.000000000 1.000000000
vn 0.000000000 0.000000000 -1.000000000
vn 0.000000000 0.000000000 1.000000000
vn 0.000000000 0.000000000 -1.000000000
vn 0.000000000 -0.000000000 1.000000000
vn 0.000000000 0.000000000 -1.000000000
vn 0.000000000 0.000000000 1.000000000
vn 0.000000000 0.000000000 -1.000000000
vn -0.000000000 -0.000000000 1.000000000
vn 0.000000000 0.000000000 -1.000000000
vn -0.000000000 0.000000000 1.000000000
vn 0.000000000 0.000000000 -1.000000000
vn 0.000000000 0.000000000 1.000000000
vn 0.000000000 0.000000000 -1.000000000
vn 0.000000000 0.000000000 1.000000000
vn 0.000000000 0.000000000 -1.000000000
vn -0.000000000 -0.000000000 1.000000000
vn 0.000000000 0.000000000 -1.000000000
vn 0.000000000 -0.000000000 1.000000000
vn 0.000000000 0.000000000 -1.000000000
vn 0.000000000 0.000000000 1.000000000
vn 0.000000000 0.000000000 -1.000000000
vn 0.000000000 0.000000000 1.000000000
vn 0.000000000 0.000000000 -1.000000000
vn 0.000000000 -0.000000000 1.000000000
vn 0.000000000 0.000000000 -1.000000000
vn -0.000000000 0.000000000 1.000000000
vn 0.000000000 -0.000000000 -1.000000000
vn 0.000000000 0.000000000 1.000000000
vn 0.000000000 0.000000000 -1.000000000
vn 0.000000000 0.000000000 1.000000000
vn 0.000000000 0.000000000 -1.000000000
vn 0.000000000 -0.000000000 1.000000000
vn 0.000000000 0.000000000 -1.000000000
vn 0.000000000 0.000000000 1.000000000
vn 0.000000000 0.000000000 -1.000000000
f 1//1 2//1 3//1 4//1
f 2//2 5//2 6//2 3//2
f 5//3 7//3 8//3 6//3
f 7//4 9//4 10//4 8//4
f 9//5 11//5 12//5 10//5
f 11//6 13//6 14//6 12//6
f 13//7 15//7 16//7 14//7
f 15//8 17//8 18//8 16//8
f 17//9 19//9 20//9 18//9
f 19//10 21//10 22//10 20//10
f 21//11 23//11 24//11 22//11
f 23//12 25//12 26//12 24//12
f 25//13 27//13 28//13 26//13
f 27//14 29//14 30//14 28//14
f 29//15 31//15 32//15 30//15
f 31//16 33//16 34//16 32//16
f 33//17 35//17 36//17 34//17
f 35//18 37//18 38//18 36//18
f 37//19 39//19 40//19 38//19
f 39//20 41//20 42//20 40//20
f 41//21 43//21 44//21 42//21
f 43//22 45//22 46//22 44//22
f 45//23 47//23 48//23 46//23
f 47//24 49//24 50//24 48//24
f 49//25 51//25 52//25 50//25
f 51//26 53//26 54//26 52//26
f 53//27 55//27 56//27 54//27
f 55//28 57//28 58//28 56//28
f 57//29 59//29 60//29 58//29
f 59//30 61//30 62//30 60//30
f 61//31 63//31 64//31 62//31
f 63//32 65//32 66//32 64//32
f 65//33 67//33 68//33 66//33
f 67//34 69//34 70//34 68//34
f 69//35 71//35 72//35 70//35
f 71//36 73//36 74//36 72//36
f 73//37 75//37 76//37 74//37
f 75//38 77//38 78//38 76//38
f 77//39 79//39 80//39 78//39
f 79//40 81//40 82//40 80//40
f 81//41 83//41 84//41 82//41
f 83//42 85//42 86//42 84//42
f 85//43 87//43 88//43 86//43
f 87//44 89//44 90//44 88//44
f 89//45 91//45 92//45 90//45
f 91//46 93//46 94//46 92//46
f 93//47 95//47 96//47 94//47
f 95//48 97//48 98//48 96//48
f 97//49 99//49 100//49 98//49
f 99//50 101//50 102//50 100//50
f 101//51 103//51 104//51 102//51
f 103//52 105//52 106//52 104//52
f 105//53 107//53 108//53 106//53
f 107//54 109//54 110//54 108//54
f 109//55 111//55 112//55 110//55
f 111//56 113//56 114//56 112//56
f 113//57 115//57 116//57 114//57
f 115//58 117//58 118//58 116//58
f 117//59 119//59 120//59 118//59
f 119//60 121//60 122//60 120//60
f 121//61 123//61 124//61 122//61
f 123//62 125//62 126//62 124//62
f 125//63 127//63 128//63 126//63
f 127//64 129//64 130//64 128//64
f 129//65 131//65 132//65 130//65
f 131//66 133//66 134//66 132//66
f 133//67 135//67 136//67 134//67
f 135//68 137//68 138//68 136//68
f 137//69 139//69 140//69 138//69
f 139//70 141//70 142//70 140//70
f 141//71 143//71 144//71 142//71
f 143//72 145//72 146//72 144//72
f 145//73 147//73 148//73 146//73
f 147//74 149//74 150//74 148//74
f 149//75 151//75 152//75 150//75
f 151//76 153//76 154//76 152//76
f 153//77 155//77 156//77 154//77
f 155//78 157//78 158//78 156//78
f 157//79 159//79 160//79 158//79
f 159//80 161//80 162//80 160//80
f 161//81 163//81 164//81 162//81
f 163//82 165//82 166//82 164//82
f 165//83 167//83 168//83 166//83
f 167//84 169//84 170//84 168//84
f 169//85 171//85 172//85 170//85
f 171//86 173//86 174//86 172//86
f 173//87 175//87 176//87 174//87
f 175//88 177//88 178//88 176//88
f 177//89 179//89 180//89 178//89
f 179//90 181//90 182//90 180//90
f 181//91 183//91 184//91 182//91
f 183//92 185//92 186//92 184//92
f 185//93 187//93 188//93 186//93
f 187//94 189//94 190//94 188//94
f 189//95 191//95 192//95 190//95
f 191//96 193//96 194//96 192//96
f 193//97 195//97 196//97 194//97
f 195//98 197//98 198//98 196//98
f 197//99 199//99 200//99 198//99
f 199//100 201//100 202//100 200//100
f 201//101 203//101 204//101 202//101
f 203//102 205//102 206//102 204//102
f 205//103 207//103 208//103 206//103
f 207//104 209//104 210//104 208//104
f 209//105 211//105 212//105 210//105
f 211//106 213//106 214//106 212//106
f 213//107 215//107 216//107 214//107
f 215//108 217//108 218//108 216//108
f 217//109 219//109 220//109 218//109
f 219//110 221//110 222//110 220//110
f 221//111 223//111 224//111 222//111
f 223//112 225//112 226//112 224//112
f 225//113 227//113 228//113 226//113
f 227//114 229//114 230//114 228//114
f 229//115 231//115 232//115 230//115
f 231//116 233//116 234//116 232//116
f 233//117 235//117 236//117 234//117
f 235//118 237//118 238//118 236//118
f 237//119 239//119 240//119 238//119
f 239//120 241//120 242//120 240//120
f 241//121 243//121 244//121 242//121
f 243//122 245//122 246//122 244//122
f 245//123 247//123 248//123 246//123
f 247//124 249//124 250//124 248//124
f 249//125 251//125 252//125 250//125
f 251//126 253//126 254//126 252//126
f 253//127 255//127 256//127 254//127
f 255//128 257//128 258//128 256//128
f 257//129 259//129 260//129 258//129
f 259//130 261//130 262//130 260//130
f 261//131 263//131 264//131 262//131
f 263//132 265//132 266//132 264//132
f 265//133 267//133 268//133 266//133
f 267//134 269//134 270//134 268//134
f 269//135 271//135 272//135 270//135
f 271//136 273//136 274//136 272//136
f 273//137 275//137 276//137 274//137
f 275//138 277//138 278//138 276//138
f 277//139 279//139 280//139 278//139
f 279//140 281//140 282//140 280//140
f 281//141 283//141 284//141 282//141
f 283//142 285//142 286//142 284//142
f 285//143 287//143 288//143 286//143
f 287//144 289//144 290//144 288//144
f 289//145 291//145 292//145 290//145
f 291//146 293//146 294//146 292//146
f 293//147 295//147 296//147 294//147
f 295//148 297//148 298//148 296//148
f 297//149 299//149 300//149 298//149
f 299//150 301//150 302//150 300//150
f 301//151 303//151 304//151 302//151
f 303//152 305//152 306//152 304//152
f 305//153 307//153 308//153 306//153
f 307//154 309//154 310//154 308//154
f 309//155 311//155 312//155 310//155
f 311//156 313//156 314//156 312//156
f 313//157 315//157 316//157 314//157
f 315//158 317//158 318//158 316//158
f 317//159 319//159 320//159 318//159
f 319//160 321//160 322//160 320//160
f 321//161 323//161 324//161 322//161
f 323//162 325//162 326//162 324//162
f 325//163 327//163 328//163 326//163
f 327//164 329//164 330//164 328//164
f 329//165 331//165 332//165 330//165
f 331//166 333//166 334//166 332//166
f 333//167 335//167 336//167 334//167
f 335//168 337//168 338//168 336//168
f 337//169 339//169 340//169 338//169
f 339//170 341//170 342//170 340//170
f 341//171 343//171 344//171 342//171
f 343//172 345//172 346//172 344//172
f 345//173 347//173 348//173 346//173
f 347//174 349//174 350//174 348//174
f 349//175 351//175 352//175 350//175
f 351//176 353//176 354//176 352//176
f 353//177 355//177 356//177 354//177
f 355//178 357//178 358//178 356//178
f 357//179 359//179 360//179 358//179
f 359//180 361//180 362//180 360//180
f 361//181 363//181 364//181 362//181
f 363//182 365//182 366//182 364//182
f 365//183 367//183 368//183 366//183
f 367//184 369//184 370//184 368//184
f 369//185 371//185 372//185 370//185
f 371//186 373//186 374//186 372//186
f 373//187 375//187 376//187 374//187
f 375//188 377//188 378//188 376//188
f 377//189 379//189 380//189 378//189
f 379//190 381//190 382//190 380//190
f 381//191 383//191 384//191 382//191
f 383//192 385//192 386//192 384//192
f 385//193 387//193 388//193 386//193
f 387//194 389//194 390//194 388//194
f 389//195 391//195 392//195 390//195
f 391//196 393//196 394//196 392//196
f 393//197 395//197 396//197 394//197
f 395//198 397//198 398//198 396//198
f 397//199 399//199 400//199 398//199
f 399//200 401//200 402//200 400//200
f 401//201 403//201 404//201 402//201
f 403//202 405//202 406//202 404//202
f 405//203 407//203 408//203 406//203
f 407//204 409//204 410//204 408//204
f 409//205 411//205 412//205 410//205
f 411//206 413//206 414//206 412//206
f 413//207 415//207 416//207 414//207
f 415//208 417//208 418//208 416//208
f 417//209 419//209 420//209 418//209
f 419//210 421//210 422//210 420//210
f 421//211 423//211 424//211 422//211
f 423//212 425//212 426//212 424//212
f 425//213 427//213 428//213 426//213
f 427//214 429//214 430//214 428//214
f 429//215 431//215 432//215 430//215
f 431//216 433//216 434//216 432//216
f 433//217 435//217 436//217 434//217
f 435//218 437//218 438//218 436//218
f 437//219 439//219 440//219 438//219
f 439//220 441//220 442//220 440//220
f 441//221 443//221 444//221 442//221
f 443//222 445//222 446//222 444//222
f 445//223 447//223 448//223 446//223
f 447//224 449//224 450//224 448//224
f 449//225 451//225 452//225 450//225
f 451//226 453//226 454//226 452//226
f 453//227 455//227 456//227 454//227
f 455//228 457//228 458//228 456//228
f 457//229 459//229 460//229 458//229
f 459//230 461//230 462//230 460//230
f 461//231 463//231 464//231 462//231
f 463//232 465//232 466//232 464//232
f 465//233 467//233 468//233 466//233
f 467//234 469//234 470//234 468//234
f 469//235 471//235 472//235 470//235
f 471//236 473//236 474//236 472//236
f 473//237 475//237 476//237 474//237
f 475//238 477//238 478//238 476//238
f 477//239 479//239 480//239 478//239
f 479//240 481//240 482//240 480//240
f 481//241 483//241 484//241 482//241
f 483//242 485//242 486//242 484//242
f 485//243 487//243 488//243 486//243
f 487//244 489//244 490//244 488//244
f 489//245 491//245 492//245 490//245
f 491//246 493//246 494//246 492//246
f 493//247 495//247 496//247 494//247
f 495//248 497//248 498//248 496//248
f 497//249 499//249 500//249 498//249
f 499//250 501//250 502//250 500//250
f 501//251 503//251 504//251 502//251
f 503//252 505//252 506//252 504//252
f 505//253 507//253 508//253 506//253
f 507//254 509//254 510//254 508//254
f 509//255 511//255 512//255 510//255
f 511//256 513//256 514//256 512//256
f 513//257 515//257 516//257 514//257
f 515//258 517//258 518//258 516//258
f 517//259 519//259 520//259 518//259
f 519//260 521//260 522//260 520//260
f 521//261 523//261 524//261 522//261
f 523//262 525//262 526//262 524//262
f 525//263 527//263 528//263 526//263
f 527//264 529//264 530//264 528//264
f 529//265 531//265 532//265 530//265
f 531//266 533//266 534//266 532//266
f 533//267 535//267 536//267 534//267
f 535//268 537//268 538//268 536//268
f 537//269 539//269 540//269 538//269
f 539//270 541//270 542//270 540//270
f 541//271 543//271 544//271 542//271
f 543//272 545//272 546//272 544//272
f 545//273 547//273 548//273 546//273
f 547//274 549//274 550//274 548//274
f 549//275 551//275 552//275 550//275
f 551//276 553//276 554//276 552//276
f 553//277 555//277 556//277 554//277
f 555//278 557//278 558//278 556//278
f 557//279 559//279 560//279 558//279
f 559//280 561//280 562//280 560//280
f 561//281 563//281 564//281 562//281
f 563//282 565//282 566//282 564//282
f 565//283 567//283 568//283 566//283
f 567//284 569//284 570//284 568//284
f 569//285 571//285 572//285 570//285
f 571//286 573//286 574//286 572//286
f 573//287 575//287 576//287 574//287
f 575//288 577//288 578//288 576//288
f 577//289 579//289 580//289 578//289
f 579//290 581//290 582//290 580//290
f 581//291 583//291 584//291 582//291
f 583//292 585//292 586//292 584//292
f 585//293 587//293 588//293 586//293
f 587//294 589//294 590//294 588//294
f 589//295 591//295 592//295 590//295
f 591//296 593//296 594//296 592//296
f 593//297 595//297 596//297 594//297
f 595//298 597//298 598//298 596//298
f 597//299 599//299 600//299 598//299
f 599//300 601//300 602//300 600//300
f 601//301 603//301 604//301 602//301
f 603//302 605//302 606//302 604//302
f 605//303 607//303 608//303 606//303
f 607//304 609//304 610//304 608//304
f 609//305 611//305 612//305 610//305
f 611//306 613//306 614//306 612//306
f 613//307 615//307 616//307 614//307
f 615//308 617//308 618//308 616//308
f 617//309 619//309 620//309 618//309
f 619//310 621//310 622//310 620//310
f 621//311 623//311 624//311 622//311
f 623//312 625//312 626//312 624//312
f 625//313 627//313 628//313 626//313
f 627//314 629//314 630//314 628//314
f 629//315 631//315 632//315 630//315
f 631//316 633//316 634//316 632//316
f 633//317 635//317 636//317 634//317
f 635//318 637//318 638//318 636//318
f 637//319 639//319 640//319 638//319
f 639//320 641//320 642//320 640//320
f 641//321 643//321 644//321 642//321
f 643//322 645//322 646//322 644//322
f 645//323 647//323 648//323 646//323
f 647//324 649//324 650//324 648//324
f 649//325 651//325 652//325 650//325
f 651//326 653//326 654//326 652//326
f 653//327 655//327 656//327 654//327
f 655//328 657//328 658//328 656//328
f 657//329 659//329 660//329 658//329
f 659//330 661//330 662//330 660//330
f 661//331 663//331 664//331 662//331
f 663//332 665//332 666//332 664//332
f 665//333 667//333 668//333 666//333
f 667//334 669//334 670//334 668//334
f 669//335 671//335 672//335 670//335
f 671//336 673//336 674//336 672//336
f 673//337 675//337 676//337 674//337
f 675//338 677//338 678//338 676//338
f 677//339 679//339 680//339 678//339
f 679//340 681//340 682//340 680//340
f 681//341 683//341 684//341 682//341
f 683//342 685//342 686//342 684//342
f 685//343 687//343 688//343 686//343
f 687//344 689//344 690//344 688//344
f 689//345 691//345 692//345 690//345
f 691//346 693//346 694//346 692//346
f 693//347 695//347 696//347 694//347
f 695//348 697//348 698//348 696//348
f 697//349 699//349 700//349 698//349
f 699//350 701//350 702//350 700//350
f 701//351 703//351 704//351 702//351
f 703//352 705//352 706//352 704//352
f 705//353 707//353 708//353 706//353
f 707//354 709//354 710//354 708//354
f 709//355 711//355 712//355 710//355
f 711//356 713//356 714//356 712//356
f 713//357 715//357 716//357 714//357
f 715//358 717//358 718//358 716//358
f 717//359 719//359 720//359 718//359
f 719//360 721//360 722//360 720//360
f 721//361 723//361 724//361 722//361
f 723//362 725//362 726//362 724//362
f 725//363 727//363 728//363 726//363
f 727//364 729//364 730//364 728//364
f 729//365 731//365 732//365 730//365
f 731//366 733//366 734//366 732//366
f 733//367 735//367 736//367 734//367
f 735//368 737//368 738//368 736//368
f 737//369 739//369 740//369 738//369
f 739//370 741//370 742//370 740//370
f 741//371 743//371 744//371 742//371
f 743//372 745//372 746//372 744//372
f 745//373 747//373 748//373 746//373
f 747//374 749//374 750//374 748//374
f 749//375 751//375 752//375 750//375
f 751//376 753//376 754//376 752//376
f 753//377 755//377 756//377 754//377
f 755//378 757//378 758//378 756//378
f 757//379 759//379 760//379 758//379
f 759//380 761//380 762//380 760//380
f 761//381 763//381 764//381 762//381
f 763//382 765//382 766//382 764//382
f 765//383 767//383 768//383 766//383
f 767//384 769//384 770//384 768//384
f 769//385 771//385 772//385 770//385
f 771//386 773//386 774//386 772//386
f 773//387 775//387 776//387 774//387
f 775//388 777//388 778//388 776//388
f 777//389 779//389 780//389 778//389
f 779//390 781//390 782//390 780//390
f 781//391 783//391 784//391 782//391
f 783//392 785//392 786//392 784//392
f 785//393 787//393 788//393 786//393
f 787//394 789//394 790//394 788//394
f 789//395 791//395 792//395 790//395
f 791//396 793//396 794//396 792//396
f 793//397 795//397 796//397 794//397
f 795//398 797//398 798//398 796//398
f 797//399 799//399 800//399 798//399
f 799//400 801//400 802//400 800//400
f 801//401 803//401 804//401 802//401
f 803//402 805//402 806//402 804//402
f 805//403 807//403 808//403 806//403
f 807//404 809//404 810//404 808//404
f 809//405 811//405 812//405 810//405
f 811//406 813//406 814//406 812//406
f 813//407 815//407 816//407 814//407
f 815//408 817//408 818//408 816//408
f 817//409 819//409 820//409 818//409
f 819//410 821//410 822//410 820//410
f 821//411 823//411 824//411 822//411
f 823//412 825//412 826//412 824//412
f 825//413 827//413 828//413 826//413
f 827//414 829//414 830//414 828//414
f 829//415 831//415 832//415 830//415
f 831//416 833//416 834//416 832//416
f 833//417 835//417 836//417 834//417
f 835//418 837//418 838//418 836//418
f 837//419 839//419 840//419 838//419
f 839//420 841//420 842//420 840//420
f 841//421 843//421 844//421 842//421
f 843//422 845//422 846//422 844//422
f 845//423 847//423 848//423 846//423
f 847//424 849//424 850//424 848//424
f 849//425 851//425 852//425 850//425
f 851//426 853//426 854//426 852//426
f 853//427 855//427 856//427 854//427
f 855//428 857//428 858//428 856//428
f 857//429 859//429 860//429 858//429
f 859//430 861//430 862//430 860//430
f 861//431 863//431 864//431 862//431
f 863//432 865//432 866//432 864//432
f 865//433 867//433 868//433 866//433
f 867//434 869//434 870//434 868//434
f 869//435 871//435 872//435 870//435
f 871//436 873//436 874//436 872//436
f 873//437 875//437 876//437 874//437
f 875//438 877//438 878//438 876//438
f 877//439 879//439 880//439 878//439
f 879//440 881//440 882//440 880//440
f 881//441 883//441 884//441 882//441
f 883//442 885//442 886//442 884//442
f 885//443 887//443 888//443 886//443
f 887//444 889//444 890//444 888//444
f 889//445 891//445 892//445 890//445
f 891//446 893//446 894//446 892//446
f 893//447 895//447 896//447 894//447
f 895//448 897//448 898//448 896//448
f 897//449 899//449 900//449 898//449
f 899//450 901//450 902//450 900//450
f 901//451 903//451 904//451 902//451
f 903//452 905//452 906//452 904//452
f 905//453 907//453 908//453 906//453
f 907//454 909//454 910//454 908//454
f 909//455 911//455 912//455 910//455
f 911//456 913//456 914//456 912//456
f 913//457 915//457 916//457 914//457
f 915//458 917//458 918//458 916//458
f 917//459 919//459 920//459 918//459
f 919//460 921//460 922//460 920//460
f 921//461 923//461 924//461 922//461
f 923//462 925//462 926//462 924//462
f 925//463 927//463 928//463 926//463
f 927//464 929//464 930//464 928//464
f 929//465 931//465 932//465 930//465
f 931//466 933//466 934//466 932//466
f 933//467 935//467 936//467 934//467
f 935//468 937//468 938//468 936//468
f 937//469 939//469 940//469 938//469
f 939//470 941//470 942//470 940//470
f 941//471 943//471 944//471 942//471
f 943//472 945//472 946//472 944//472
f 945//473 947//473 948//473 946//473
f 947//474 949//474 950//474 948//474
f 949//475 951//475 952//475 950//475
f 951//476 953//476 954//476 952//476
f 953//477 955//477 956//477 954//477
f 955//478 957//478 958//478 956//478
f 957//479 959//479 960//479 958//479
f 959//480 961//480 962//480 960//480
f 961//481 963//481 964//481 962//481
f 963//482 965//482 966//482 964//482
f 965//483 967//483 968//483 966//483
f 967//484 969//484 970//484 968//484
f 969//485 971//485 972//485 970//485
f 971//486 973//486 974//486 972//486
f 973//487 975//487 976//487 974//487
f 975//488 977//488 978//488 976//488
f 977//489 979//489 980//489 978//489
f 979//490 981//490 982//490 980//490
f 981//491 983//491 984//491 982//491
f 983//492 985//492 986//492 984//492
f 985//493 987//493 988//493 986//493
f 987//494 989//494 990//494 988//494
f 989//495 991//495 992//495 990//495
f 991//496 993//496 994//496 992//496
f 993//497 995//497 996//497 994//497
f 995//498 997//498 998//498 996//498
f 997//499 999//499 1000//499 998//499
f 999//500 1001//500 1002//500 1000//500
f 1001//501 1003//501 1004//501 1002//501
f 1003//502 1005//502 1006//502 1004//502
f 1005//503 1007//503 1008//503 1006//503
f 1007//504 1009//504 1010//504 1008//504
f 1009//505 1011//505 1012//505 1010//505
f 1011//506 1013//506 1014//506 1012//506
f 1013//507 1015//507 1016//507 1014//507
f 1015//508 1//508 4//508 1016//508
f 16//509 4//509 3//509
f 2//510 1//510 15//510
f 14//511 16//511 3//511
f 2//512 15//512 13//512
f 12//513 14//513 3//513
f 2//514 13//514 11//514
f 10//515 12//515 3//515
f 2//516 11//516 9//516
f 6//517 10//517 3//517
f 2//518 9//518 5//518
f 556//519 512//519 514//519
f 513//520 511//520 555//520
f 554//521 556//521 514//521
f 513//522 555//522 553//522
f 516//523 554//523 514//523
f 513//524 553//524 515//524
f 552//525 554//525 516//525
f 515//526 553//526 551//526
f 518//527 552//527 516//527
f 515//528 551//528 517//528
f 520//529 552//529 518//529
f 517//530 551//530 519//530
f 526//531 522//531 524//531
f 523//532 521//532 525//532
f 540//533 542//533 530//533
f 529//534 541//534 539//534
f 536//535 540//535 530//535
f 529//536 539//536 535//536
f 534//537 536//537 530//537
f 529//538 535//538 533//538
f 532//539 534//539 530//539
f 529//540 533//540 531//540
f 818//541 1014//541 1016//541
f 1015//542 1013//542 817//542
f 166//543 818//543 1016//543
f 1015//544 817//544 165//544
f 4//545 166//545 1016//545
f 1015//546 165//546 1//546
f 164//547 166//547 4//547
f 1//548 165//548 163//548
f 112//549 164//549 4//549
f 1//550 163//550 111//550
f 110//551 112//551 4//551
f 1//552 111//552 109//552
f 56//553 110//553 4//553
f 1//554 109//554 55//554
f 54//555 56//555 4//555
f 1//556 55//556 53//556
f 16//557 54//557 4//557
f 1//558 53//558 15//558
f 30//559 54//559 16//559
f 15//560 53//560 29//560
f 28//561 30//561 16//561
f 15//562 29//562 27//562
f 18//563 28//563 16//563
f 15//564 27//564 17//564
f 6//565 8//565 10//565
f 9//566 7//566 5//566
f 292//567 288//567 290//567
f 289//568 287//568 291//568
f 286//569 288//569 292//569
f 291//570 287//570 285//570
f 284//571 286//571 292//571
f 291//572 285//572 283//572
f 294//573 284//573 292//573
f 291//574 283//574 293//574
f 560//575 510//575 512//575
f 511//576 509//576 559//576
f 558//577 560//577 512//577
f 511//578 559//578 557//578
f 556//579 558//579 512//579
f 511//580 557//580 555//580
f 522//581 526//581 520//581
f 519//582 525//582 521//582
f 544//583 548//583 550//583
f 549//584 547//584 543//584
f 542//585 544//585 550//585
f 549//586 543//586 541//586
f 536//587 538//587 540//587
f 539//588 537//588 535//588
f 868//589 870//589 872//589
f 871//590 869//590 867//590
f 866//591 868//591 872//591
f 871//592 867//592 865//592
f 864//593 866//593 872//593
f 871//594 865//594 863//594
f 874//595 864//595 872//595
f 871//596 863//596 873//596
f 1004//597 996//597 998//597
f 997//598 995//598 1003//598
f 1000//599 1002//599 998//599
f 997//600 1001//600 999//600
f 820//601 1010//601 1012//601
f 1011//602 1009//602 819//602
f 1014//603 820//603 1012//603
f 1011//604 819//604 1013//604
f 818//605 820//605 1014//605
f 1013//606 819//606 817//606
f 798//607 816//607 818//607
f 817//608 815//608 797//608
f 796//609 798//609 818//609
f 817//610 797//610 795//610
f 622//611 796//611 818//611
f 817//612 795//612 621//612
f 166//613 622//613 818//613
f 817//614 621//614 165//614
f 168//615 622//615 166//615
f 165//616 621//616 167//616
f 158//617 162//617 164//617
f 163//618 161//618 157//618
f 156//619 158//619 164//619
f 163//620 157//620 155//620
f 140//621 156//621 164//621
f 163//622 155//622 139//622
f 112//623 140//623 164//623
f 163//624 139//624 111//624
f 136//625 140//625 112//625
f 111//626 139//626 135//626
f 114//627 136//627 112//627
f 111//628 135//628 113//628
f 58//629 108//629 110//629
f 109//630 107//630 57//630
f 56//631 58//631 110//631
f 109//632 57//632 55//632
f 30//633 52//633 54//633
f 53//634 51//634 29//634
f 32//635 52//635 30//635
f 29//636 51//636 31//636
f 20//637 26//637 28//637
f 27//638 25//638 19//638
f 18//639 20//639 28//639
f 27//640 19//640 17//640
f 22//641 26//641 20//641
f 19//642 25//642 21//642
f 24//643 26//643 22//643
f 21//644 25//644 23//644
f 40//645 36//645 38//645
f 37//646 35//646 39//646
f 48//647 36//647 40//647
f 39//648 35//648 47//648
f 42//649 48//649 40//649
f 39//650 47//650 41//650
f 294//651 282//651 284//651
f 283//652 281//652 293//652
f 280//653 282//653 294//653
f 293//654 281//654 279//654
f 278//655 280//655 294//655
f 293//656 279//656 277//656
f 296//657 278//657 294//657
f 293//658 277//658 295//658
f 564//659 508//659 510//659
f 509//660 507//660 563//660
f 562//661 564//661 510//661
f 509//662 563//662 561//662
f 560//663 562//663 510//663
f 509//664 561//664 559//664
f 876//665 860//665 862//665
f 861//666 859//666 875//666
f 874//667 876//667 862//667
f 861//668 875//668 873//668
f 864//669 874//669 862//669
f 861//670 873//670 863//670
f 860//671 876//671 878//671
f 877//672 875//672 859//672
f 858//673 860//673 878//673
f 877//674 859//674 857//674
f 880//675 858//675 878//675
f 877//676 857//676 879//676
f 888//677 884//677 886//677
f 885//678 883//678 887//678
f 954//679 994//679 996//679
f 995//680 993//680 953//680
f 1004//681 952//681 996//681
f 995//682 951//682 1003//682
f 1006//683 952//683 1004//683
f 1003//684 951//684 1005//684
f 950//685 952//685 1006//685
f 1005//686 951//686 949//686
f 830//687 950//687 1006//687
f 1005//688 949//688 829//688
f 806//689 808//689 810//689
f 809//690 807//690 805//690
f 804//691 806//691 810//691
f 809//692 805//692 803//692
f 812//693 804//693 810//693
f 809//694 803//694 811//694
f 826//695 828//695 1008//695
f 1007//696 827//696 825//696
f 824//697 826//697 1008//697
f 1007//698 825//698 823//698
f 822//699 824//699 1008//699
f 1007//700 823//700 821//700
f 1010//701 822//701 1008//701
f 1007//702 821//702 1009//702
f 820//703 822//703 1010//703
f 1009//704 821//704 819//704
f 800//705 814//705 816//705
f 815//706 813//706 799//706
f 798//707 800//707 816//707
f 815//708 799//708 797//708
f 624//709 794//709 796//709
f 795//710 793//710 623//710
f 622//711 624//711 796//711
f 795//712 623//712 621//712
f 428//713 620//713 622//713
f 621//714 619//714 427//714
f 426//715 428//715 622//715
f 621//716 427//716 425//716
f 422//717 426//717 622//717
f 621//718 425//718 421//718
f 168//719 422//719 622//719
f 621//720 421//720 167//720
f 420//721 422//721 168//721
f 167//722 421//722 419//722
f 196//723 420//723 168//723
f 167//724 419//724 195//724
f 170//725 196//725 168//725
f 167//726 195//726 169//726
f 158//727 160//727 162//727
f 161//728 159//728 157//728
f 142//729 154//729 156//729
f 155//730 153//730 141//730
f 140//731 142//731 156//731
f 155//732 141//732 139//732
f 136//733 138//733 140//733
f 139//734 137//734 135//734
f 114//735 134//735 136//735
f 135//736 133//736 113//736
f 116//737 134//737 114//737
f 113//738 133//738 115//738
f 58//739 106//739 108//739
f 107//740 105//740 57//740
f 102//741 106//741 58//741
f 57//742 105//742 101//742
f 60//743 102//743 58//743
f 57//744 101//744 59//744
f 84//745 102//745 60//745
f 59//746 101//746 83//746
f 78//747 84//747 60//747
f 59//748 83//748 77//748
f 70//749 78//749 60//749
f 59//750 77//750 69//750
f 64//751 70//751 60//751
f 59//752 69//752 63//752
f 62//753 64//753 60//753
f 59//754 63//754 61//754
f 32//755 50//755 52//755
f 51//756 49//756 31//756
f 34//757 50//757 32//757
f 31//758 49//758 33//758
f 48//759 34//759 36//759
f 35//760 33//760 47//760
f 50//761 34//761 48//761
f 47//762 33//762 49//762
f 44//763 46//763 48//763
f 47//764 45//764 43//764
f 42//765 44//765 48//765
f 47//766 43//766 41//766
f 94//767 96//767 98//767
f 97//768 95//768 93//768
f 100//769 94//769 98//769
f 97//770 93//770 99//770
f 126//771 128//771 130//771
f 129//772 127//772 125//772
f 124//773 126//773 130//773
f 129//774 125//774 123//774
f 132//775 124//775 130//775
f 129//776 123//776 131//776
f 134//777 124//777 132//777
f 131//778 123//778 133//778
f 116//779 124//779 134//779
f 133//780 123//780 115//780
f 122//781 124//781 116//781
f 115//782 123//782 121//782
f 118//783 122//783 116//783
f 115//784 121//784 117//784
f 102//785 104//785 106//785
f 105//786 103//786 101//786
f 90//787 100//787 102//787
f 101//788 99//788 89//788
f 84//789 90//789 102//789
f 101//790 89//790 83//790
f 88//791 90//791 84//791
f 83//792 89//792 87//792
f 86//793 88//793 84//793
f 83//794 87//794 85//794
f 80//795 82//795 84//795
f 83//796 81//796 79//796
f 78//797 80//797 84//797
f 83//798 79//798 77//798
f 70//799 76//799 78//799
f 77//800 75//800 69//800
f 72//801 76//801 70//801
f 69//802 75//802 71//802
f 64//803 68//803 70//803
f 69//804 67//804 63//804
f 66//805 68//805 64//805
f 63//806 67//806 65//806
f 74//807 76//807 72//807
f 71//808 75//808 73//808
f 100//809 92//809 94//809
f 93//810 91//810 99//810
f 90//811 92//811 100//811
f 99//812 91//812 89//812
f 118//813 120//813 122//813
f 121//814 119//814 117//814
f 150//815 146//815 148//815
f 147//816 145//816 149//816
f 190//817 184//817 186//817
f 185//818 183//818 189//818
f 188//819 190//819 186//819
f 185//820 189//820 187//820
f 256//821 258//821 260//821
f 259//822 257//822 255//822
f 254//823 256//823 260//823
f 259//824 255//824 253//824
f 262//825 254//825 260//825
f 259//826 253//826 261//826
f 296//827 276//827 278//827
f 277//828 275//828 295//828
f 298//829 276//829 296//829
f 295//830 275//830 297//830
f 328//831 332//831 334//831
f 333//832 331//832 327//832
f 338//833 328//833 334//833
f 333//834 327//834 337//834
f 336//835 338//835 334//835
f 333//836 337//836 335//836
f 346//837 342//837 344//837
f 343//838 341//838 345//838
f 494//839 490//839 492//839
f 491//840 489//840 493//840
f 502//841 498//841 500//841
f 499//842 497//842 501//842
f 504//843 498//843 502//843
f 501//844 497//844 503//844
f 568//845 504//845 506//845
f 505//846 503//846 567//846
f 508//847 566//847 506//847
f 505//848 565//848 507//848
f 564//849 566//849 508//849
f 507//850 565//850 563//850
f 880//851 856//851 858//851
f 857//852 855//852 879//852
f 882//853 856//853 880//853
f 879//854 855//854 881//854
f 854//855 856//855 882//855
f 881//856 855//856 853//856
f 884//857 854//857 882//857
f 881//858 853//858 883//858
f 888//859 854//859 884//859
f 883//860 853//860 887//860
f 898//861 892//861 894//861
f 893//862 891//862 897//862
f 896//863 898//863 894//863
f 893//864 897//864 895//864
f 902//865 850//865 900//865
f 899//866 849//866 901//866
f 850//867 902//867 904//867
f 903//868 901//868 849//868
f 906//869 850//869 904//869
f 903//870 849//870 905//870
f 908//871 850//871 906//871
f 905//872 849//872 907//872
f 910//873 850//873 908//873
f 907//874 849//874 909//874
f 956//875 990//875 992//875
f 991//876 989//876 955//876
f 736//877 742//877 744//877
f 743//878 741//878 735//878
f 734//879 736//879 744//879
f 743//880 735//880 733//880
f 746//881 734//881 744//881
f 743//882 733//882 745//882
f 754//883 734//883 746//883
f 745//884 733//884 753//884
f 752//885 754//885 746//885
f 745//886 753//886 751//886
f 748//887 752//887 746//887
f 745//888 751//888 747//888
f 750//889 752//889 748//889
f 747//890 751//890 749//890
f 786//891 778//891 780//891
f 779//892 777//892 785//892
f 784//893 786//893 780//893
f 779//894 785//894 783//894
f 782//895 784//895 780//895
f 779//896 783//896 781//896
f 814//897 802//897 812//897
f 811//898 801//898 813//898
f 800//899 802//899 814//899
f 813//900 801//900 799//900
f 624//901 792//901 794//901
f 793//902 791//902 623//902
f 790//903 792//903 624//903
f 623//904 791//904 789//904
f 626//905 790//905 624//905
f 623//906 789//906 625//906
f 450//907 618//907 620//907
f 619//908 617//908 449//908
f 448//909 450//909 620//909
f 619//910 449//910 447//910
f 430//911 448//911 620//911
f 619//912 447//912 429//912
f 428//913 430//913 620//913
f 619//914 429//914 427//914
f 422//915 424//915 426//915
f 425//916 423//916 421//916
f 210//917 418//917 420//917
f 419//918 417//918 209//918
f 208//919 210//919 420//919
f 419//920 209//920 207//920
f 196//921 208//921 420//921
f 419//922 207//922 195//922
f 200//923 208//923 196//923
f 195//924 207//924 199//924
f 198//925 200//925 196//925
f 195//926 199//926 197//926
f 176//927 194//927 196//927
f 195//928 193//928 175//928
f 174//929 176//929 196//929
f 195//930 175//930 173//930
f 170//931 174//931 196//931
f 195//932 173//932 169//932
f 172//933 174//933 170//933
f 169//934 173//934 171//934
f 144//935 152//935 154//935
f 153//936 151//936 143//936
f 142//937 144//937 154//937
f 153//938 143//938 141//938
f 150//939 144//939 146//939
f 145//940 143//940 149//940
f 152//941 144//941 150//941
f 149//942 143//942 151//942
f 182//943 176//943 178//943
f 177//944 175//944 181//944
f 180//945 182//945 178//945
f 177//946 181//946 179//946
f 190//947 182//947 184//947
f 183//948 181//948 189//948
f 194//949 182//949 190//949
f 189//950 181//950 193//950
f 192//951 194//951 190//951
f 189//952 193//952 191//952
f 176//953 182//953 194//953
f 193//954 181//954 175//954
f 202//955 208//955 200//955
f 199//956 207//956 201//956
f 246//957 252//957 254//957
f 253//958 251//958 245//958
f 262//959 246//959 254//959
f 253//960 245//960 261//960
f 268//961 246//961 262//961
f 261//962 245//962 267//962
f 264//963 266//963 262//963
f 261//964 265//964 263//964
f 272//965 274//965 298//965
f 297//966 273//966 271//966
f 242//967 272//967 298//967
f 297//968 271//968 241//968
f 244//969 272//969 242//969
f 241//970 271//970 243//970
f 320//971 316//971 318//971
f 317//972 315//972 319//972
f 328//973 330//973 332//973
f 331//974 329//974 327//974
f 338//975 326//975 328//975
f 327//976 325//976 337//976
f 340//977 326//977 338//977
f 337//978 325//978 339//978
f 324//979 340//979 342//979
f 341//980 339//980 323//980
f 224//981 324//981 342//981
f 341//982 323//982 223//982
f 350//983 224//983 342//983
f 341//984 223//984 349//984
f 348//985 350//985 342//985
f 341//986 349//986 347//986
f 346//987 348//987 342//987
f 341//988 347//988 345//988
f 572//989 484//989 486//989
f 485//990 483//990 571//990
f 574//991 484//991 572//991
f 571//992 483//992 573//992
f 914//993 848//993 912//993
f 911//994 847//994 913//994
f 848//995 914//995 916//995
f 915//996 913//996 847//996
f 918//997 848//997 916//997
f 915//998 847//998 917//998
f 936//999 932//999 934//999
f 933//1000 931//1000 935//1000
f 834//1001 940//1001 942//1001
f 941//1002 939//1002 833//1002
f 944//1003 834//1003 942//1003
f 941//1004 833//1004 943//1004
f 832//1005 834//1005 944//1005
f 943//1006 833//1006 831//1006
f 946//1007 832//1007 944//1007
f 943//1008 831//1008 945//1008
f 832//1009 946//1009 948//1009
f 947//1010 945//1010 831//1010
f 690//1011 684//1011 686//1011
f 685//1012 683//1012 689//1012
f 738//1013 740//1013 742//1013
f 741//1014 739//1014 737//1014
f 736//1015 738//1015 742//1015
f 741//1016 737//1016 735//1016
f 754//1017 732//1017 734//1017
f 733//1018 731//1018 753//1018
f 756//1019 732//1019 754//1019
f 753//1020 731//1020 755//1020
f 760//1021 762//1021 758//1021
f 757//1022 761//1022 759//1022
f 768//1023 770//1023 772//1023
f 771//1024 769//1024 767//1024
f 774//1025 768//1025 772//1025
f 771//1026 767//1026 773//1026
f 776//1027 766//1027 774//1027
f 773//1028 765//1028 775//1028
f 788//1029 776//1029 778//1029
f 777//1030 775//1030 787//1030
f 786//1031 788//1031 778//1031
f 777//1032 787//1032 785//1032
f 626//1033 788//1033 790//1033
f 789//1034 787//1034 625//1034
f 766//1035 788//1035 626//1035
f 625//1036 787//1036 765//1036
f 628//1037 766//1037 626//1037
f 625//1038 765//1038 627//1038
f 656//1039 658//1039 660//1039
f 659//1040 657//1040 655//1040
f 654//1041 656//1041 660//1041
f 659//1042 655//1042 653//1042
f 766//1043 628//1043 764//1043
f 763//1044 627//1044 765//1044
f 776//1045 788//1045 766//1045
f 765//1046 787//1046 775//1046
f 450//1047 616//1047 618//1047
f 617//1048 615//1048 449//1048
f 452//1049 616//1049 450//1049
f 449//1050 615//1050 451//1050
f 444//1051 446//1051 448//1051
f 447//1052 445//1052 443//1052
f 440//1053 444//1053 448//1053
f 447//1054 443//1054 439//1054
f 432//1055 440//1055 448//1055
f 447//1056 439//1056 431//1056
f 430//1057 432//1057 448//1057
f 447//1058 431//1058 429//1058
f 210//1059 416//1059 418//1059
f 417//1060 415//1060 209//1060
f 220//1061 416//1061 210//1061
f 209//1062 415//1062 219//1062
f 212//1063 220//1063 210//1063
f 209//1064 219//1064 211//1064
f 202//1065 206//1065 208//1065
f 207//1066 205//1066 201//1066
f 204//1067 206//1067 202//1067
f 201//1068 205//1068 203//1068
f 228//1069 230//1069 232//1069
f 231//1070 229//1070 227//1070
f 300//1071 234//1071 236//1071
f 235//1072 233//1072 299//1072
f 252//1073 248//1073 250//1073
f 249//1074 247//1074 251//1074
f 246//1075 248//1075 252//1075
f 251//1076 247//1076 245//1076
f 312//1077 306//1077 308//1077
f 307//1078 305//1078 311//1078
f 310//1079 312//1079 308//1079
f 307//1080 311//1080 309//1080
f 316//1081 312//1081 314//1081
f 313//1082 311//1082 315//1082
f 226//1083 312//1083 316//1083
f 315//1084 311//1084 225//1084
f 324//1085 226//1085 316//1085
f 315//1086 225//1086 323//1086
f 320//1087 324//1087 316//1087
f 315//1088 323//1088 319//1088
f 322//1089 324//1089 320//1089
f 319//1090 323//1090 321//1090
f 340//1091 324//1091 326//1091
f 325//1092 323//1092 339//1092
f 224//1093 226//1093 324//1093
f 323//1094 225//1094 223//1094
f 394//1095 222//1095 224//1095
f 223//1096 221//1096 393//1096
f 354//1097 394//1097 224//1097
f 223//1098 393//1098 353//1098
f 350//1099 354//1099 224//1099
f 223//1100 353//1100 349//1100
f 352//1101 354//1101 350//1101
f 349//1102 353//1102 351//1102
f 360//1103 364//1103 366//1103
f 365//1104 363//1104 359//1104
f 376//1105 360//1105 366//1105
f 365//1106 359//1106 375//1106
f 372//1107 376//1107 366//1107
f 365//1108 375//1108 371//1108
f 368//1109 372//1109 366//1109
f 365//1110 371//1110 367//1110
f 580//1111 470//1111 472//1111
f 471//1112 469//1112 579//1112
f 578//1113 580//1113 472//1113
f 471//1114 579//1114 577//1114
f 474//1115 578//1115 472//1115
f 471//1116 577//1116 473//1116
f 576//1117 578//1117 474//1117
f 473//1118 577//1118 575//1118
f 476//1119 576//1119 474//1119
f 473//1120 575//1120 475//1120
f 480//1121 476//1121 478//1121
f 477//1122 475//1122 479//1122
f 482//1123 476//1123 480//1123
f 479//1124 475//1124 481//1124
f 918//1125 846//1125 848//1125
f 847//1126 845//1126 917//1126
f 920//1127 846//1127 918//1127
f 917//1128 845//1128 919//1128
f 924//1129 842//1129 922//1129
f 921//1130 841//1130 923//1130
f 840//1131 842//1131 924//1131
f 923//1132 841//1132 839//1132
f 928//1133 840//1133 924//1133
f 923//1134 839//1134 927//1134
f 926//1135 928//1135 924//1135
f 923//1136 927//1136 925//1136
f 932//1137 836//1137 838//1137
f 837//1138 835//1138 931//1138
f 936//1139 836//1139 932//1139
f 931//1140 835//1140 935//1140
f 938//1141 836//1141 936//1141
f 935//1142 835//1142 937//1142
f 690//1143 692//1143 684//1143
f 683//1144 691//1144 689//1144
f 716//1145 728//1145 630//1145
f 629//1146 727//1146 715//1146
f 616//1147 452//1147 614//1147
f 613//1148 451//1148 615//1148
f 440//1149 442//1149 444//1149
f 443//1150 441//1150 439//1150
f 436//1151 438//1151 440//1151
f 439//1152 437//1152 435//1152
f 432//1153 436//1153 440//1153
f 439//1154 435//1154 431//1154
f 434//1155 436//1155 432//1155
f 431//1156 435//1156 433//1156
f 408//1157 414//1157 416//1157
f 415//1158 413//1158 407//1158
f 406//1159 408//1159 416//1159
f 415//1160 407//1160 405//1160
f 396//1161 406//1161 416//1161
f 415//1162 405//1162 395//1162
f 222//1163 396//1163 416//1163
f 415//1164 395//1164 221//1164
f 220//1165 222//1165 416//1165
f 415//1166 221//1166 219//1166
f 394//1167 396//1167 222//1167
f 221//1168 395//1168 393//1168
f 390//1169 392//1169 394//1169
f 393//1170 391//1170 389//1170
f 354//1171 390//1171 394//1171
f 393//1172 389//1172 353//1172
f 356//1173 390//1173 354//1173
f 353//1174 389//1174 355//1174
f 360//1175 362//1175 364//1175
f 363//1176 361//1176 359//1176
f 376//1177 358//1177 360//1177
f 359//1178 357//1178 375//1178
f 386//1179 358//1179 376//1179
f 375//1180 357//1180 385//1180
f 378//1181 386//1181 376//1181
f 375//1182 385//1182 377//1182
f 372//1183 374//1183 376//1183
f 375//1184 373//1184 371//1184
f 368//1185 370//1185 372//1185
f 371//1186 369//1186 367//1186
f 470//1187 466//1187 468//1187
f 467//1188 465//1188 469//1188
f 580//1189 466//1189 470//1189
f 469//1190 465//1190 579//1190
f 582//1191 466//1191 580//1191
f 579//1192 465//1192 581//1192
f 464//1193 466//1193 582//1193
f 581//1194 465//1194 463//1194
f 584//1195 464//1195 582//1195
f 581//1196 463//1196 583//1196
f 462//1197 464//1197 584//1197
f 583//1198 463//1198 461//1198
f 592//1199 588//1199 590//1199
f 589//1200 587//1200 591//1200
f 646//1201 668//1201 670//1201
f 669//1202 667//1202 645//1202
f 644//1203 646//1203 670//1203
f 669//1204 645//1204 643//1204
f 642//1205 644//1205 670//1205
f 669//1206 643//1206 641//1206
f 704//1207 642//1207 670//1207
f 669//1208 641//1208 703//1208
f 672//1209 704//1209 670//1209
f 669//1210 703//1210 671//1210
f 694//1211 680//1211 682//1211
f 681//1212 679//1212 693//1212
f 722//1213 724//1213 726//1213
f 725//1214 723//1214 721//1214
f 720//1215 722//1215 726//1215
f 725//1216 721//1216 719//1216
f 718//1217 720//1217 726//1217
f 725//1218 719//1218 717//1218
f 728//1219 718//1219 726//1219
f 725//1220 717//1220 727//1220
f 716//1221 718//1221 728//1221
f 727//1222 717//1222 715//1222
f 456//1223 612//1223 454//1223
f 453//1224 611//1224 455//1224
f 408//1225 412//1225 414//1225
f 413//1226 411//1226 407//1226
f 410//1227 412//1227 408//1227
f 407//1228 411//1228 409//1228
f 400//1229 404//1229 406//1229
f 405//1230 403//1230 399//1230
f 398//1231 400//1231 406//1231
f 405//1232 399//1232 397//1232
f 396//1233 398//1233 406//1233
f 405//1234 397//1234 395//1234
f 356//1235 388//1235 390//1235
f 389//1236 387//1236 355//1236
f 358//1237 388//1237 356//1237
f 355//1238 387//1238 357//1238
f 386//1239 388//1239 358//1239
f 357//1240 387//1240 385//1240
f 378//1241 384//1241 386//1241
f 385//1242 383//1242 377//1242
f 380//1243 384//1243 378//1243
f 377//1244 383//1244 379//1244
f 600//1245 460//1245 598//1245
f 597//1246 459//1246 599//1246
f 592//1247 594//1247 596//1247
f 595//1248 593//1248 591//1248
f 588//1249 592//1249 596//1249
f 595//1250 591//1250 587//1250
f 648//1251 666//1251 668//1251
f 667//1252 665//1252 647//1252
f 646//1253 648//1253 668//1253
f 667//1254 647//1254 645//1254
f 638//1255 640//1255 642//1255
f 641//1256 639//1256 637//1256
f 706//1257 638//1257 642//1257
f 641//1258 637//1258 705//1258
f 704//1259 706//1259 642//1259
f 641//1260 705//1260 703//1260
f 674//1261 702//1261 672//1261
f 671//1262 701//1262 673//1262
f 676//1263 700//1263 674//1263
f 673//1264 699//1264 675//1264
f 696//1265 678//1265 680//1265
f 679//1266 677//1266 695//1266
f 694//1267 696//1267 680//1267
f 679//1268 695//1268 693//1268
f 456//1269 610//1269 612//1269
f 611//1270 609//1270 455//1270
f 458//1271 610//1271 456//1271
f 455//1272 609//1272 457//1272
f 400//1273 402//1273 404//1273
f 403//1274 401//1274 399//1274
f 384//1275 380//1275 382//1275
f 381//1276 379//1276 383//1276
f 608//1277 458//1277 460//1277
f 459//1278 457//1278 607//1278
f 606//1279 608//1279 460//1279
f 459//1280 607//1280 605//1280
f 600//1281 606//1281 460//1281
f 459//1282 605//1282 599//1282
f 602//1283 606//1283 600//1283
f 599//1284 605//1284 601//1284
f 604//1285 606//1285 602//1285
f 601//1286 605//1286 603//1286
f 706//1287 708//1287 638//1287
f 637//1288 707//1288 705//1288
f 712//1289 634//1289 636//1289
f 635//1290 633//1290 711//1290
f 458//1291 608//1291 610//1291
f 609//1292 607//1292 457//1292
f 212//1293 218//1293 220//1293
f 219//1294 217//1294 211//1294
f 216//1295 218//1295 212//1295
f 211//1296 217//1296 215//1296
f 214//1297 216//1297 212//1297
f 211//1298 215//1298 213//1298
f 234//1299 226//1299 228//1299
f 227//1300 225//1300 233//1300
f 306//1301 226//1301 234//1301
f 233//1302 225//1302 305//1302
f 302//1303 306//1303 234//1303
f 233//1304 305//1304 301//1304
f 300//1305 302//1305 234//1305
f 233//1306 301//1306 299//1306
f 306//1307 302//1307 304//1307
f 303//1308 301//1308 305//1308
f 312//1309 226//1309 306//1309
f 305//1310 225//1310 311//1310
f 270//1311 244//1311 246//1311
f 245//1312 243//1312 269//1312
f 268//1313 270//1313 246//1313
f 245//1314 269//1314 267//1314
f 244//1315 270//1315 272//1315
f 271//1316 269//1316 243//1316
f 494//1317 488//1317 490//1317
f 489//1318 487//1318 493//1318
f 504//1319 568//1319 498//1319
f 497//1320 567//1320 503//1320
f 544//1321 546//1321 548//1321
f 547//1322 545//1322 543//1322
