# Generated from CN441122_filled_aids.yaml
mtllib chart_obstacle_001.mtl
o chart_obstacle_001
usemtl chart_land
v -1142.312343 3144.251535 -5.000000
v -1158.312343 3098.837322 -5.000000
v -1158.312343 3098.837322 3.000000
v -1142.312343 3144.251535 3.000000
v -1067.726556 3064.251535 -5.000000
v -1067.726556 3064.251535 3.000000
v -1064.312343 3055.665749 -5.000000
v -1064.312343 3055.665749 3.000000
v -1076.312343 3029.665749 -5.000000
v -1076.312343 3029.665749 3.000000
v -1079.312343 3026.665749 -5.000000
v -1079.312343 3026.665749 3.000000
v -1111.312343 3040.665749 -5.000000
v -1111.312343 3040.665749 3.000000
v -1116.312343 3035.665749 -5.000000
v -1116.312343 3035.665749 3.000000
v -1132.312343 2999.665749 -5.000000
v -1132.312343 2999.665749 3.000000
v -1140.312343 2996.251535 -5.000000
v -1140.312343 2996.251535 3.000000
v -1146.312343 2983.665749 -5.000000
v -1146.312343 2983.665749 3.000000
v -1146.312343 2976.837322 -5.000000
v -1146.312343 2976.837322 3.000000
v -1138.726556 2967.251535 -5.000000
v -1138.726556 2967.251535 3.000000
v -1146.312343 2949.665749 -5.000000
v -1146.312343 2949.665749 3.000000
v -1358.312343 2583.665749 -5.000000
v -1358.312343 2583.665749 3.000000
v -1361.312343 2580.665749 -5.000000
v -1361.312343 2580.665749 3.000000
v -1364.898129 2582.251535 -5.000000
v -1364.898129 2582.251535 3.000000
v -1400.898129 2602.251535 -5.000000
v -1400.898129 2602.251535 3.000000
v -1400.312343 2608.837322 -5.000000
v -1400.312343 2608.837322 3.000000
v -1198.312343 2952.837322 -5.000000
v -1198.312343 2952.837322 3.000000
v -1182.312343 2976.837322 -5.000000
v -1182.312343 2976.837322 3.000000
v -1166.898129 2992.251535 -5.000000
v -1166.898129 2992.251535 3.000000
v -1148.312343 3000.251535 -5.000000
v -1148.312343 3000.251535 3.000000
v -1148.312343 3004.251535 -5.000000
v -1148.312343 3004.251535 3.000000
v -1169.726556 2996.251535 -5.000000
v -1169.726556 2996.251535 3.000000
v -1186.312343 2979.665749 -5.000000
v -1186.312343 2979.665749 3.000000
v -1406.312343 2605.665749 -5.000000
v -1406.312343 2605.665749 3.000000
v -1410.898129 2602.251535 -5.000000
v -1410.898129 2602.251535 3.000000
v -1418.312343 2607.665749 -5.000000
v -1418.312343 2607.665749 3.000000
v -1406.312343 2628.837322 -5.000000
v -1406.312343 2628.837322 3.000000
v -1406.312343 2636.251535 -5.000000
v -1406.312343 2636.251535 3.000000
v -1410.312343 2636.251535 -5.000000
v -1410.312343 2636.251535 3.000000
v -1423.726556 2612.251535 -5.000000
v -1423.726556 2612.251535 3.000000
v -1434.898129 2618.251535 -5.000000
v -1434.898129 2618.251535 3.000000
v -1440.312343 2615.665749 -5.000000
v -1440.312343 2615.665749 3.000000
v -1598.312343 2337.665749 -5.000000
v -1598.312343 2337.665749 3.000000
v -1612.312343 2317.665749 -5.000000
v -1612.312343 2317.665749 3.000000
v -1631.726556 2300.251535 -5.000000
v -1631.726556 2300.251535 3.000000
v -1686.312343 2329.665749 -5.000000
v -1686.312343 2329.665749 3.000000
v -1680.312343 2340.837322 -5.000000
v -1680.312343 2340.837322 3.000000
v -1674.312343 2342.837322 -5.000000
v -1674.312343 2342.837322 3.000000
v -1658.312343 2374.837322 -5.000000
v -1658.312343 2374.837322 3.000000
v -1658.312343 2378.251535 -5.000000
v -1658.312343 2378.251535 3.000000
v -1666.898129 2382.251535 -5.000000
v -1666.898129 2382.251535 3.000000
v -1670.312343 2382.251535 -5.000000
v -1670.312343 2382.251535 3.000000
v -1686.312343 2349.665749 -5.000000
v -1686.312343 2349.665749 3.000000
v -1684.726556 2343.251535 -5.000000
v -1684.726556 2343.251535 3.000000
v -1688.312343 2335.665749 -5.000000
v -1688.312343 2335.665749 3.000000
v -1696.312343 2329.665749 -5.000000
v -1696.312343 2329.665749 3.000000
v -1717.312343 2294.665749 -5.000000
v -1717.312343 2294.665749 3.000000
v -1730.312343 2303.665749 -5.000000
v -1730.312343 2303.665749 3.000000
v -1732.898129 2312.251535 -5.000000
v -1732.898129 2312.251535 3.000000
v -1742.312343 2309.665749 -5.000000
v -1742.312343 2309.665749 3.000000
v -1742.312343 2319.665749 -5.000000
v -1742.312343 2319.665749 3.000000
v -1748.312343 2323.665749 -5.000000
v -1748.312343 2323.665749 3.000000
v -1748.312343 2326.837322 -5.000000
v -1748.312343 2326.837322 3.000000
v -1742.898129 2334.251535 -5.000000
v -1742.898129 2334.251535 3.000000
v -1738.312343 2334.251535 -5.000000
v -1738.312343 2334.251535 3.000000
v -1708.312343 2376.837322 -5.000000
v -1708.312343 2376.837322 3.000000
v -1706.312343 2383.665749 -5.000000
v -1706.312343 2383.665749 3.000000
v -1710.898129 2388.251535 -5.000000
v -1710.898129 2388.251535 3.000000
v -1716.312343 2388.251535 -5.000000
v -1716.312343 2388.251535 3.000000
v -1740.312343 2353.665749 -5.000000
v -1740.312343 2353.665749 3.000000
v -1748.312343 2341.665749 -5.000000
v -1748.312343 2341.665749 3.000000
v -1753.312343 2326.665749 -5.000000
v -1753.312343 2326.665749 3.000000
v -1763.726556 2332.251535 -5.000000
v -1763.726556 2332.251535 3.000000
v -1770.898129 2326.251535 -5.000000
v -1770.898129 2326.251535 3.000000
v -1794.898129 2340.251535 -5.000000
v -1794.898129 2340.251535 3.000000
v -1792.312343 2352.837322 -5.000000
v -1792.312343 2352.837322 3.000000
v -1785.312343 2361.837322 -5.000000
v -1785.312343 2361.837322 3.000000
v -1783.312343 2359.837322 -5.000000
v -1783.312343 2359.837322 3.000000
v -1778.312343 2364.837322 -5.000000
v -1778.312343 2364.837322 3.000000
v -1749.898129 2411.251535 -5.000000
v -1749.898129 2411.251535 3.000000
v -1756.898129 2416.251535 -5.000000
v -1756.898129 2416.251535 3.000000
v -1761.726556 2416.251535 -5.000000
v -1761.726556 2416.251535 3.000000
v -1768.312343 2407.665749 -5.000000
v -1768.312343 2407.665749 3.000000
v -1790.312343 2373.665749 -5.000000
v -1790.312343 2373.665749 3.000000
v -1790.726556 2363.251535 -5.000000
v -1790.726556 2363.251535 3.000000
v -1795.726556 2356.251535 -5.000000
v -1795.726556 2356.251535 3.000000
v -1817.898129 2367.251535 -5.000000
v -1817.898129 2367.251535 3.000000
v -1706.312343 2558.837322 -5.000000
v -1706.312343 2558.837322 3.000000
v -1678.312343 2612.837322 -5.000000
v -1678.312343 2612.837322 3.000000
v -1620.312343 2708.837322 -5.000000
v -1620.312343 2708.837322 3.000000
v -1612.312343 2724.837322 -5.000000
v -1612.312343 2724.837322 3.000000
v -1618.312343 2734.837322 -5.000000
v -1618.312343 2734.837322 3.000000
v -1604.312343 2756.837322 -5.000000
v -1604.312343 2756.837322 3.000000
v -1604.312343 2760.251535 -5.000000
v -1604.312343 2760.251535 3.000000
v -1607.726556 2760.251535 -5.000000
v -1607.726556 2760.251535 3.000000
v -1612.312343 2755.665749 -5.000000
v -1612.312343 2755.665749 3.000000
v -1623.726556 2734.251535 -5.000000
v -1623.726556 2734.251535 3.000000
v -1648.312343 2747.665749 -5.000000
v -1648.312343 2747.665749 3.000000
v -1601.898129 2813.251535 -5.000000
v -1601.898129 2813.251535 3.000000
v -1720.898129 2892.251535 -5.000000
v -1720.898129 2892.251535 3.000000
v -1727.726556 2894.251535 -5.000000
v -1727.726556 2894.251535 3.000000
v -1772.312343 2852.251535 -5.000000
v -1772.312343 2852.251535 3.000000
v -1766.312343 2839.665749 -5.000000
v -1766.312343 2839.665749 3.000000
v -1778.312343 2819.665749 -5.000000
v -1778.312343 2819.665749 3.000000
v -1782.898129 2818.251535 -5.000000
v -1782.898129 2818.251535 3.000000
v -1788.898129 2822.251535 -5.000000
v -1788.898129 2822.251535 3.000000
v -1794.312343 2819.665749 -5.000000
v -1794.312343 2819.665749 3.000000
v -1991.726556 2502.251535 -5.000000
v -1991.726556 2502.251535 3.000000
v -2132.898129 2582.251535 -5.000000
v -2132.898129 2582.251535 3.000000
v -2146.312343 2586.251535 -5.000000
v -2146.312343 2586.251535 3.000000
v -1982.312343 -4091.162678 -5.000000
v -1982.312343 -4091.162678 3.000000
v -1980.312343 -4202.334251 -5.000000
v -1980.312343 -4202.334251 3.000000
v -1982.726556 -4204.748465 -5.000000
v -1982.726556 -4204.748465 3.000000
v -1979.726556 -4207.748465 -5.000000
v -1979.726556 -4207.748465 3.000000
v -1967.726556 -4207.748465 -5.000000
v -1967.726556 -4207.748465 3.000000
v -1951.726556 -4211.748465 -5.000000
v -1951.726556 -4211.748465 3.000000
v -1941.726556 -4217.748465 -5.000000
v -1941.726556 -4217.748465 3.000000
v -1927.726556 -4219.748465 -5.000000
v -1927.726556 -4219.748465 3.000000
v -1914.312343 -4219.748465 -5.000000
v -1914.312343 -4219.748465 3.000000
v -1912.312343 -4211.162678 -5.000000
v -1912.312343 -4211.162678 3.000000
v -1902.898129 -4203.748465 -5.000000
v -1902.898129 -4203.748465 3.000000
v -1890.898129 -4199.748465 -5.000000
v -1890.898129 -4199.748465 3.000000
v -1871.726556 -4199.748465 -5.000000
v -1871.726556 -4199.748465 3.000000
v -1859.726556 -4203.748465 -5.000000
v -1859.726556 -4203.748465 3.000000
v -1763.726556 -4213.748465 -5.000000
v -1763.726556 -4213.748465 3.000000
v -1655.726556 -4215.748465 -5.000000
v -1655.726556 -4215.748465 3.000000
v -1605.726556 -4227.748465 -5.000000
v -1605.726556 -4227.748465 3.000000
v -1592.898129 -4227.748465 -5.000000
v -1592.898129 -4227.748465 3.000000
v -1584.312343 -4221.748465 -5.000000
v -1584.312343 -4221.748465 3.000000
v -1536.312343 -4145.162678 -5.000000
v -1536.312343 -4145.162678 3.000000
v -1526.312343 -4117.162678 -5.000000
v -1526.312343 -4117.162678 3.000000
v -1516.312343 -3901.162678 -5.000000
v -1516.312343 -3901.162678 3.000000
v -1518.312343 -3834.334251 -5.000000
v -1518.312343 -3834.334251 3.000000
v -1522.312343 -3821.162678 -5.000000
v -1522.312343 -3821.162678 3.000000
v -1500.898129 -3789.748465 -5.000000
v -1500.898129 -3789.748465 3.000000
v -900.898129 -3695.748465 -5.000000
v -900.898129 -3695.748465 3.000000
v -846.898129 -3689.748465 -5.000000
v -846.898129 -3689.748465 3.000000
v -836.312343 -3677.162678 -5.000000
v -836.312343 -3677.162678 3.000000
v -669.312343 -3398.162678 -5.000000
v -669.312343 -3398.162678 3.000000
v -662.726556 -3402.748465 -5.000000
v -662.726556 -3402.748465 3.000000
v -666.312343 -3410.334251 -5.000000
v -666.312343 -3410.334251 3.000000
v -847.726556 -3699.748465 -5.000000
v -847.726556 -3699.748465 3.000000
v -1189.726556 -3747.748465 -5.000000
v -1189.726556 -3747.748465 3.000000
v -1467.726556 -3791.748465 -5.000000
v -1467.726556 -3791.748465 3.000000
v -1478.312343 -3793.748465 -5.000000
v -1478.312343 -3793.748465 3.000000
v -1478.312343 -3797.748465 -5.000000
v -1478.312343 -3797.748465 3.000000
v -1186.898129 -3751.748465 -5.000000
v -1186.898129 -3751.748465 3.000000
v -886.898129 -3707.748465 -5.000000
v -886.898129 -3707.748465 3.000000
v -842.312343 -3703.748465 -5.000000
v -842.312343 -3703.748465 3.000000
v -676.312343 -3433.162678 -5.000000
v -676.312343 -3433.162678 3.000000
v -656.898129 -3405.748465 -5.000000
v -656.898129 -3405.748465 3.000000
v -617.726556 -3427.748465 -5.000000
v -617.726556 -3427.748465 3.000000
v -610.898129 -3427.748465 -5.000000
v -610.898129 -3427.748465 3.000000
v -603.726556 -3417.748465 -5.000000
v -603.726556 -3417.748465 3.000000
v -512.312343 -3471.162678 -5.000000
v -512.312343 -3471.162678 3.000000
v -502.312343 -3449.162678 -5.000000
v -502.312343 -3449.162678 3.000000
v -504.898129 -3443.748465 -5.000000
v -504.898129 -3443.748465 3.000000
v -635.898129 -3368.748465 -5.000000
v -635.898129 -3368.748465 3.000000
v -406.312343 -2997.162678 -5.000000
v -406.312343 -2997.162678 3.000000
v -288.312343 -2797.162678 -5.000000
v -288.312343 -2797.162678 3.000000
v -391.898129 -2410.748465 -5.000000
v -391.898129 -2410.748465 3.000000
v -376.898129 -2397.748465 -5.000000
v -376.898129 -2397.748465 3.000000
v -357.726556 -2399.748465 -5.000000
v -357.726556 -2399.748465 3.000000
v -354.312343 -2403.162678 -5.000000
v -354.312343 -2403.162678 3.000000
v -354.312343 -2395.748465 -5.000000
v -354.312343 -2395.748465 3.000000
v -381.726556 -2393.748465 -5.000000
v -381.726556 -2393.748465 3.000000
v -396.312343 -2408.334251 -5.000000
v -396.312343 -2408.334251 3.000000
v -396.312343 -2413.162678 -5.000000
v -396.312343 -2413.162678 3.000000
v -296.312343 -2781.162678 -5.000000
v -296.312343 -2781.162678 3.000000
v -294.312343 -2798.334251 -5.000000
v -294.312343 -2798.334251 3.000000
v -414.312343 -3000.334251 -5.000000
v -414.312343 -3000.334251 3.000000
v -634.312343 -3358.334251 -5.000000
v -634.312343 -3358.334251 3.000000
v -639.726556 -3365.748465 -5.000000
v -639.726556 -3365.748465 3.000000
v -646.312343 -3361.162678 -5.000000
v -646.312343 -3361.162678 3.000000
v -300.312343 -2793.162678 -5.000000
v -300.312343 -2793.162678 3.000000
v -304.312343 -2768.334251 -5.000000
v -304.312343 -2768.334251 3.000000
v -316.312343 -2736.334251 -5.000000
v -316.312343 -2736.334251 3.000000
v -394.312343 -2440.334251 -5.000000
v -394.312343 -2440.334251 3.000000
v -402.312343 -2408.334251 -5.000000
v -402.312343 -2408.334251 3.000000
v -402.312343 -2397.162678 -5.000000
v -402.312343 -2397.162678 3.000000
v -396.898129 -2389.748465 -5.000000
v -396.898129 -2389.748465 3.000000
v -386.898129 -2383.748465 -5.000000
v -386.898129 -2383.748465 3.000000
v -348.312343 -2387.748465 -5.000000
v -348.312343 -2387.748465 3.000000
v -336.312343 -2313.748465 -5.000000
v -336.312343 -2313.748465 3.000000
v -356.898129 -2309.748465 -5.000000
v -356.898129 -2309.748465 3.000000
v -358.312343 -2305.162678 -5.000000
v -358.312343 -2305.162678 3.000000
v -352.312343 -2281.162678 -5.000000
v -352.312343 -2281.162678 3.000000
v -328.898129 -2257.748465 -5.000000
v -328.898129 -2257.748465 3.000000
v -312.898129 -2247.748465 -5.000000
v -312.898129 -2247.748465 3.000000
v -224.898129 -2229.748465 -5.000000
v -224.898129 -2229.748465 3.000000
v -208.312343 -2219.748465 -5.000000
v -208.312343 -2219.748465 3.000000
v -198.312343 -2205.162678 -5.000000
v -198.312343 -2205.162678 3.000000
v -178.312343 -2107.162678 -5.000000
v -178.312343 -2107.162678 3.000000
v -180.312343 -2090.334251 -5.000000
v -180.312343 -2090.334251 3.000000
v -188.312343 -2074.334251 -5.000000
v -188.312343 -2074.334251 3.000000
v -206.898129 -2061.748465 -5.000000
v -206.898129 -2061.748465 3.000000
v -324.898129 -2025.748465 -5.000000
v -324.898129 -2025.748465 3.000000
v -338.312343 -2012.334251 -5.000000
v -338.312343 -2012.334251 3.000000
v -383.898129 -1950.748465 -5.000000
v -383.898129 -1950.748465 3.000000
v -382.312343 -1943.162678 -5.000000
v -382.312343 -1943.162678 3.000000
v -379.312343 -1938.162678 -5.000000
v -379.312343 -1938.162678 3.000000
v -360.312343 -1957.162678 -5.000000
v -360.312343 -1957.162678 3.000000
v -342.312343 -1983.748465 -5.000000
v -342.312343 -1983.748465 3.000000
v -315.726556 -1995.748465 -5.000000
v -315.726556 -1995.748465 3.000000
v -305.726556 -2003.748465 -5.000000
v -305.726556 -2003.748465 3.000000
v -286.898129 -2005.748465 -5.000000
v -286.898129 -2005.748465 3.000000
v -273.312343 -2002.162678 -5.000000
v -273.312343 -2002.162678 3.000000
v -244.898129 -2015.748465 -5.000000
v -244.898129 -2015.748465 3.000000
v -238.898129 -2013.748465 -5.000000
v -238.898129 -2013.748465 3.000000
v -234.312343 -2001.162678 -5.000000
v -234.312343 -2001.162678 3.000000
v -222.898129 -1993.748465 -5.000000
v -222.898129 -1993.748465 3.000000
v -195.726556 -1995.748465 -5.000000
v -195.726556 -1995.748465 3.000000
v -186.312343 -2001.748465 -5.000000
v -186.312343 -2001.748465 3.000000
v -152.312343 -1945.162678 -5.000000
v -152.312343 -1945.162678 3.000000
v -144.312343 -1945.748465 -5.000000
v -144.312343 -1945.748465 3.000000
v -135.898129 -1930.748465 -5.000000
v -135.898129 -1930.748465 3.000000
v -138.312343 -1925.162678 -5.000000
v -138.312343 -1925.162678 3.000000
v -120.312343 -1895.162678 -5.000000
v -120.312343 -1895.162678 3.000000
v -116.898129 -1891.748465 -5.000000
v -116.898129 -1891.748465 3.000000
v -110.898129 -1893.748465 -5.000000
v -110.898129 -1893.748465 3.000000
v -98.312343 -1879.162678 -5.000000
v -98.312343 -1879.162678 3.000000
v -128.312343 -1810.334251 -5.000000
v -128.312343 -1810.334251 3.000000
v -156.312343 -1770.334251 -5.000000
v -156.312343 -1770.334251 3.000000
v -156.312343 -1758.334251 -5.000000
v -156.312343 -1758.334251 3.000000
v -168.312343 -1744.334251 -5.000000
v -168.312343 -1744.334251 3.000000
v -216.312343 -1652.334251 -5.000000
v -216.312343 -1652.334251 3.000000
v -244.312343 -1612.334251 -5.000000
v -244.312343 -1612.334251 3.000000
v -206.898129 -1575.748465 -5.000000
v -206.898129 -1575.748465 3.000000
v -176.312343 -1635.162678 -5.000000
v -176.312343 -1635.162678 3.000000
v -136.312343 -1737.162678 -5.000000
v -136.312343 -1737.162678 3.000000
v -118.312343 -1773.162678 -5.000000
v -118.312343 -1773.162678 3.000000
v -115.312343 -1776.162678 -5.000000
v -115.312343 -1776.162678 3.000000
v -88.898129 -1763.748465 -5.000000
v -88.898129 -1763.748465 3.000000
v -71.726556 -1761.748465 -5.000000
v -71.726556 -1761.748465 3.000000
v -66.312343 -1777.162678 -5.000000
v -66.312343 -1777.162678 3.000000
v -52.898129 -1781.748465 -5.000000
v -52.898129 -1781.748465 3.000000
v -44.312343 -1775.748465 -5.000000
v -44.312343 -1775.748465 3.000000
v -28.312343 -1743.162678 -5.000000
v -28.312343 -1743.162678 3.000000
v -14.898129 -1723.748465 -5.000000
v -14.898129 -1723.748465 3.000000
v 125.101871 -1665.748465 -5.000000
v 125.101871 -1665.748465 3.000000
v 149.687657 -1653.748465 -5.000000
v 149.687657 -1653.748465 3.000000
v 147.101871 -1643.748465 -5.000000
v 147.101871 -1643.748465 3.000000
v 289.101871 -1575.748465 -5.000000
v 289.101871 -1575.748465 3.000000
v 301.687657 -1573.162678 -5.000000
v 301.687657 -1573.162678 3.000000
v 305.687657 -1609.748465 -5.000000
v 305.687657 -1609.748465 3.000000
v 333.687657 -1607.748465 -5.000000
v 333.687657 -1607.748465 3.000000
v 327.687657 -1571.162678 -5.000000
v 327.687657 -1571.162678 3.000000
v 355.687657 -1553.162678 -5.000000
v 355.687657 -1553.162678 3.000000
v 351.687657 -1432.334251 -5.000000
v 351.687657 -1432.334251 3.000000
v 343.687657 -1394.334251 -5.000000
v 343.687657 -1394.334251 3.000000
v 345.687657 -1385.162678 -5.000000
v 345.687657 -1385.162678 3.000000
v 349.687657 -1383.748465 -5.000000
v 349.687657 -1383.748465 3.000000
v 349.687657 -1372.334251 -5.000000
v 349.687657 -1372.334251 3.000000
v 339.687657 -1331.162678 -5.000000
v 339.687657 -1331.162678 3.000000
v 360.273444 -1323.748465 -5.000000
v 360.273444 -1323.748465 3.000000
v 367.687657 -1333.162678 -5.000000
v 367.687657 -1333.162678 3.000000
v 391.687657 -1421.162678 -5.000000
v 391.687657 -1421.162678 3.000000
v 391.687657 -1437.162678 -5.000000
v 391.687657 -1437.162678 3.000000
v 399.687657 -1453.162678 -5.000000
v 399.687657 -1453.162678 3.000000
v 423.687657 -1533.162678 -5.000000
v 423.687657 -1533.162678 3.000000
v 429.687657 -1573.162678 -5.000000
v 429.687657 -1573.162678 3.000000
v 434.273444 -1579.748465 -5.000000
v 434.273444 -1579.748465 3.000000
v 464.273444 -1577.748465 -5.000000
v 464.273444 -1577.748465 3.000000
v 468.273444 -1595.748465 -5.000000
v 468.273444 -1595.748465 3.000000
v 506.273444 -1615.748465 -5.000000
v 506.273444 -1615.748465 3.000000
v 515.687657 -1613.162678 -5.000000
v 515.687657 -1613.162678 3.000000
v 529.101871 -1585.748465 -5.000000
v 529.101871 -1585.748465 3.000000
v 545.687657 -1585.748465 -5.000000
v 545.687657 -1585.748465 3.000000
v 545.687657 -1575.162678 -5.000000
v 545.687657 -1575.162678 3.000000
v 555.101871 -1571.748465 -5.000000
v 555.101871 -1571.748465 3.000000
v 575.687657 -1597.162678 -5.000000
v 575.687657 -1597.162678 3.000000
v 586.273444 -1603.748465 -5.000000
v 586.273444 -1603.748465 3.000000
v 791.101871 -1609.748465 -5.000000
v 791.101871 -1609.748465 3.000000
v 803.101871 -1605.748465 -5.000000
v 803.101871 -1605.748465 3.000000
v 811.687657 -1597.162678 -5.000000
v 811.687657 -1597.162678 3.000000
v 830.687657 -1556.162678 -5.000000
v 830.687657 -1556.162678 3.000000
v 868.273444 -1561.748465 -5.000000
v 868.273444 -1561.748465 3.000000
v 871.687657 -1569.162678 -5.000000
v 871.687657 -1569.162678 3.000000
v 871.687657 -1591.162678 -5.000000
v 871.687657 -1591.162678 3.000000
v 875.687657 -1599.162678 -5.000000
v 875.687657 -1599.162678 3.000000
v 896.273444 -1613.748465 -5.000000
v 896.273444 -1613.748465 3.000000
v 1040.273444 -1615.748465 -5.000000
v 1040.273444 -1615.748465 3.000000
v 1054.273444 -1621.748465 -5.000000
v 1054.273444 -1621.748465 3.000000
v 1063.687657 -1631.162678 -5.000000
v 1063.687657 -1631.162678 3.000000
v 1091.687657 -1806.334251 -5.000000
v 1091.687657 -1806.334251 3.000000
v 1086.273444 -1809.748465 -5.000000
v 1086.273444 -1809.748465 3.000000
v 1042.273444 -1817.748465 -5.000000
v 1042.273444 -1817.748465 3.000000
v 1039.687657 -1823.748465 -5.000000
v 1039.687657 -1823.748465 3.000000
v 1092.273444 -1811.748465 -5.000000
v 1092.273444 -1811.748465 3.000000
v 1103.687657 -1872.334251 -5.000000
v 1103.687657 -1872.334251 3.000000
v 1053.273444 -2022.748465 -5.000000
v 1053.273444 -2022.748465 3.000000
v 1057.273444 -2026.748465 -5.000000
v 1057.273444 -2026.748465 3.000000
v 1051.687657 -2044.334251 -5.000000
v 1051.687657 -2044.334251 3.000000
v 1048.687657 -2047.334251 -5.000000
v 1048.687657 -2047.334251 3.000000
v 1038.101871 -2042.748465 -5.000000
v 1038.101871 -2042.748465 3.000000
v 1043.687657 -2033.162678 -5.000000
v 1043.687657 -2033.162678 3.000000
v 1039.687657 -2026.334251 -5.000000
v 1039.687657 -2026.334251 3.000000
v 1035.687657 -2038.334251 -5.000000
v 1035.687657 -2038.334251 3.000000
v 1029.101871 -2041.748465 -5.000000
v 1029.101871 -2041.748465 3.000000
v 985.101871 -2025.748465 -5.000000
v 985.101871 -2025.748465 3.000000
v 977.687657 -2025.748465 -5.000000
v 977.687657 -2025.748465 3.000000
v 977.687657 -2029.748465 -5.000000
v 977.687657 -2029.748465 3.000000
v 1031.687657 -2047.162678 -5.000000
v 1031.687657 -2047.162678 3.000000
v 1009.687657 -2097.748465 -5.000000
v 1009.687657 -2097.748465 3.000000
v 1015.687657 -2095.162678 -5.000000
v 1015.687657 -2095.162678 3.000000
v 1035.687657 -2049.162678 -5.000000
v 1035.687657 -2049.162678 3.000000
v 1046.273444 -2051.748465 -5.000000
v 1046.273444 -2051.748465 3.000000
v 1047.687657 -2056.334251 -5.000000
v 1047.687657 -2056.334251 3.000000
v 1039.687657 -2078.334251 -5.000000
v 1039.687657 -2078.334251 3.000000
v 1017.687657 -2104.334251 -5.000000
v 1017.687657 -2104.334251 3.000000
v 1007.687657 -2134.334251 -5.000000
v 1007.687657 -2134.334251 3.000000
v 981.687657 -2218.334251 -5.000000
v 981.687657 -2218.334251 3.000000
v 989.273444 -2236.748465 -5.000000
v 989.273444 -2236.748465 3.000000
v 930.273444 -2267.748465 -5.000000
v 930.273444 -2267.748465 3.000000
v 922.273444 -2265.748465 -5.000000
v 922.273444 -2265.748465 3.000000
v 907.687657 -2271.748465 -5.000000
v 907.687657 -2271.748465 3.000000
v 912.273444 -2281.748465 -5.000000
v 912.273444 -2281.748465 3.000000
v 919.101871 -2281.748465 -5.000000
v 919.101871 -2281.748465 3.000000
v 1003.687657 -2237.162678 -5.000000
v 1003.687657 -2237.162678 3.000000
v 1049.687657 -2099.162678 -5.000000
v 1049.687657 -2099.162678 3.000000
v 1047.687657 -2089.162678 -5.000000
v 1047.687657 -2089.162678 3.000000
v 1119.687657 -1869.162678 -5.000000
v 1119.687657 -1869.162678 3.000000
v 1122.273444 -1867.748465 -5.000000
v 1122.273444 -1867.748465 3.000000
v 1128.273444 -1873.748465 -5.000000
v 1128.273444 -1873.748465 3.000000
v 1140.273444 -1873.748465 -5.000000
v 1140.273444 -1873.748465 3.000000
v 1160.273444 -1887.748465 -5.000000
v 1160.273444 -1887.748465 3.000000
v 1175.101871 -1885.748465 -5.000000
v 1175.101871 -1885.748465 3.000000
v 1181.101871 -1881.748465 -5.000000
v 1181.101871 -1881.748465 3.000000
v 1212.273444 -1885.748465 -5.000000
v 1212.273444 -1885.748465 3.000000
v 1224.687657 -1882.162678 -5.000000
v 1224.687657 -1882.162678 3.000000
v 1239.101871 -1883.748465 -5.000000
v 1239.101871 -1883.748465 3.000000
v 1243.101871 -1879.748465 -5.000000
v 1243.101871 -1879.748465 3.000000
v 1255.101871 -1877.748465 -5.000000
v 1255.101871 -1877.748465 3.000000
v 1295.101871 -1845.748465 -5.000000
v 1295.101871 -1845.748465 3.000000
v 1299.687657 -1849.162678 -5.000000
v 1299.687657 -1849.162678 3.000000
v 1303.687657 -1864.334251 -5.000000
v 1303.687657 -1864.334251 3.000000
v 1287.687657 -1867.748465 -5.000000
v 1287.687657 -1867.748465 3.000000
v 1287.687657 -1871.748465 -5.000000
v 1287.687657 -1871.748465 3.000000
v 1317.687657 -1867.748465 -5.000000
v 1317.687657 -1867.748465 3.000000
v 1317.687657 -1863.748465 -5.000000
v 1317.687657 -1863.748465 3.000000
v 1307.687657 -1862.334251 -5.000000
v 1307.687657 -1862.334251 3.000000
v 1301.687657 -1843.162678 -5.000000
v 1301.687657 -1843.162678 3.000000
v 1333.101871 -1823.748465 -5.000000
v 1333.101871 -1823.748465 3.000000
v 1377.687657 -1813.748465 -5.000000
v 1377.687657 -1813.748465 3.000000
v 1407.687657 -1777.162678 -5.000000
v 1407.687657 -1777.162678 3.000000
v 1409.687657 -1734.334251 -5.000000
v 1409.687657 -1734.334251 3.000000
v 1401.687657 -1700.334251 -5.000000
v 1401.687657 -1700.334251 3.000000
v 1405.687657 -1675.162678 -5.000000
v 1405.687657 -1675.162678 3.000000
v 1401.687657 -1635.162678 -5.000000
v 1401.687657 -1635.162678 3.000000
v 1407.687657 -1617.162678 -5.000000
v 1407.687657 -1617.162678 3.000000
v 1423.101871 -1607.748465 -5.000000
v 1423.101871 -1607.748465 3.000000
v 1430.273444 -1609.748465 -5.000000
v 1430.273444 -1609.748465 3.000000
v 1438.273444 -1617.748465 -5.000000
v 1438.273444 -1617.748465 3.000000
v 1461.101871 -1613.748465 -5.000000
v 1461.101871 -1613.748465 3.000000
v 1487.101871 -1597.748465 -5.000000
v 1487.101871 -1597.748465 3.000000
v 1499.687657 -1577.162678 -5.000000
v 1499.687657 -1577.162678 3.000000
v 1499.687657 -1552.334251 -5.000000
v 1499.687657 -1552.334251 3.000000
v 1493.687657 -1540.334251 -5.000000
v 1493.687657 -1540.334251 3.000000
v 1487.687657 -1531.748465 -5.000000
v 1487.687657 -1531.748465 3.000000
v 1461.101871 -1517.748465 -5.000000
v 1461.101871 -1517.748465 3.000000
v 1447.687657 -1499.748465 -5.000000
v 1447.687657 -1499.748465 3.000000
v 1439.101871 -1495.748465 -5.000000
v 1439.101871 -1495.748465 3.000000
v 1422.273444 -1495.748465 -5.000000
v 1422.273444 -1495.748465 3.000000
v 1409.687657 -1506.334251 -5.000000
v 1409.687657 -1506.334251 3.000000
v 1404.273444 -1517.748465 -5.000000
v 1404.273444 -1517.748465 3.000000
v 1387.101871 -1517.748465 -5.000000
v 1387.101871 -1517.748465 3.000000
v 1369.101871 -1509.748465 -5.000000
v 1369.101871 -1509.748465 3.000000
v 1353.687657 -1491.748465 -5.000000
v 1353.687657 -1491.748465 3.000000
v 1317.687657 -1468.334251 -5.000000
v 1317.687657 -1468.334251 3.000000
v 1311.687657 -1452.334251 -5.000000
v 1311.687657 -1452.334251 3.000000
v 1311.687657 -1439.162678 -5.000000
v 1311.687657 -1439.162678 3.000000
v 1321.687657 -1362.334251 -5.000000
v 1321.687657 -1362.334251 3.000000
v 1319.687657 -1350.334251 -5.000000
v 1319.687657 -1350.334251 3.000000
v 1311.101871 -1337.748465 -5.000000
v 1311.101871 -1337.748465 3.000000
v 1171.101871 -1327.748465 -5.000000
v 1171.101871 -1327.748465 3.000000
v 1167.687657 -1324.334251 -5.000000
v 1167.687657 -1324.334251 3.000000
v 1165.687657 -1304.334251 -5.000000
v 1165.687657 -1304.334251 3.000000
v 1163.101871 -1301.748465 -5.000000
v 1163.101871 -1301.748465 3.000000
v 1141.687657 -1299.748465 -5.000000
v 1141.687657 -1299.748465 3.000000
v 1106.687657 -1357.334251 -5.000000
v 1106.687657 -1357.334251 3.000000
v 1027.101871 -1283.748465 -5.000000
v 1027.101871 -1283.748465 3.000000
v 987.687657 -1262.334251 -5.000000
v 987.687657 -1262.334251 3.000000
v 987.687657 -1255.162678 -5.000000
v 987.687657 -1255.162678 3.000000
v 995.687657 -1251.162678 -5.000000
v 995.687657 -1251.162678 3.000000
v 995.687657 -1243.162678 -5.000000
v 995.687657 -1243.162678 3.000000
v 1003.101871 -1239.748465 -5.000000
v 1003.101871 -1239.748465 3.000000
v 1037.101871 -1233.748465 -5.000000
v 1037.101871 -1233.748465 3.000000
v 1060.273444 -1233.748465 -5.000000
v 1060.273444 -1233.748465 3.000000
v 1076.273444 -1247.748465 -5.000000
v 1076.273444 -1247.748465 3.000000
v 1083.101871 -1247.748465 -5.000000
v 1083.101871 -1247.748465 3.000000
v 1131.687657 -1233.748465 -5.000000
v 1131.687657 -1233.748465 3.000000
v 1129.687657 -1217.162678 -5.000000
v 1129.687657 -1217.162678 3.000000
v 1147.687657 -1217.748465 -5.000000
v 1147.687657 -1217.748465 3.000000
v 1169.687657 -1145.162678 -5.000000
v 1169.687657 -1145.162678 3.000000
v 1169.687657 -1136.334251 -5.000000
v 1169.687657 -1136.334251 3.000000
v 1147.687657 -1122.334251 -5.000000
v 1147.687657 -1122.334251 3.000000
v 1161.101871 -1101.748465 -5.000000
v 1161.101871 -1101.748465 3.000000
v 1170.273444 -1109.748465 -5.000000
v 1170.273444 -1109.748465 3.000000
v 1236.273444 -1139.748465 -5.000000
v 1236.273444 -1139.748465 3.000000
v 1372.273444 -1209.748465 -5.000000
v 1372.273444 -1209.748465 3.000000
v 1440.273444 -1233.748465 -5.000000
v 1440.273444 -1233.748465 3.000000
v 1560.273444 -1263.748465 -5.000000
v 1560.273444 -1263.748465 3.000000
v 1803.101871 -1255.748465 -5.000000
v 1803.101871 -1255.748465 3.000000
v 1914.273444 -1255.748465 -5.000000
v 1914.273444 -1255.748465 3.000000
v 1928.273444 -1261.748465 -5.000000
v 1928.273444 -1261.748465 3.000000
v 1943.687657 -1261.748465 -5.000000
v 1943.687657 -1261.748465 3.000000
v 1949.101871 -1253.748465 -5.000000
v 1949.101871 -1253.748465 3.000000
v 1995.101871 -1251.748465 -5.000000
v 1995.101871 -1251.748465 3.000000
v 2227.101871 -1245.748465 -5.000000
v 2227.101871 -1245.748465 3.000000
v 2284.273444 -1245.748465 -5.000000
v 2284.273444 -1245.748465 3.000000
v 2290.273444 -1249.748465 -5.000000
v 2290.273444 -1249.748465 3.000000
v 2311.101871 -1249.748465 -5.000000
v 2311.101871 -1249.748465 3.000000
v 2323.101871 -1243.748465 -5.000000
v 2323.101871 -1243.748465 3.000000
v 2489.101871 -1237.748465 -5.000000
v 2489.101871 -1237.748465 3.000000
v 2585.101871 -1237.748465 -5.000000
v 2585.101871 -1237.748465 3.000000
v 2641.101871 -1233.748465 -5.000000
v 2641.101871 -1233.748465 3.000000
v 2656.273444 -1239.748465 -5.000000
v 2656.273444 -1239.748465 3.000000
v 2671.101871 -1239.748465 -5.000000
v 2671.101871 -1239.748465 3.000000
v 2685.101871 -1231.748465 -5.000000
v 2685.101871 -1231.748465 3.000000
v 2955.101871 -1223.748465 -5.000000
v 2955.101871 -1223.748465 3.000000
v 3010.273444 -1223.748465 -5.000000
v 3010.273444 -1223.748465 3.000000
v 3025.101871 -1227.748465 -5.000000
v 3025.101871 -1227.748465 3.000000
v 3041.101871 -1225.748465 -5.000000
v 3041.101871 -1225.748465 3.000000
v 3053.101871 -1219.748465 -5.000000
v 3053.101871 -1219.748465 3.000000
v 3153.101871 -1211.748465 -5.000000
v 3153.101871 -1211.748465 3.000000
v 3205.101871 -1203.748465 -5.000000
v 3205.101871 -1203.748465 3.000000
v 3313.101871 -1181.748465 -5.000000
v 3313.101871 -1181.748465 3.000000
v 3433.101871 -1145.748465 -5.000000
v 3433.101871 -1145.748465 3.000000
v 3597.101871 -1075.748465 -5.000000
v 3597.101871 -1075.748465 3.000000
v 3661.101871 -1041.748465 -5.000000
v 3661.101871 -1041.748465 3.000000
v 3729.101871 -999.748465 -5.000000
v 3729.101871 -999.748465 3.000000
v 3833.101871 -927.748465 -5.000000
v 3833.101871 -927.748465 3.000000
v 3869.101871 -911.748465 -5.000000
v 3869.101871 -911.748465 3.000000
v 3901.101871 -877.748465 -5.000000
v 3901.101871 -877.748465 3.000000
v 4223.101871 -659.748465 -5.000000
v 4223.101871 -659.748465 3.000000
v 4829.101871 -241.748465 -5.000000
v 4829.101871 -241.748465 3.000000
v 5266.101871 53.251535 -5.000000
v 5266.101871 53.251535 3.000000
v 5259.101871 60.251535 -5.000000
v 5259.101871 60.251535 3.000000
v 5250.273444 58.251535 -5.000000
v 5250.273444 58.251535 3.000000
v 4932.273444 -161.748465 -5.000000
v 4932.273444 -161.748465 3.000000
v 4926.687657 -159.334251 -5.000000
v 4926.687657 -159.334251 3.000000
v 4913.687657 -165.748465 -5.000000
v 4913.687657 -165.748465 3.000000
v 4913.687657 -172.334251 -5.000000
v 4913.687657 -172.334251 3.000000
v 4910.273444 -175.748465 -5.000000
v 4910.273444 -175.748465 3.000000
v 4848.273444 -219.748465 -5.000000
v 4848.273444 -219.748465 3.000000
v 4538.273444 -431.748465 -5.000000
v 4538.273444 -431.748465 3.000000
v 4522.273444 -435.748465 -5.000000
v 4522.273444 -435.748465 3.000000
v 4512.273444 -449.748465 -5.000000
v 4512.273444 -449.748465 3.000000
v 4280.273444 -609.748465 -5.000000
v 4280.273444 -609.748465 3.000000
v 4273.101871 -611.748465 -5.000000
v 4273.101871 -611.748465 3.000000
v 4266.687657 -607.334251 -5.000000
v 4266.687657 -607.334251 3.000000
v 4262.273444 -609.748465 -5.000000
v 4262.273444 -609.748465 3.000000
v 4250.273444 -629.748465 -5.000000
v 4250.273444 -629.748465 3.000000
v 3716.273444 -991.748465 -5.000000
v 3716.273444 -991.748465 3.000000
v 3558.273444 -1081.748465 -5.000000
v 3558.273444 -1081.748465 3.000000
v 3492.273444 -1111.748465 -5.000000
v 3492.273444 -1111.748465 3.000000
v 3390.273444 -1149.748465 -5.000000
v 3390.273444 -1149.748465 3.000000
v 3316.273444 -1171.748465 -5.000000
v 3316.273444 -1171.748465 3.000000
v 3294.273444 -1169.748465 -5.000000
v 3294.273444 -1169.748465 3.000000
v 3234.273444 -1189.748465 -5.000000
v 3234.273444 -1189.748465 3.000000
v 3082.273444 -1209.748465 -5.000000
v 3082.273444 -1209.748465 3.000000
v 2874.273444 -1217.748465 -5.000000
v 2874.273444 -1217.748465 3.000000
v 2480.273444 -1225.748465 -5.000000
v 2480.273444 -1225.748465 3.000000
v 2406.273444 -1231.748465 -5.000000
v 2406.273444 -1231.748465 3.000000
v 2222.273444 -1237.748465 -5.000000
v 2222.273444 -1237.748465 3.000000
v 2036.273444 -1241.748465 -5.000000
v 2036.273444 -1241.748465 3.000000
v 1944.273444 -1239.748465 -5.000000
v 1944.273444 -1239.748465 3.000000
v 1916.273444 -1245.748465 -5.000000
v 1916.273444 -1245.748465 3.000000
v 1886.273444 -1247.748465 -5.000000
v 1886.273444 -1247.748465 3.000000
v 1750.273444 -1251.748465 -5.000000
v 1750.273444 -1251.748465 3.000000
v 1737.687657 -1250.334251 -5.000000
v 1737.687657 -1250.334251 3.000000
v 1735.687657 -1233.748465 -5.000000
v 1735.687657 -1233.748465 3.000000
v 1683.687657 -1235.748465 -5.000000
v 1683.687657 -1235.748465 3.000000
v 1676.273444 -1251.748465 -5.000000
v 1676.273444 -1251.748465 3.000000
v 1611.101871 -1249.748465 -5.000000
v 1611.101871 -1249.748465 3.000000
v 1557.101871 -1243.748465 -5.000000
v 1557.101871 -1243.748465 3.000000
v 1527.101871 -1223.748465 -5.000000
v 1527.101871 -1223.748465 3.000000
v 1521.687657 -1223.748465 -5.000000
v 1521.687657 -1223.748465 3.000000
v 1520.687657 -1227.334251 -5.000000
v 1520.687657 -1227.334251 3.000000
v 1471.101871 -1223.748465 -5.000000
v 1471.101871 -1223.748465 3.000000
v 1425.101871 -1213.748465 -5.000000
v 1425.101871 -1213.748465 3.000000
v 1381.101871 -1199.748465 -5.000000
v 1381.101871 -1199.748465 3.000000
v 1205.101871 -1107.748465 -5.000000
v 1205.101871 -1107.748465 3.000000
v 1183.101871 -1091.748465 -5.000000
v 1183.101871 -1091.748465 3.000000
v 1175.101871 -1081.748465 -5.000000
v 1175.101871 -1081.748465 3.000000
v 1091.101871 -1041.748465 -5.000000
v 1091.101871 -1041.748465 3.000000
v 989.687657 -986.334251 -5.000000
v 989.687657 -986.334251 3.000000
v 1063.687657 -843.162678 -5.000000
v 1063.687657 -843.162678 3.000000
v 1124.687657 -814.162678 -5.000000
v 1124.687657 -814.162678 3.000000
v 1138.273444 -819.748465 -5.000000
v 1138.273444 -819.748465 3.000000
v 1337.687657 -1025.748465 -5.000000
v 1337.687657 -1025.748465 3.000000
v 1418.273444 -1067.748465 -5.000000
v 1418.273444 -1067.748465 3.000000
v 1452.273444 -1081.748465 -5.000000
v 1452.273444 -1081.748465 3.000000
v 1480.273444 -1087.748465 -5.000000
v 1480.273444 -1087.748465 3.000000
v 1525.101871 -1091.748465 -5.000000
v 1525.101871 -1091.748465 3.000000
v 1527.687657 -1089.162678 -5.000000
v 1527.687657 -1089.162678 3.000000
v 1526.101871 -1080.748465 -5.000000
v 1526.101871 -1080.748465 3.000000
v 1530.273444 -1079.748465 -5.000000
v 1530.273444 -1079.748465 3.000000
v 1531.687657 -1094.334251 -5.000000
v 1531.687657 -1094.334251 3.000000
v 1511.101871 -1099.748465 -5.000000
v 1511.101871 -1099.748465 3.000000
v 1441.101871 -1087.748465 -5.000000
v 1441.101871 -1087.748465 3.000000
v 1345.101871 -1041.748465 -5.000000
v 1345.101871 -1041.748465 3.000000
v 1213.687657 -906.334251 -5.000000
v 1213.687657 -906.334251 3.000000
v 1137.101871 -829.748465 -5.000000
v 1137.101871 -829.748465 3.000000
v 1133.687657 -829.748465 -5.000000
v 1133.687657 -829.748465 3.000000
v 1133.687657 -833.162678 -5.000000
v 1133.687657 -833.162678 3.000000
v 1340.273444 -1045.748465 -5.000000
v 1340.273444 -1045.748465 3.000000
v 1438.273444 -1091.748465 -5.000000
v 1438.273444 -1091.748465 3.000000
v 1508.273444 -1103.748465 -5.000000
v 1508.273444 -1103.748465 3.000000
v 1537.687657 -1099.748465 -5.000000
v 1537.687657 -1099.748465 3.000000
v 1535.687657 -1075.748465 -5.000000
v 1535.687657 -1075.748465 3.000000
v 1501.101871 -1073.748465 -5.000000
v 1501.101871 -1073.748465 3.000000
v 1463.101871 -1065.748465 -5.000000
v 1463.101871 -1065.748465 3.000000
v 1447.101871 -1061.748465 -5.000000
v 1447.101871 -1061.748465 3.000000
v 1410.101871 -1044.748465 -5.000000
v 1410.101871 -1044.748465 3.000000
v 1419.687657 -1033.162678 -5.000000
v 1419.687657 -1033.162678 3.000000
v 1419.687657 -1024.334251 -5.000000
v 1419.687657 -1024.334251 3.000000
v 1395.687657 -984.334251 -5.000000
v 1395.687657 -984.334251 3.000000
v 1357.687657 -895.748465 -5.000000
v 1357.687657 -895.748465 3.000000
v 1353.687657 -895.748465 -5.000000
v 1353.687657 -895.748465 3.000000
v 1357.687657 -911.162678 -5.000000
v 1357.687657 -911.162678 3.000000
v 1389.687657 -983.162678 -5.000000
v 1389.687657 -983.162678 3.000000
v 1415.687657 -1027.162678 -5.000000
v 1415.687657 -1027.162678 3.000000
v 1413.687657 -1034.334251 -5.000000
v 1413.687657 -1034.334251 3.000000
v 1401.273444 -1046.748465 -5.000000
v 1401.273444 -1046.748465 3.000000
v 1444.273444 -1065.748465 -5.000000
v 1444.273444 -1065.748465 3.000000
v 1498.273444 -1077.748465 -5.000000
v 1498.273444 -1077.748465 3.000000
v 1514.273444 -1077.748465 -5.000000
v 1514.273444 -1077.748465 3.000000
v 1517.273444 -1080.748465 -5.000000
v 1517.273444 -1080.748465 3.000000
v 1514.273444 -1085.748465 -5.000000
v 1514.273444 -1085.748465 3.000000
v 1501.101871 -1085.748465 -5.000000
v 1501.101871 -1085.748465 3.000000
v 1461.101871 -1079.748465 -5.000000
v 1461.101871 -1079.748465 3.000000
v 1385.101871 -1045.748465 -5.000000
v 1385.101871 -1045.748465 3.000000
v 1382.101871 -1042.748465 -5.000000
v 1382.101871 -1042.748465 3.000000
v 1389.101871 -1037.748465 -5.000000
v 1389.101871 -1037.748465 3.000000
v 1399.101871 -1039.748465 -5.000000
v 1399.101871 -1039.748465 3.000000
v 1409.101871 -1033.748465 -5.000000
v 1409.101871 -1033.748465 3.000000
v 1411.687657 -1026.334251 -5.000000
v 1411.687657 -1026.334251 3.000000
v 1405.101871 -1017.748465 -5.000000
v 1405.101871 -1017.748465 3.000000
v 1397.687657 -1014.334251 -5.000000
v 1397.687657 -1014.334251 3.000000
v 1353.687657 -908.334251 -5.000000
v 1353.687657 -908.334251 3.000000
v 1317.687657 -854.334251 -5.000000
v 1317.687657 -854.334251 3.000000
v 1320.687657 -840.162678 -5.000000
v 1320.687657 -840.162678 3.000000
v 1327.687657 -849.162678 -5.000000
v 1327.687657 -849.162678 3.000000
v 1335.687657 -875.162678 -5.000000
v 1335.687657 -875.162678 3.000000
v 1340.687657 -882.162678 -5.000000
v 1340.687657 -882.162678 3.000000
v 1344.101871 -878.748465 -5.000000
v 1344.101871 -878.748465 3.000000
v 1325.687657 -836.334251 -5.000000
v 1325.687657 -836.334251 3.000000
v 1313.101871 -825.748465 -5.000000
v 1313.101871 -825.748465 3.000000
v 1271.687657 -809.748465 -5.000000
v 1271.687657 -809.748465 3.000000
v 1274.273444 -815.748465 -5.000000
v 1274.273444 -815.748465 3.000000
v 1301.687657 -827.162678 -5.000000
v 1301.687657 -827.162678 3.000000
v 1299.687657 -832.334251 -5.000000
v 1299.687657 -832.334251 3.000000
v 1288.687657 -841.334251 -5.000000
v 1288.687657 -841.334251 3.000000
v 1249.101871 -823.748465 -5.000000
v 1249.101871 -823.748465 3.000000
v 1241.687657 -813.748465 -5.000000
v 1241.687657 -813.748465 3.000000
v 1221.101871 -805.748465 -5.000000
v 1221.101871 -805.748465 3.000000
v 1187.687657 -786.334251 -5.000000
v 1187.687657 -786.334251 3.000000
v 1186.687657 -776.162678 -5.000000
v 1186.687657 -776.162678 3.000000
v 1216.273444 -793.748465 -5.000000
v 1216.273444 -793.748465 3.000000
v 1223.101871 -793.748465 -5.000000
v 1223.101871 -793.748465 3.000000
v 1227.687657 -789.162678 -5.000000
v 1227.687657 -789.162678 3.000000
v 1219.687657 -776.334251 -5.000000
v 1219.687657 -776.334251 3.000000
v 1184.101871 -740.748465 -5.000000
v 1184.101871 -740.748465 3.000000
v 1195.687657 -725.162678 -5.000000
v 1195.687657 -725.162678 3.000000
v 1197.687657 -657.748465 -5.000000
v 1197.687657 -657.748465 3.000000
v 1185.687657 -655.748465 -5.000000
v 1185.687657 -655.748465 3.000000
v 1183.687657 -660.334251 -5.000000
v 1183.687657 -660.334251 3.000000
v 1181.687657 -700.334251 -5.000000
v 1181.687657 -700.334251 3.000000
v 1170.687657 -729.334251 -5.000000
v 1170.687657 -729.334251 3.000000
v 1155.687657 -706.334251 -5.000000
v 1155.687657 -706.334251 3.000000
v 1131.687657 -632.334251 -5.000000
v 1131.687657 -632.334251 3.000000
v 1077.687657 -560.334251 -5.000000
v 1077.687657 -560.334251 3.000000
v 1061.687657 -518.334251 -5.000000
v 1061.687657 -518.334251 3.000000
v 1057.687657 -497.162678 -5.000000
v 1057.687657 -497.162678 3.000000
v 1065.101871 -491.748465 -5.000000
v 1065.101871 -491.748465 3.000000
v 1082.273444 -489.748465 -5.000000
v 1082.273444 -489.748465 3.000000
v 1178.273444 -549.748465 -5.000000
v 1178.273444 -549.748465 3.000000
v 1183.101871 -549.748465 -5.000000
v 1183.101871 -549.748465 3.000000
v 1191.687657 -543.162678 -5.000000
v 1191.687657 -543.162678 3.000000
v 1191.687657 -532.334251 -5.000000
v 1191.687657 -532.334251 3.000000
v 1179.101871 -521.748465 -5.000000
v 1179.101871 -521.748465 3.000000
v 1089.101871 -471.748465 -5.000000
v 1089.101871 -471.748465 3.000000
v 1051.101871 -471.748465 -5.000000
v 1051.101871 -471.748465 3.000000
v 1045.687657 -462.334251 -5.000000
v 1045.687657 -462.334251 3.000000
v 1051.101871 -437.748465 -5.000000
v 1051.101871 -437.748465 3.000000
v 1108.273444 -441.748465 -5.000000
v 1108.273444 -441.748465 3.000000
v 1141.101871 -441.748465 -5.000000
v 1141.101871 -441.748465 3.000000
v 1150.687657 -436.162678 -5.000000
v 1150.687657 -436.162678 3.000000
v 1154.273444 -437.748465 -5.000000
v 1154.273444 -437.748465 3.000000
v 1352.273444 -565.748465 -5.000000
v 1352.273444 -565.748465 3.000000
v 1584.273444 -701.748465 -5.000000
v 1584.273444 -701.748465 3.000000
v 1618.273444 -727.748465 -5.000000
v 1618.273444 -727.748465 3.000000
v 1808.273444 -815.748465 -5.000000
v 1808.273444 -815.748465 3.000000
v 1926.273444 -859.748465 -5.000000
v 1926.273444 -859.748465 3.000000
v 2076.273444 -895.748465 -5.000000
v 2076.273444 -895.748465 3.000000
v 2180.273444 -911.748465 -5.000000
v 2180.273444 -911.748465 3.000000
v 2202.273444 -921.748465 -5.000000
v 2202.273444 -921.748465 3.000000
v 2349.101871 -923.748465 -5.000000
v 2349.101871 -923.748465 3.000000
v 2397.101871 -919.748465 -5.000000
v 2397.101871 -919.748465 3.000000
v 2643.101871 -917.748465 -5.000000
v 2643.101871 -917.748465 3.000000
v 2927.101871 -903.748465 -5.000000
v 2927.101871 -903.748465 3.000000
v 3059.101871 -901.748465 -5.000000
v 3059.101871 -901.748465 3.000000
v 3129.101871 -893.748465 -5.000000
v 3129.101871 -893.748465 3.000000
v 3235.101871 -873.748465 -5.000000
v 3235.101871 -873.748465 3.000000
v 3283.101871 -861.748465 -5.000000
v 3283.101871 -861.748465 3.000000
v 3345.101871 -839.748465 -5.000000
v 3345.101871 -839.748465 3.000000
v 3449.101871 -795.748465 -5.000000
v 3449.101871 -795.748465 3.000000
v 3501.101871 -767.748465 -5.000000
v 3501.101871 -767.748465 3.000000
v 3505.687657 -756.334251 -5.000000
v 3505.687657 -756.334251 3.000000
v 3499.101871 -747.748465 -5.000000
v 3499.101871 -747.748465 3.000000
v 3494.273444 -747.748465 -5.000000
v 3494.273444 -747.748465 3.000000
v 3398.273444 -803.748465 -5.000000
v 3398.273444 -803.748465 3.000000
v 3344.273444 -827.748465 -5.000000
v 3344.273444 -827.748465 3.000000
v 3252.273444 -855.748465 -5.000000
v 3252.273444 -855.748465 3.000000
v 3148.273444 -879.748465 -5.000000
v 3148.273444 -879.748465 3.000000
v 3048.273444 -889.748465 -5.000000
v 3048.273444 -889.748465 3.000000
v 3031.101871 -889.748465 -5.000000
v 3031.101871 -889.748465 3.000000
v 3010.273444 -879.748465 -5.000000
v 3010.273444 -879.748465 3.000000
v 3002.273444 -891.748465 -5.000000
v 3002.273444 -891.748465 3.000000
v 2854.273444 -897.748465 -5.000000
v 2854.273444 -897.748465 3.000000
v 2837.101871 -897.748465 -5.000000
v 2837.101871 -897.748465 3.000000
v 2825.101871 -891.748465 -5.000000
v 2825.101871 -891.748465 3.000000
v 2804.273444 -891.748465 -5.000000
v 2804.273444 -891.748465 3.000000
v 2794.273444 -897.748465 -5.000000
v 2794.273444 -897.748465 3.000000
v 2676.273444 -903.748465 -5.000000
v 2676.273444 -903.748465 3.000000
v 2639.101871 -903.748465 -5.000000
v 2639.101871 -903.748465 3.000000
v 2627.101871 -897.748465 -5.000000
v 2627.101871 -897.748465 3.000000
v 2606.273444 -897.748465 -5.000000
v 2606.273444 -897.748465 3.000000
v 2594.273444 -903.748465 -5.000000
v 2594.273444 -903.748465 3.000000
v 2570.273444 -905.748465 -5.000000
v 2570.273444 -905.748465 3.000000
v 2433.101871 -907.748465 -5.000000
v 2433.101871 -907.748465 3.000000
v 2425.101871 -903.748465 -5.000000
v 2425.101871 -903.748465 3.000000
v 2406.273444 -903.748465 -5.000000
v 2406.273444 -903.748465 3.000000
v 2396.273444 -909.748465 -5.000000
v 2396.273444 -909.748465 3.000000
v 2295.101871 -911.748465 -5.000000
v 2295.101871 -911.748465 3.000000
v 2151.101871 -897.748465 -5.000000
v 2151.101871 -897.748465 3.000000
v 2141.101871 -895.748465 -5.000000
v 2141.101871 -895.748465 3.000000
v 2133.101871 -887.748465 -5.000000
v 2133.101871 -887.748465 3.000000
v 2097.101871 -887.748465 -5.000000
v 2097.101871 -887.748465 3.000000
v 2065.101871 -881.748465 -5.000000
v 2065.101871 -881.748465 3.000000
v 1893.101871 -833.748465 -5.000000
v 1893.101871 -833.748465 3.000000
v 1881.101871 -829.748465 -5.000000
v 1881.101871 -829.748465 3.000000
v 1865.101871 -817.748465 -5.000000
v 1865.101871 -817.748465 3.000000
v 1843.101871 -815.748465 -5.000000
v 1843.101871 -815.748465 3.000000
v 1827.101871 -809.748465 -5.000000
v 1827.101871 -809.748465 3.000000
v 1629.101871 -713.748465 -5.000000
v 1629.101871 -713.748465 3.000000
v 1619.687657 -695.748465 -5.000000
v 1619.687657 -695.748465 3.000000
v 1605.101871 -689.748465 -5.000000
v 1605.101871 -689.748465 3.000000
v 1593.101871 -691.748465 -5.000000
v 1593.101871 -691.748465 3.000000
v 1585.101871 -687.748465 -5.000000
v 1585.101871 -687.748465 3.000000
v 1399.101871 -575.748465 -5.000000
v 1399.101871 -575.748465 3.000000
v 1388.101871 -560.748465 -5.000000
v 1388.101871 -560.748465 3.000000
v 1566.273444 -665.748465 -5.000000
v 1566.273444 -665.748465 3.000000
v 1626.273444 -693.748465 -5.000000
v 1626.273444 -693.748465 3.000000
v 1676.273444 -729.748465 -5.000000
v 1676.273444 -729.748465 3.000000
v 1948.273444 -845.748465 -5.000000
v 1948.273444 -845.748465 3.000000
v 2074.273444 -873.748465 -5.000000
v 2074.273444 -873.748465 3.000000
v 2134.273444 -877.748465 -5.000000
v 2134.273444 -877.748465 3.000000
v 2198.273444 -891.748465 -5.000000
v 2198.273444 -891.748465 3.000000
v 2430.273444 -899.748465 -5.000000
v 2430.273444 -899.748465 3.000000
v 2753.101871 -885.748465 -5.000000
v 2753.101871 -885.748465 3.000000
v 2961.687657 -883.748465 -5.000000
v 2961.687657 -883.748465 3.000000
v 2961.687657 -879.748465 -5.000000
v 2961.687657 -879.748465 3.000000
v 2822.273444 -879.748465 -5.000000
v 2822.273444 -879.748465 3.000000
v 2568.273444 -887.748465 -5.000000
v 2568.273444 -887.748465 3.000000
v 2438.273444 -895.748465 -5.000000
v 2438.273444 -895.748465 3.000000
v 2201.101871 -887.748465 -5.000000
v 2201.101871 -887.748465 3.000000
v 2137.101871 -873.748465 -5.000000
v 2137.101871 -873.748465 3.000000
v 2077.101871 -869.748465 -5.000000
v 2077.101871 -869.748465 3.000000
v 1959.101871 -843.748465 -5.000000
v 1959.101871 -843.748465 3.000000
v 1937.101871 -835.748465 -5.000000
v 1937.101871 -835.748465 3.000000
v 1671.101871 -721.748465 -5.000000
v 1671.101871 -721.748465 3.000000
v 1627.101871 -687.748465 -5.000000
v 1627.101871 -687.748465 3.000000
v 1573.101871 -663.748465 -5.000000
v 1573.101871 -663.748465 3.000000
v 1425.101871 -577.748465 -5.000000
v 1425.101871 -577.748465 3.000000
v 1203.101871 -429.748465 -5.000000
v 1203.101871 -429.748465 3.000000
v 1197.687657 -429.748465 -5.000000
v 1197.687657 -429.748465 3.000000
v 1197.687657 -433.748465 -5.000000
v 1197.687657 -433.748465 3.000000
v 1387.273444 -558.748465 -5.000000
v 1387.273444 -558.748465 3.000000
v 1381.101871 -557.748465 -5.000000
v 1381.101871 -557.748465 3.000000
v 1149.101871 -415.748465 -5.000000
v 1149.101871 -415.748465 3.000000
v 1077.101871 -405.748465 -5.000000
v 1077.101871 -405.748465 3.000000
v 1053.687657 -352.334251 -5.000000
v 1053.687657 -352.334251 3.000000
v 995.687657 -310.334251 -5.000000
v 995.687657 -310.334251 3.000000
v 873.687657 -162.334251 -5.000000
v 873.687657 -162.334251 3.000000
v 819.687657 -116.334251 -5.000000
v 819.687657 -116.334251 3.000000
v 787.687657 -70.334251 -5.000000
v 787.687657 -70.334251 3.000000
v 782.273444 -67.748465 -5.000000
v 782.273444 -67.748465 3.000000
v 777.101871 -71.748465 -5.000000
v 777.101871 -71.748465 3.000000
v 749.101871 -37.748465 -5.000000
v 749.101871 -37.748465 3.000000
v 743.101871 -39.748465 -5.000000
v 743.101871 -39.748465 3.000000
v 717.101871 -15.748465 -5.000000
v 717.101871 -15.748465 3.000000
v 691.101871 2.251535 -5.000000
v 691.101871 2.251535 3.000000
v 661.101871 16.251535 -5.000000
v 661.101871 16.251535 3.000000
v 651.687657 25.665749 -5.000000
v 651.687657 25.665749 3.000000
v 647.687657 52.837322 -5.000000
v 647.687657 52.837322 3.000000
v 657.687657 72.837322 -5.000000
v 657.687657 72.837322 3.000000
v 657.687657 116.837322 -5.000000
v 657.687657 116.837322 3.000000
v 663.687657 128.837322 -5.000000
v 663.687657 128.837322 3.000000
v 665.687657 143.665749 -5.000000
v 665.687657 143.665749 3.000000
v 663.687657 149.665749 -5.000000
v 663.687657 149.665749 3.000000
v 647.101871 166.251535 -5.000000
v 647.101871 166.251535 3.000000
v 600.273444 168.251535 -5.000000
v 600.273444 168.251535 3.000000
v 524.687657 156.665749 -5.000000
v 524.687657 156.665749 3.000000
v 445.101871 180.251535 -5.000000
v 445.101871 180.251535 3.000000
v 367.101871 198.251535 -5.000000
v 367.101871 198.251535 3.000000
v 363.687657 212.837322 -5.000000
v 363.687657 212.837322 3.000000
v 444.273444 200.251535 -5.000000
v 444.273444 200.251535 3.000000
v 450.273444 204.251535 -5.000000
v 450.273444 204.251535 3.000000
v 478.273444 194.251535 -5.000000
v 478.273444 194.251535 3.000000
v 485.687657 194.251535 -5.000000
v 485.687657 194.251535 3.000000
v 487.687657 209.665749 -5.000000
v 487.687657 209.665749 3.000000
v 485.101871 212.251535 -5.000000
v 485.101871 212.251535 3.000000
v 455.101871 220.251535 -5.000000
v 455.101871 220.251535 3.000000
v 451.687657 223.665749 -5.000000
v 451.687657 223.665749 3.000000
v 459.101871 252.251535 -5.000000
v 459.101871 252.251535 3.000000
v 508.273444 240.251535 -5.000000
v 508.273444 240.251535 3.000000
v 656.273444 222.251535 -5.000000
v 656.273444 222.251535 3.000000
v 714.273444 190.251535 -5.000000
v 714.273444 190.251535 3.000000
v 724.273444 176.251535 -5.000000
v 724.273444 176.251535 3.000000
v 732.273444 172.251535 -5.000000
v 732.273444 172.251535 3.000000
v 742.273444 176.251535 -5.000000
v 742.273444 176.251535 3.000000
v 752.273444 170.251535 -5.000000
v 752.273444 170.251535 3.000000
v 757.687657 156.837322 -5.000000
v 757.687657 156.837322 3.000000
v 759.687657 120.251535 -5.000000
v 759.687657 120.251535 3.000000
v 774.273444 118.251535 -5.000000
v 774.273444 118.251535 3.000000
v 970.273444 108.251535 -5.000000
v 970.273444 108.251535 3.000000
v 2286.273444 62.251535 -5.000000
v 2286.273444 62.251535 3.000000
v 2934.273444 34.251535 -5.000000
v 2934.273444 34.251535 3.000000
v 2964.273444 32.251535 -5.000000
v 2964.273444 32.251535 3.000000
v 2974.273444 28.251535 -5.000000
v 2974.273444 28.251535 3.000000
v 2981.687657 18.837322 -5.000000
v 2981.687657 18.837322 3.000000
v 2983.687657 -11.162678 -5.000000
v 2983.687657 -11.162678 3.000000
v 2990.273444 -17.748465 -5.000000
v 2990.273444 -17.748465 3.000000
v 2995.687657 -17.748465 -5.000000
v 2995.687657 -17.748465 3.000000
v 2969.687657 797.665749 -5.000000
v 2969.687657 797.665749 3.000000
v 2969.687657 858.837322 -5.000000
v 2969.687657 858.837322 3.000000
v 2977.687657 886.837322 -5.000000
v 2977.687657 886.837322 3.000000
v 2985.687657 900.837322 -5.000000
v 2985.687657 900.837322 3.000000
v 3015.101871 930.251535 -5.000000
v 3015.101871 930.251535 3.000000
v 3035.101871 940.251535 -5.000000
v 3035.101871 940.251535 3.000000
v 3063.101871 946.251535 -5.000000
v 3063.101871 946.251535 3.000000
v 3609.101871 962.251535 -5.000000
v 3609.101871 962.251535 3.000000
v 3767.101871 964.251535 -5.000000
v 3767.101871 964.251535 3.000000
v 4273.687657 1240.251535 -5.000000
v 4273.687657 1240.251535 3.000000
v 4485.687657 2150.837322 -5.000000
v 4485.687657 2150.837322 3.000000
v 4499.687657 2200.837322 -5.000000
v 4499.687657 2200.837322 3.000000
v 4507.687657 2246.837322 -5.000000
v 4507.687657 2246.837322 3.000000
v 4601.687657 2642.837322 -5.000000
v 4601.687657 2642.837322 3.000000
v 4605.687657 2658.837322 -5.000000
v 4605.687657 2658.837322 3.000000
v 4611.687657 2662.837322 -5.000000
v 4611.687657 2662.837322 3.000000
v 4611.687657 2669.665749 -5.000000
v 4611.687657 2669.665749 3.000000
v 4609.101871 2672.251535 -5.000000
v 4609.101871 2672.251535 3.000000
v 4599.687657 2669.665749 -5.000000
v 4599.687657 2669.665749 3.000000
v 4601.687657 2655.665749 -5.000000
v 4601.687657 2655.665749 3.000000
v 4597.687657 2637.665749 -5.000000
v 4597.687657 2637.665749 3.000000
v 4494.273444 2206.251535 -5.000000
v 4494.273444 2206.251535 3.000000
v 4482.273444 2206.251535 -5.000000
v 4482.273444 2206.251535 3.000000
v 4470.273444 2200.251535 -5.000000
v 4470.273444 2200.251535 3.000000
v 3388.273444 1626.251535 -5.000000
v 3388.273444 1626.251535 3.000000
v 2974.273444 1608.251535 -5.000000
v 2974.273444 1608.251535 3.000000
v 2941.101871 1608.251535 -5.000000
v 2941.101871 1608.251535 3.000000
v 2937.687657 1622.251535 -5.000000
v 2937.687657 1622.251535 3.000000
v 2805.687657 1620.251535 -5.000000
v 2805.687657 1620.251535 3.000000
v 2799.687657 1605.665749 -5.000000
v 2799.687657 1605.665749 3.000000
v 2788.273444 1600.251535 -5.000000
v 2788.273444 1600.251535 3.000000
v 2661.101871 1594.251535 -5.000000
v 2661.101871 1594.251535 3.000000
v 2229.101871 1758.251535 -5.000000
v 2229.101871 1758.251535 3.000000
v 1868.101871 1891.251535 -5.000000
v 1868.101871 1891.251535 3.000000
v 1869.687657 1897.665749 -5.000000
v 1869.687657 1897.665749 3.000000
v 1863.687657 1902.837322 -5.000000
v 1863.687657 1902.837322 3.000000
v 1875.687657 1930.837322 -5.000000
v 1875.687657 1930.837322 3.000000
v 1891.687657 1928.251535 -5.000000
v 1891.687657 1928.251535 3.000000
v 1902.101871 1955.251535 -5.000000
v 1902.101871 1955.251535 3.000000
v 1889.687657 1961.665749 -5.000000
v 1889.687657 1961.665749 3.000000
v 1897.101871 1976.251535 -5.000000
v 1897.101871 1976.251535 3.000000
v 1996.273444 1938.251535 -5.000000
v 1996.273444 1938.251535 3.000000
v 2016.273444 1936.251535 -5.000000
v 2016.273444 1936.251535 3.000000
v 2030.273444 1930.251535 -5.000000
v 2030.273444 1930.251535 3.000000
v 2036.273444 1924.251535 -5.000000
v 2036.273444 1924.251535 3.000000
v 2045.687657 1924.251535 -5.000000
v 2045.687657 1924.251535 3.000000
v 2047.687657 1936.251535 -5.000000
v 2047.687657 1936.251535 3.000000
v 2035.687657 1941.665749 -5.000000
v 2035.687657 1941.665749 3.000000
v 2032.687657 1934.665749 -5.000000
v 2032.687657 1934.665749 3.000000
v 2007.687657 1945.665749 -5.000000
v 2007.687657 1945.665749 3.000000
v 2011.687657 1960.251535 -5.000000
v 2011.687657 1960.251535 3.000000
v 1775.101871 2050.251535 -5.000000
v 1775.101871 2050.251535 3.000000
v 1769.687657 2047.665749 -5.000000
v 1769.687657 2047.665749 3.000000
v 1767.687657 2039.665749 -5.000000
v 1767.687657 2039.665749 3.000000
v 1763.101871 2036.251535 -5.000000
v 1763.101871 2036.251535 3.000000
v 1741.101871 2046.251535 -5.000000
v 1741.101871 2046.251535 3.000000
v 1741.687657 2052.251535 -5.000000
v 1741.687657 2052.251535 3.000000
v 1729.687657 2054.251535 -5.000000
v 1729.687657 2054.251535 3.000000
v 1727.101871 2050.251535 -5.000000
v 1727.101871 2050.251535 3.000000
v 1715.101871 2054.251535 -5.000000
v 1715.101871 2054.251535 3.000000
v 1703.687657 2059.665749 -5.000000
v 1703.687657 2059.665749 3.000000
v 1707.687657 2076.251535 -5.000000
v 1707.687657 2076.251535 3.000000
v 1477.101871 2162.251535 -5.000000
v 1477.101871 2162.251535 3.000000
v 1466.273444 2164.251535 -5.000000
v 1466.273444 2164.251535 3.000000
v 1458.687657 2150.665749 -5.000000
v 1458.687657 2150.665749 3.000000
v 1435.101871 2160.251535 -5.000000
v 1435.101871 2160.251535 3.000000
v 1433.687657 2162.837322 -5.000000
v 1433.687657 2162.837322 3.000000
v 1437.101871 2166.251535 -5.000000
v 1437.101871 2166.251535 3.000000
v 1421.687657 2168.251535 -5.000000
v 1421.687657 2168.251535 3.000000
v 1420.687657 2164.665749 -5.000000
v 1420.687657 2164.665749 3.000000
v 1409.101871 2168.251535 -5.000000
v 1409.101871 2168.251535 3.000000
v 1397.687657 2173.665749 -5.000000
v 1397.687657 2173.665749 3.000000
v 1401.687657 2182.837322 -5.000000
v 1401.687657 2182.837322 3.000000
v 1399.101871 2190.251535 -5.000000
v 1399.101871 2190.251535 3.000000
v 1173.101871 2276.251535 -5.000000
v 1173.101871 2276.251535 3.000000
v 1159.687657 2278.251535 -5.000000
v 1159.687657 2278.251535 3.000000
v 1157.687657 2269.665749 -5.000000
v 1157.687657 2269.665749 3.000000
v 1151.101871 2268.251535 -5.000000
v 1151.101871 2268.251535 3.000000
v 1135.101871 2274.251535 -5.000000
v 1135.101871 2274.251535 3.000000
v 1131.687657 2277.665749 -5.000000
v 1131.687657 2277.665749 3.000000
v 1135.101871 2282.251535 -5.000000
v 1135.101871 2282.251535 3.000000
v 1122.687657 2286.665749 -5.000000
v 1122.687657 2286.665749 3.000000
v 1117.687657 2277.665749 -5.000000
v 1117.687657 2277.665749 3.000000
v 1120.273444 2272.251535 -5.000000
v 1120.273444 2272.251535 3.000000
v 1134.273444 2272.251535 -5.000000
v 1134.273444 2272.251535 3.000000
v 1150.273444 2266.251535 -5.000000
v 1150.273444 2266.251535 3.000000
v 1153.687657 2258.251535 -5.000000
v 1153.687657 2258.251535 3.000000
v 1257.273444 2215.251535 -5.000000
v 1257.273444 2215.251535 3.000000
v 1228.687657 2142.665749 -5.000000
v 1228.687657 2142.665749 3.000000
v 1215.101871 2150.251535 -5.000000
v 1215.101871 2150.251535 3.000000
v 1013.101871 2224.251535 -5.000000
v 1013.101871 2224.251535 3.000000
v 1001.687657 2226.251535 -5.000000
v 1001.687657 2226.251535 3.000000
v 1001.687657 2222.251535 -5.000000
v 1001.687657 2222.251535 3.000000
v 1222.273444 2142.251535 -5.000000
v 1222.273444 2142.251535 3.000000
v 1227.687657 2138.837322 -5.000000
v 1227.687657 2138.837322 3.000000
v 1224.273444 2134.251535 -5.000000
v 1224.273444 2134.251535 3.000000
v 997.101871 2214.251535 -5.000000
v 997.101871 2214.251535 3.000000
v 993.687657 2218.837322 -5.000000
v 993.687657 2218.837322 3.000000
v 1033.687657 2324.837322 -5.000000
v 1033.687657 2324.837322 3.000000
v 1031.101871 2336.251535 -5.000000
v 1031.101871 2336.251535 3.000000
v 1024.273444 2336.251535 -5.000000
v 1024.273444 2336.251535 3.000000
v 1019.101871 2332.251535 -5.000000
v 1019.101871 2332.251535 3.000000
v 337.101871 2588.251535 -5.000000
v 337.101871 2588.251535 3.000000
v 325.101871 2600.251535 -5.000000
v 325.101871 2600.251535 3.000000
v 317.687657 2595.665749 -5.000000
v 317.687657 2595.665749 3.000000
v 321.687657 2585.665749 -5.000000
v 321.687657 2585.665749 3.000000
v 309.687657 2559.665749 -5.000000
v 309.687657 2559.665749 3.000000
v 315.687657 2551.665749 -5.000000
v 315.687657 2551.665749 3.000000
v 293.687657 2491.665749 -5.000000
v 293.687657 2491.665749 3.000000
v 288.273444 2484.251535 -5.000000
v 288.273444 2484.251535 3.000000
v 131.101871 2544.251535 -5.000000
v 131.101871 2544.251535 3.000000
v 75.101871 2570.251535 -5.000000
v 75.101871 2570.251535 3.000000
v 43.101871 2582.251535 -5.000000
v 43.101871 2582.251535 3.000000
v 35.687657 2582.251535 -5.000000
v 35.687657 2582.251535 3.000000
v 33.687657 2566.837322 -5.000000
v 33.687657 2566.837322 3.000000
v 36.273444 2564.251535 -5.000000
v 36.273444 2564.251535 3.000000
v 70.273444 2556.251535 -5.000000
v 70.273444 2556.251535 3.000000
v 114.273444 2538.251535 -5.000000
v 114.273444 2538.251535 3.000000
v 119.687657 2534.837322 -5.000000
v 119.687657 2534.837322 3.000000
v 123.687657 2523.665749 -5.000000
v 123.687657 2523.665749 3.000000
v -110.312343 1929.665749 -5.000000
v -110.312343 1929.665749 3.000000
v -209.898129 2017.251535 -5.000000
v -209.898129 2017.251535 3.000000
v -203.312343 2023.837322 -5.000000
v -203.312343 2023.837322 3.000000
v -125.726556 1952.251535 -5.000000
v -125.726556 1952.251535 3.000000
v -116.312343 1948.251535 -5.000000
v -116.312343 1948.251535 3.000000
v -116.312343 1951.665749 -5.000000
v -116.312343 1951.665749 3.000000
v -128.898129 1964.251535 -5.000000
v -128.898129 1964.251535 3.000000
v -200.898129 2028.251535 -5.000000
v -200.898129 2028.251535 3.000000
v -210.312343 2026.251535 -5.000000
v -210.312343 2026.251535 3.000000
v -218.726556 2009.251535 -5.000000
v -218.726556 2009.251535 3.000000
v -148.312343 1930.837322 -5.000000
v -148.312343 1930.837322 3.000000
v -123.726556 1908.251535 -5.000000
v -123.726556 1908.251535 3.000000
v -118.726556 1907.251535 -5.000000
v -118.726556 1907.251535 3.000000
v -136.312343 1857.665749 -5.000000
v -136.312343 1857.665749 3.000000
v -142.898129 1854.251535 -5.000000
v -142.898129 1854.251535 3.000000
v -234.898129 1886.251535 -5.000000
v -234.898129 1886.251535 3.000000
v -247.726556 1886.251535 -5.000000
v -247.726556 1886.251535 3.000000
v -252.312343 1884.251535 -5.000000
v -252.312343 1884.251535 3.000000
v -266.312343 1841.665749 -5.000000
v -266.312343 1841.665749 3.000000
v -283.726556 1824.251535 -5.000000
v -283.726556 1824.251535 3.000000
v -379.726556 1818.251535 -5.000000
v -379.726556 1818.251535 3.000000
v -414.898129 1820.251535 -5.000000
v -414.898129 1820.251535 3.000000
v -424.312343 1823.665749 -5.000000
v -424.312343 1823.665749 3.000000
v -430.312343 2014.251535 -5.000000
v -430.312343 2014.251535 3.000000
v -694.898129 2010.251535 -5.000000
v -694.898129 2010.251535 3.000000
v -710.898129 2022.251535 -5.000000
v -710.898129 2022.251535 3.000000
v -768.898129 2022.251535 -5.000000
v -768.898129 2022.251535 3.000000
v -808.898129 2034.251535 -5.000000
v -808.898129 2034.251535 3.000000
v -817.726556 2034.251535 -5.000000
v -817.726556 2034.251535 3.000000
v -832.312343 2025.665749 -5.000000
v -832.312343 2025.665749 3.000000
v -842.312343 2007.665749 -5.000000
v -842.312343 2007.665749 3.000000
v -842.312343 1999.665749 -5.000000
v -842.312343 1999.665749 3.000000
v -852.898129 1998.251535 -5.000000
v -852.898129 1998.251535 3.000000
v -854.312343 2044.251535 -5.000000
v -854.312343 2044.251535 3.000000
v -952.898129 2044.251535 -5.000000
v -952.898129 2044.251535 3.000000
v -980.898129 2056.251535 -5.000000
v -980.898129 2056.251535 3.000000
v -1042.898129 2098.251535 -5.000000
v -1042.898129 2098.251535 3.000000
v -1088.898129 2104.251535 -5.000000
v -1088.898129 2104.251535 3.000000
v -1092.312343 2108.837322 -5.000000
v -1092.312343 2108.837322 3.000000
v -1074.312343 2148.837322 -5.000000
v -1074.312343 2148.837322 3.000000
v -980.312343 2308.837322 -5.000000
v -980.312343 2308.837322 3.000000
v -980.312343 2313.665749 -5.000000
v -980.312343 2313.665749 3.000000
v -994.898129 2324.251535 -5.000000
v -994.898129 2324.251535 3.000000
v -1003.726556 2324.251535 -5.000000
v -1003.726556 2324.251535 3.000000
v -1008.312343 2319.665749 -5.000000
v -1008.312343 2319.665749 3.000000
v -1054.312343 2239.665749 -5.000000
v -1054.312343 2239.665749 3.000000
v -1050.312343 2233.665749 -5.000000
v -1050.312343 2233.665749 3.000000
v -1054.898129 2232.251535 -5.000000
v -1054.898129 2232.251535 3.000000
v -1068.898129 2240.251535 -5.000000
v -1068.898129 2240.251535 3.000000
v -1066.312343 2252.251535 -5.000000
v -1066.312343 2252.251535 3.000000
v -1069.726556 2252.251535 -5.000000
v -1069.726556 2252.251535 3.000000
v -1090.312343 2217.665749 -5.000000
v -1090.312343 2217.665749 3.000000
v -1098.312343 2198.251535 -5.000000
v -1098.312343 2198.251535 3.000000
v -1094.898129 2198.251535 -5.000000
v -1094.898129 2198.251535 3.000000
v -1090.312343 2206.837322 -5.000000
v -1090.312343 2206.837322 3.000000
v -1085.726556 2208.251535 -5.000000
v -1085.726556 2208.251535 3.000000
v -1070.726556 2197.251535 -5.000000
v -1070.726556 2197.251535 3.000000
v -1073.312343 2194.665749 -5.000000
v -1073.312343 2194.665749 3.000000
v -1077.726556 2196.251535 -5.000000
v -1077.726556 2196.251535 3.000000
v -1082.312343 2191.665749 -5.000000
v -1082.312343 2191.665749 3.000000
v -1102.312343 2161.665749 -5.000000
v -1102.312343 2161.665749 3.000000
v -1144.312343 2047.665749 -5.000000
v -1144.312343 2047.665749 3.000000
v -1144.312343 2040.251535 -5.000000
v -1144.312343 2040.251535 3.000000
v -1140.312343 2040.251535 -5.000000
v -1140.312343 2040.251535 3.000000
v -1131.312343 2065.837322 -5.000000
v -1131.312343 2065.837322 3.000000
v -1130.312343 2061.665749 -5.000000
v -1130.312343 2061.665749 3.000000
v -1139.726556 2038.251535 -5.000000
v -1139.726556 2038.251535 3.000000
v -1163.726556 2038.251535 -5.000000
v -1163.726556 2038.251535 3.000000
v -1176.312343 2032.251535 -5.000000
v -1176.312343 2032.251535 3.000000
v -1185.726556 2022.251535 -5.000000
v -1185.726556 2022.251535 3.000000
v -1200.898129 2024.251535 -5.000000
v -1200.898129 2024.251535 3.000000
v -1386.898129 2130.251535 -5.000000
v -1386.898129 2130.251535 3.000000
v -1396.898129 2136.251535 -5.000000
v -1396.898129 2136.251535 3.000000
v -1404.312343 2145.665749 -5.000000
v -1404.312343 2145.665749 3.000000
v -1398.312343 2174.837322 -5.000000
v -1398.312343 2174.837322 3.000000
v -1344.312343 2266.837322 -5.000000
v -1344.312343 2266.837322 3.000000
v -1338.898129 2274.251535 -5.000000
v -1338.898129 2274.251535 3.000000
v -1333.726556 2274.251535 -5.000000
v -1333.726556 2274.251535 3.000000
v -1317.312343 2263.837322 -5.000000
v -1317.312343 2263.837322 3.000000
v -1314.312343 2266.837322 -5.000000
v -1314.312343 2266.837322 3.000000
v -1264.312343 2348.837322 -5.000000
v -1264.312343 2348.837322 3.000000
v -1262.312343 2360.837322 -5.000000
v -1262.312343 2360.837322 3.000000
v -1240.312343 2400.251535 -5.000000
v -1240.312343 2400.251535 3.000000
v -1246.312343 2400.251535 -5.000000
v -1246.312343 2400.251535 3.000000
v -1267.726556 2360.251535 -5.000000
v -1267.726556 2360.251535 3.000000
v -1294.312343 2372.251535 -5.000000
v -1294.312343 2372.251535 3.000000
v -1328.312343 2309.665749 -5.000000
v -1328.312343 2309.665749 3.000000
v -1340.312343 2310.251535 -5.000000
v -1340.312343 2310.251535 3.000000
v -1382.312343 2235.665749 -5.000000
v -1382.312343 2235.665749 3.000000
v -1388.898129 2232.251535 -5.000000
v -1388.898129 2232.251535 3.000000
v -1401.898129 2241.251535 -5.000000
v -1401.898129 2241.251535 3.000000
v -1340.312343 2346.837322 -5.000000
v -1340.312343 2346.837322 3.000000
v -1326.898129 2362.251535 -5.000000
v -1326.898129 2362.251535 3.000000
v -1310.898129 2364.251535 -5.000000
v -1310.898129 2364.251535 3.000000
v -1302.312343 2372.837322 -5.000000
v -1302.312343 2372.837322 3.000000
v -1262.312343 2450.837322 -5.000000
v -1262.312343 2450.837322 3.000000
v -1236.312343 2478.837322 -5.000000
v -1236.312343 2478.837322 3.000000
v -1214.312343 2524.837322 -5.000000
v -1214.312343 2524.837322 3.000000
v -1208.898129 2552.251535 -5.000000
v -1208.898129 2552.251535 3.000000
v -600.312343 2496.251535 -5.000000
v -600.312343 2496.251535 3.000000
v -500.312343 2764.837322 -5.000000
v -500.312343 2764.837322 3.000000
v -495.726556 2766.251535 -5.000000
v -495.726556 2766.251535 3.000000
v -458.726556 2757.251535 -5.000000
v -458.726556 2757.251535 3.000000
v -501.726556 2748.251535 -5.000000
v -501.726556 2748.251535 3.000000
v -504.312343 2742.251535 -5.000000
v -504.312343 2742.251535 3.000000
v -438.312343 2756.837322 -5.000000
v -438.312343 2756.837322 3.000000
v -438.312343 2778.251535 -5.000000
v -438.312343 2778.251535 3.000000
v -492.312343 2797.665749 -5.000000
v -492.312343 2797.665749 3.000000
v -474.898129 2840.251535 -5.000000
v -474.898129 2840.251535 3.000000
v -443.726556 2828.251535 -5.000000
v -443.726556 2828.251535 3.000000
v -438.312343 2828.251535 -5.000000
v -438.312343 2828.251535 3.000000
v -435.898129 2833.251535 -5.000000
v -435.898129 2833.251535 3.000000
v -458.312343 2871.665749 -5.000000
v -458.312343 2871.665749 3.000000
v -454.312343 2885.665749 -5.000000
v -454.312343 2885.665749 3.000000
v -458.898129 2892.251535 -5.000000
v -458.898129 2892.251535 3.000000
v -465.312343 2890.665749 -5.000000
v -465.312343 2890.665749 3.000000
v -476.898129 2894.251535 -5.000000
v -476.898129 2894.251535 3.000000
v 1579.687657 2092.837322 -5.000000
v 1586.273444 2094.251535 -5.000000
v 1586.273444 2094.251535 3.000000
v 1579.687657 2092.837322 3.000000
v 1698.687657 2051.837322 -5.000000
v 1698.687657 2051.837322 3.000000
v 1702.273444 2054.251535 -5.000000
v 1702.273444 2054.251535 3.000000
v 1720.273444 2048.251535 -5.000000
v 1720.273444 2048.251535 3.000000
v 1732.273444 2040.251535 -5.000000
v 1732.273444 2040.251535 3.000000
v 1740.273444 2040.251535 -5.000000
v 1740.273444 2040.251535 3.000000
v 1760.273444 2032.251535 -5.000000
v 1760.273444 2032.251535 3.000000
v 1768.273444 2024.251535 -5.000000
v 1768.273444 2024.251535 3.000000
v 1878.273444 1984.251535 -5.000000
v 1878.273444 1984.251535 3.000000
v 1845.687657 1899.665749 -5.000000
v 1845.687657 1899.665749 3.000000
v 1833.101871 1902.251535 -5.000000
v 1833.101871 1902.251535 3.000000
v 1559.101871 2010.251535 -5.000000
v 1559.101871 2010.251535 3.000000
v 1557.687657 2020.251535 -5.000000
v 1557.687657 2020.251535 3.000000
v 1554.101871 2021.251535 -5.000000
v 1554.101871 2021.251535 3.000000
v 1565.687657 2050.837322 -5.000000
v 1565.687657 2050.837322 3.000000
v 1570.273444 2054.251535 -5.000000
v 1570.273444 2054.251535 3.000000
v 1581.687657 2050.251535 -5.000000
v 1581.687657 2050.251535 3.000000
v 1587.687657 2068.837322 -5.000000
v 1587.687657 2068.837322 3.000000
v 1585.101871 2074.251535 -5.000000
v 1585.101871 2074.251535 3.000000
v 1575.687657 2079.665749 -5.000000
v 1575.687657 2079.665749 3.000000
v 1277.687657 2202.837322 -5.000000
v 1294.273444 2204.251535 -5.000000
v 1294.273444 2204.251535 3.000000
v 1277.687657 2202.837322 3.000000
v 1390.273444 2166.251535 -5.000000
v 1390.273444 2166.251535 3.000000
v 1404.273444 2166.251535 -5.000000
v 1404.273444 2166.251535 3.000000
v 1428.273444 2154.251535 -5.000000
v 1428.273444 2154.251535 3.000000
v 1432.687657 2155.837322 -5.000000
v 1432.687657 2155.837322 3.000000
v 1448.273444 2150.251535 -5.000000
v 1448.273444 2150.251535 3.000000
v 1466.273444 2138.251535 -5.000000
v 1466.273444 2138.251535 3.000000
v 1564.273444 2104.251535 -5.000000
v 1564.273444 2104.251535 3.000000
v 1535.687657 2019.665749 -5.000000
v 1535.687657 2019.665749 3.000000
v 1521.101871 2022.251535 -5.000000
v 1521.101871 2022.251535 3.000000
v 1249.101871 2124.251535 -5.000000
v 1249.101871 2124.251535 3.000000
v 1250.687657 2133.837322 -5.000000
v 1250.687657 2133.837322 3.000000
v 1254.273444 2130.251535 -5.000000
v 1254.273444 2130.251535 3.000000
v 1533.687657 2026.251535 -5.000000
v 1533.687657 2026.251535 3.000000
v 1533.687657 2029.665749 -5.000000
v 1533.687657 2029.665749 3.000000
v 1527.101871 2034.251535 -5.000000
v 1527.101871 2034.251535 3.000000
v 1253.101871 2136.251535 -5.000000
v 1253.101871 2136.251535 3.000000
v 1259.101871 2152.251535 -5.000000
v 1259.101871 2152.251535 3.000000
v 1269.687657 2146.837322 -5.000000
v 1269.687657 2146.837322 3.000000
v 1277.687657 2173.665749 -5.000000
v 1277.687657 2173.665749 3.000000
v 1268.101871 2179.251535 -5.000000
v 1268.101871 2179.251535 3.000000
v 669.687657 2352.837322 -5.000000
v 694.273444 2412.251535 -5.000000
v 694.273444 2412.251535 3.000000
v 669.687657 2352.837322 3.000000
v 992.273444 2300.251535 -5.000000
v 992.273444 2300.251535 3.000000
v 993.687657 2295.665749 -5.000000
v 993.687657 2295.665749 3.000000
v 989.687657 2283.665749 -5.000000
v 989.687657 2283.665749 3.000000
v 969.687657 2233.665749 -5.000000
v 969.687657 2233.665749 3.000000
v 966.687657 2230.665749 -5.000000
v 966.687657 2230.665749 3.000000
v 955.101871 2234.251535 -5.000000
v 955.101871 2234.251535 3.000000
v 669.101871 2344.251535 -5.000000
v 669.101871 2344.251535 3.000000
v 325.687657 2546.837322 -5.000000
v 332.273444 2548.251535 -5.000000
v 332.273444 2548.251535 3.000000
v 325.687657 2546.837322 3.000000
v 412.273444 2518.251535 -5.000000
v 412.273444 2518.251535 3.000000
v 407.687657 2502.837322 -5.000000
v 407.687657 2502.837322 3.000000
v 436.273444 2490.251535 -5.000000
v 436.273444 2490.251535 3.000000
v 441.687657 2490.251535 -5.000000
v 441.687657 2490.251535 3.000000
v 445.687657 2502.837322 -5.000000
v 445.687657 2502.837322 3.000000
v 450.273444 2504.251535 -5.000000
v 450.273444 2504.251535 3.000000
v 678.273444 2418.251535 -5.000000
v 678.273444 2418.251535 3.000000
v 655.687657 2353.665749 -5.000000
v 655.687657 2353.665749 3.000000
v 652.687657 2350.665749 -5.000000
v 652.687657 2350.665749 3.000000
v 641.101871 2354.251535 -5.000000
v 641.101871 2354.251535 3.000000
v 307.101871 2478.251535 -5.000000
v 307.101871 2478.251535 3.000000
v 303.687657 2482.837322 -5.000000
v 303.687657 2482.837322 3.000000
v -212.312343 2012.837322 -5.000000
v -112.726556 1923.251535 -5.000000
v -112.726556 1923.251535 3.000000
v -212.312343 2012.837322 3.000000
v -117.726556 1912.251535 -5.000000
v -117.726556 1912.251535 3.000000
v -138.312343 1927.665749 -5.000000
v -138.312343 1927.665749 3.000000
v -212.312343 2007.665749 -5.000000
v -212.312343 2007.665749 3.000000
v -447.898129 2775.251535 -5.000000
v -442.312343 2772.837322 -5.000000
v -442.312343 2772.837322 3.000000
v -447.898129 2775.251535 3.000000
v -443.726556 2758.251535 -5.000000
v -443.726556 2758.251535 3.000000
v -446.312343 2759.665749 -5.000000
v -446.312343 2759.665749 3.000000
v -451.726556 2776.251535 -5.000000
v -452.898129 2778.251535 -5.000000
v -452.898129 2778.251535 3.000000
v -451.726556 2776.251535 3.000000
v -450.726556 2777.251535 -5.000000
v -450.726556 2777.251535 3.000000
v -453.312343 2756.665749 -5.000000
v -453.312343 2757.837322 -5.000000
v -453.312343 2757.837322 3.000000
v -453.312343 2756.665749 3.000000
v -452.726556 2757.251535 -5.000000
v -452.726556 2757.251535 3.000000
v -457.726556 2778.251535 -5.000000
v -458.898129 2780.251535 -5.000000
v -458.898129 2780.251535 3.000000
v -457.726556 2778.251535 3.000000
v -456.726556 2779.251535 -5.000000
v -456.726556 2779.251535 3.000000
v -461.726556 2780.251535 -5.000000
v -464.898129 2782.251535 -5.000000
v -464.898129 2782.251535 3.000000
v -461.726556 2780.251535 3.000000
v -460.726556 2781.251535 -5.000000
v -460.726556 2781.251535 3.000000
v -467.726556 2782.251535 -5.000000
v -470.898129 2784.251535 -5.000000
v -470.898129 2784.251535 3.000000
v -467.726556 2782.251535 3.000000
v -466.726556 2783.251535 -5.000000
v -466.726556 2783.251535 3.000000
v -473.726556 2784.251535 -5.000000
v -476.898129 2786.251535 -5.000000
v -476.898129 2786.251535 3.000000
v -473.726556 2784.251535 3.000000
v -472.726556 2785.251535 -5.000000
v -472.726556 2785.251535 3.000000
v -479.726556 2786.251535 -5.000000
v -482.898129 2788.251535 -5.000000
v -482.898129 2788.251535 3.000000
v -479.726556 2786.251535 3.000000
v -478.726556 2787.251535 -5.000000
v -478.726556 2787.251535 3.000000
v -493.898129 2791.251535 -5.000000
v -489.726556 2792.251535 -5.000000
v -489.726556 2792.251535 3.000000
v -493.898129 2791.251535 3.000000
v -484.726556 2789.251535 -5.000000
v -484.726556 2789.251535 3.000000
v -488.898129 2788.251535 -5.000000
v -488.898129 2788.251535 3.000000
v -602.898129 2888.251535 -5.000000
v -497.726556 2850.251535 -5.000000
v -497.726556 2850.251535 3.000000
v -602.898129 2888.251535 3.000000
v -492.312343 2843.665749 -5.000000
v -492.312343 2843.665749 3.000000
v -508.312343 2801.665749 -5.000000
v -508.312343 2801.665749 3.000000
v -516.898129 2796.251535 -5.000000
v -516.898129 2796.251535 3.000000
v -616.898129 2834.251535 -5.000000
v -616.898129 2834.251535 3.000000
v -622.312343 2842.837322 -5.000000
v -622.312343 2842.837322 3.000000
v -608.312343 2880.837322 -5.000000
v -608.312343 2880.837322 3.000000
v -734.312343 2934.837322 -5.000000
v -725.726556 2936.251535 -5.000000
v -725.726556 2936.251535 3.000000
v -734.312343 2934.837322 3.000000
v -623.726556 2898.251535 -5.000000
v -623.726556 2898.251535 3.000000
v -622.312343 2889.665749 -5.000000
v -622.312343 2889.665749 3.000000
v -638.312343 2849.665749 -5.000000
v -638.312343 2849.665749 3.000000
v -645.312343 2844.665749 -5.000000
v -645.312343 2844.665749 3.000000
v -744.898129 2882.251535 -5.000000
v -744.898129 2882.251535 3.000000
v -750.312343 2887.665749 -5.000000
v -750.312343 2887.665749 3.000000
v -750.312343 2894.837322 -5.000000
v -750.312343 2894.837322 3.000000
v -840.898129 2978.251535 -5.000000
v -767.726556 2952.251535 -5.000000
v -767.726556 2952.251535 3.000000
v -840.898129 2978.251535 3.000000
v -750.312343 2942.837322 -5.000000
v -750.312343 2942.837322 3.000000
v -764.312343 2903.665749 -5.000000
v -764.312343 2903.665749 3.000000
v -771.726556 2894.251535 -5.000000
v -771.726556 2894.251535 3.000000
v -788.898129 2898.251535 -5.000000
v -788.898129 2898.251535 3.000000
v -858.312343 2925.665749 -5.000000
v -858.312343 2925.665749 3.000000
v -860.312343 2934.837322 -5.000000
v -860.312343 2934.837322 3.000000
v -846.312343 2972.837322 -5.000000
v -846.312343 2972.837322 3.000000
v -954.312343 3016.837322 -5.000000
v -943.726556 3018.251535 -5.000000
v -943.726556 3018.251535 3.000000
v -954.312343 3016.837322 3.000000
v -869.726556 2990.251535 -5.000000
v -869.726556 2990.251535 3.000000
v -860.312343 2982.837322 -5.000000
v -860.312343 2982.837322 3.000000
v -879.726556 2936.251535 -5.000000
v -879.726556 2936.251535 3.000000
v -885.312343 2934.665749 -5.000000
v -885.312343 2934.665749 3.000000
v -968.312343 2967.665749 -5.000000
v -968.312343 2967.665749 3.000000
v -970.312343 2974.837322 -5.000000
v -970.312343 2974.837322 3.000000
v -1044.898129 3054.251535 -5.000000
v -970.312343 3026.837322 -5.000000
v -970.312343 3026.837322 3.000000
v -1044.898129 3054.251535 3.000000
v -987.726556 2978.251535 -5.000000
v -987.726556 2978.251535 3.000000
v -994.898129 2976.251535 -5.000000
v -994.898129 2976.251535 3.000000
v -1016.898129 2984.251535 -5.000000
v -1016.898129 2984.251535 3.000000
v -1024.312343 3008.251535 -5.000000
v -1024.312343 3008.251535 3.000000
v -1058.312343 3019.665749 -5.000000
v -1058.312343 3019.665749 3.000000
v -1050.312343 3046.837322 -5.000000
v -1050.312343 3046.837322 3.000000
v -1000.898129 2320.251535 -5.000000
v -984.726556 2311.251535 -5.000000
v -984.726556 2311.251535 3.000000
v -1000.898129 2320.251535 3.000000
v -991.312343 2300.665749 -5.000000
v -991.312343 2300.665749 3.000000
v -987.898129 2309.251535 -5.000000
v -987.898129 2309.251535 3.000000
v -996.898129 2316.251535 -5.000000
v -996.898129 2316.251535 3.000000
v -1002.898129 2316.251535 -5.000000
v -1002.898129 2316.251535 3.000000
v -993.312343 2299.837322 -5.000000
v -992.312343 2297.665749 -5.000000
v -992.312343 2297.665749 3.000000
v -993.312343 2299.837322 3.000000
v -999.312343 2286.665749 -5.000000
v -999.312343 2286.665749 3.000000
v -1000.312343 2288.837322 -5.000000
v -1000.312343 2288.837322 3.000000
v -1001.312343 2285.837322 -5.000000
v -1000.312343 2283.665749 -5.000000
v -1000.312343 2283.665749 3.000000
v -1001.312343 2285.837322 3.000000
v -1005.312343 2276.665749 -5.000000
v -1005.312343 2276.665749 3.000000
v -1006.312343 2278.837322 -5.000000
v -1006.312343 2278.837322 3.000000
v -1005.312343 2312.665749 -5.000000
v -1005.312343 2313.837322 -5.000000
v -1005.312343 2313.837322 3.000000
v -1005.312343 2312.665749 3.000000
v -1004.726556 2313.251535 -5.000000
v -1004.726556 2313.251535 3.000000
v -1007.312343 2275.837322 -5.000000
v -1006.312343 2273.665749 -5.000000
v -1006.312343 2273.665749 3.000000
v -1007.312343 2275.837322 3.000000
v -1011.312343 2266.665749 -5.000000
v -1011.312343 2266.665749 3.000000
v -1012.312343 2268.837322 -5.000000
v -1012.312343 2268.837322 3.000000
v -1007.312343 2308.665749 -5.000000
v -1007.312343 2309.837322 -5.000000
v -1007.312343 2309.837322 3.000000
v -1007.312343 2308.665749 3.000000
v -1006.726556 2309.251535 -5.000000
v -1006.726556 2309.251535 3.000000
v -1009.312343 2304.665749 -5.000000
v -1009.312343 2305.837322 -5.000000
v -1009.312343 2305.837322 3.000000
v -1009.312343 2304.665749 3.000000
v -1008.726556 2305.251535 -5.000000
v -1008.726556 2305.251535 3.000000
v -1011.312343 2302.665749 -5.000000
v -1011.312343 2303.837322 -5.000000
v -1011.312343 2303.837322 3.000000
v -1011.312343 2302.665749 3.000000
v -1010.726556 2303.251535 -5.000000
v -1010.726556 2303.251535 3.000000
v -1014.312343 2263.665749 -5.000000
v -1012.312343 2264.837322 -5.000000
v -1012.312343 2264.837322 3.000000
v -1014.312343 2263.665749 3.000000
v -1013.312343 2262.665749 -5.000000
v -1013.312343 2262.665749 3.000000
v -1013.312343 2298.665749 -5.000000
v -1013.312343 2299.837322 -5.000000
v -1013.312343 2299.837322 3.000000
v -1013.312343 2298.665749 3.000000
v -1012.726556 2299.251535 -5.000000
v -1012.726556 2299.251535 3.000000
v -1015.312343 2261.837322 -5.000000
v -1014.312343 2259.665749 -5.000000
v -1014.312343 2259.665749 3.000000
v -1015.312343 2261.837322 3.000000
v -1019.312343 2252.665749 -5.000000
v -1019.312343 2252.665749 3.000000
v -1020.312343 2254.837322 -5.000000
v -1020.312343 2254.837322 3.000000
v -1015.312343 2294.665749 -5.000000
v -1015.312343 2295.837322 -5.000000
v -1015.312343 2295.837322 3.000000
v -1015.312343 2294.665749 3.000000
v -1014.726556 2295.251535 -5.000000
v -1014.726556 2295.251535 3.000000
v -1018.312343 2291.665749 -5.000000
v -1016.312343 2292.837322 -5.000000
v -1016.312343 2292.837322 3.000000
v -1018.312343 2291.665749 3.000000
v -1017.312343 2290.665749 -5.000000
v -1017.312343 2290.665749 3.000000
v -1019.312343 2288.665749 -5.000000
v -1019.312343 2289.837322 -5.000000
v -1019.312343 2289.837322 3.000000
v -1019.312343 2288.665749 3.000000
v -1018.726556 2289.251535 -5.000000
v -1018.726556 2289.251535 3.000000
v -1021.312343 2251.837322 -5.000000
v -1020.312343 2249.665749 -5.000000
v -1020.312343 2249.665749 3.000000
v -1021.312343 2251.837322 3.000000
v -1025.312343 2242.665749 -5.000000
v -1025.312343 2242.665749 3.000000
v -1026.312343 2244.837322 -5.000000
v -1026.312343 2244.837322 3.000000
v -1021.312343 2284.665749 -5.000000
v -1021.312343 2285.837322 -5.000000
v -1021.312343 2285.837322 3.000000
v -1021.312343 2284.665749 3.000000
v -1020.726556 2285.251535 -5.000000
v -1020.726556 2285.251535 3.000000
v -1023.312343 2280.665749 -5.000000
v -1023.312343 2281.837322 -5.000000
v -1023.312343 2281.837322 3.000000
v -1023.312343 2280.665749 3.000000
v -1022.726556 2281.251535 -5.000000
v -1022.726556 2281.251535 3.000000
v -1026.312343 2277.665749 -5.000000
v -1024.312343 2278.837322 -5.000000
v -1024.312343 2278.837322 3.000000
v -1026.312343 2277.665749 3.000000
v -1025.312343 2276.665749 -5.000000
v -1025.312343 2276.665749 3.000000
v -1028.312343 2239.665749 -5.000000
v -1026.312343 2240.837322 -5.000000
v -1026.312343 2240.837322 3.000000
v -1028.312343 2239.665749 3.000000
v -1027.312343 2238.665749 -5.000000
v -1027.312343 2238.665749 3.000000
v -1027.312343 2274.665749 -5.000000
v -1027.312343 2275.837322 -5.000000
v -1027.312343 2275.837322 3.000000
v -1027.312343 2274.665749 3.000000
v -1026.726556 2275.251535 -5.000000
v -1026.726556 2275.251535 3.000000
v -1029.312343 2237.837322 -5.000000
v -1028.312343 2235.665749 -5.000000
v -1028.312343 2235.665749 3.000000
v -1029.312343 2237.837322 3.000000
v -1033.312343 2228.665749 -5.000000
v -1033.312343 2228.665749 3.000000
v -1034.312343 2230.837322 -5.000000
v -1034.312343 2230.837322 3.000000
v -1029.312343 2270.665749 -5.000000
v -1029.312343 2271.837322 -5.000000
v -1029.312343 2271.837322 3.000000
v -1029.312343 2270.665749 3.000000
v -1028.726556 2271.251535 -5.000000
v -1028.726556 2271.251535 3.000000
v -1031.312343 2266.665749 -5.000000
v -1031.312343 2267.837322 -5.000000
v -1031.312343 2267.837322 3.000000
v -1031.312343 2266.665749 3.000000
v -1030.726556 2267.251535 -5.000000
v -1030.726556 2267.251535 3.000000
v -1034.312343 2263.665749 -5.000000
v -1032.312343 2264.837322 -5.000000
v -1032.312343 2264.837322 3.000000
v -1034.312343 2263.665749 3.000000
v -1033.312343 2262.665749 -5.000000
v -1033.312343 2262.665749 3.000000
v -1035.312343 2227.837322 -5.000000
v -1034.312343 2225.665749 -5.000000
v -1034.312343 2225.665749 3.000000
v -1035.312343 2227.837322 3.000000
v -1039.312343 2218.665749 -5.000000
v -1039.312343 2218.665749 3.000000
v -1040.312343 2220.837322 -5.000000
v -1040.312343 2220.837322 3.000000
v -1035.312343 2260.665749 -5.000000
v -1035.312343 2261.837322 -5.000000
v -1035.312343 2261.837322 3.000000
v -1035.312343 2260.665749 3.000000
v -1034.726556 2261.251535 -5.000000
v -1034.726556 2261.251535 3.000000
v -1037.312343 2256.665749 -5.000000
v -1037.312343 2257.837322 -5.000000
v -1037.312343 2257.837322 3.000000
v -1037.312343 2256.665749 3.000000
v -1036.726556 2257.251535 -5.000000
v -1036.726556 2257.251535 3.000000
v -1039.312343 2252.665749 -5.000000
v -1039.312343 2253.837322 -5.000000
v -1039.312343 2253.837322 3.000000
v -1039.312343 2252.665749 3.000000
v -1038.726556 2253.251535 -5.000000
v -1038.726556 2253.251535 3.000000
v -1042.312343 2215.665749 -5.000000
v -1040.312343 2216.837322 -5.000000
v -1040.312343 2216.837322 3.000000
v -1042.312343 2215.665749 3.000000
v -1041.312343 2214.665749 -5.000000
v -1041.312343 2214.665749 3.000000
v -1042.312343 2249.665749 -5.000000
v -1040.312343 2250.837322 -5.000000
v -1040.312343 2250.837322 3.000000
v -1042.312343 2249.665749 3.000000
v -1041.312343 2248.665749 -5.000000
v -1041.312343 2248.665749 3.000000
v -1043.312343 2213.837322 -5.000000
v -1042.312343 2211.665749 -5.000000
v -1042.312343 2211.665749 3.000000
v -1043.312343 2213.837322 3.000000
v -1047.312343 2204.665749 -5.000000
v -1047.312343 2204.665749 3.000000
v -1048.312343 2206.837322 -5.000000
v -1048.312343 2206.837322 3.000000
v -1043.312343 2246.665749 -5.000000
v -1043.312343 2247.837322 -5.000000
v -1043.312343 2247.837322 3.000000
v -1043.312343 2246.665749 3.000000
v -1042.726556 2247.251535 -5.000000
v -1042.726556 2247.251535 3.000000
v -1045.312343 2242.665749 -5.000000
v -1045.312343 2243.837322 -5.000000
v -1045.312343 2243.837322 3.000000
v -1045.312343 2242.665749 3.000000
v -1044.726556 2243.251535 -5.000000
v -1044.726556 2243.251535 3.000000
v -1047.312343 2238.665749 -5.000000
v -1047.312343 2239.837322 -5.000000
v -1047.312343 2239.837322 3.000000
v -1047.312343 2238.665749 3.000000
v -1046.726556 2239.251535 -5.000000
v -1046.726556 2239.251535 3.000000
v -1049.312343 2203.837322 -5.000000
v -1048.312343 2201.665749 -5.000000
v -1048.312343 2201.665749 3.000000
v -1049.312343 2203.837322 3.000000
v -1053.312343 2194.665749 -5.000000
v -1053.312343 2194.665749 3.000000
v -1054.312343 2196.837322 -5.000000
v -1054.312343 2196.837322 3.000000
v -1049.312343 2236.665749 -5.000000
v -1049.312343 2237.837322 -5.000000
v -1049.312343 2237.837322 3.000000
v -1049.312343 2236.665749 3.000000
v -1048.726556 2237.251535 -5.000000
v -1048.726556 2237.251535 3.000000
v -1056.312343 2191.665749 -5.000000
v -1054.312343 2192.837322 -5.000000
v -1054.312343 2192.837322 3.000000
v -1056.312343 2191.665749 3.000000
v -1055.312343 2190.665749 -5.000000
v -1055.312343 2190.665749 3.000000
v -1074.312343 2234.837322 -5.000000
v -1069.726556 2236.251535 -5.000000
v -1069.726556 2236.251535 3.000000
v -1074.312343 2234.837322 3.000000
v -1054.312343 2226.837322 -5.000000
v -1054.312343 2226.837322 3.000000
v -1069.312343 2202.665749 -5.000000
v -1069.312343 2202.665749 3.000000
v -1084.312343 2213.665749 -5.000000
v -1084.312343 2213.665749 3.000000
v -1057.312343 2189.837322 -5.000000
v -1056.312343 2187.665749 -5.000000
v -1056.312343 2187.665749 3.000000
v -1057.312343 2189.837322 3.000000
v -1061.312343 2180.665749 -5.000000
v -1061.312343 2180.665749 3.000000
v -1062.312343 2182.837322 -5.000000
v -1062.312343 2182.837322 3.000000
v -1063.312343 2179.837322 -5.000000
v -1062.312343 2177.665749 -5.000000
v -1062.312343 2177.665749 3.000000
v -1063.312343 2179.837322 3.000000
v -1067.312343 2170.665749 -5.000000
v -1067.312343 2170.665749 3.000000
v -1068.312343 2172.837322 -5.000000
v -1068.312343 2172.837322 3.000000
v -1070.312343 2167.665749 -5.000000
v -1068.312343 2168.837322 -5.000000
v -1068.312343 2168.837322 3.000000
v -1070.312343 2167.665749 3.000000
v -1069.312343 2166.665749 -5.000000
v -1069.312343 2166.665749 3.000000
v -1071.312343 2165.837322 -5.000000
v -1070.312343 2163.665749 -5.000000
v -1070.312343 2163.665749 3.000000
v -1071.312343 2165.837322 3.000000
v -1075.312343 2156.665749 -5.000000
v -1075.312343 2156.665749 3.000000
v -1076.312343 2158.837322 -5.000000
v -1076.312343 2158.837322 3.000000
v -1075.312343 2190.665749 -5.000000
v -1075.312343 2191.837322 -5.000000
v -1075.312343 2191.837322 3.000000
v -1075.312343 2190.665749 3.000000
v -1074.726556 2191.251535 -5.000000
v -1074.726556 2191.251535 3.000000
v -1077.312343 2186.665749 -5.000000
v -1077.312343 2187.837322 -5.000000
v -1077.312343 2187.837322 3.000000
v -1077.312343 2186.665749 3.000000
v -1076.726556 2187.251535 -5.000000
v -1076.726556 2187.251535 3.000000
v -1077.312343 2155.837322 -5.000000
v -1096.312343 2107.665749 -5.000000
v -1096.312343 2107.665749 3.000000
v -1077.312343 2155.837322 3.000000
v -1100.898129 2106.251535 -5.000000
v -1100.898129 2106.251535 3.000000
v -1094.312343 2128.837322 -5.000000
v -1094.312343 2128.837322 3.000000
v -1080.312343 2183.665749 -5.000000
v -1078.312343 2184.837322 -5.000000
v -1078.312343 2184.837322 3.000000
v -1080.312343 2183.665749 3.000000
v -1079.312343 2182.665749 -5.000000
v -1079.312343 2182.665749 3.000000
v -1081.312343 2180.665749 -5.000000
v -1081.312343 2181.837322 -5.000000
v -1081.312343 2181.837322 3.000000
v -1081.312343 2180.665749 3.000000
v -1080.726556 2181.251535 -5.000000
v -1080.726556 2181.251535 3.000000
v -1084.312343 2177.665749 -5.000000
v -1082.312343 2178.837322 -5.000000
v -1082.312343 2178.837322 3.000000
v -1084.312343 2177.665749 3.000000
v -1083.312343 2176.665749 -5.000000
v -1083.312343 2176.665749 3.000000
v -1085.312343 2175.837322 -5.000000
v -1086.312343 2169.665749 -5.000000
v -1086.312343 2169.665749 3.000000
v -1085.312343 2175.837322 3.000000
v -1099.312343 2148.665749 -5.000000
v -1099.312343 2148.665749 3.000000
v -1096.312343 2160.837322 -5.000000
v -1096.312343 2160.837322 3.000000
v -1102.312343 2145.665749 -5.000000
v -1100.312343 2146.837322 -5.000000
v -1100.312343 2146.837322 3.000000
v -1102.312343 2145.665749 3.000000
v -1101.312343 2144.665749 -5.000000
v -1101.312343 2144.665749 3.000000
v -1104.312343 2139.665749 -5.000000
v -1102.312343 2140.837322 -5.000000
v -1102.312343 2140.837322 3.000000
v -1104.312343 2139.665749 3.000000
v -1103.312343 2138.665749 -5.000000
v -1103.312343 2138.665749 3.000000
v -1106.312343 2133.665749 -5.000000
v -1104.312343 2134.837322 -5.000000
v -1104.312343 2134.837322 3.000000
v -1106.312343 2133.665749 3.000000
v -1105.312343 2132.665749 -5.000000
v -1105.312343 2132.665749 3.000000
v -1108.312343 2127.665749 -5.000000
v -1106.312343 2128.837322 -5.000000
v -1106.312343 2128.837322 3.000000
v -1108.312343 2127.665749 3.000000
v -1107.312343 2126.665749 -5.000000
v -1107.312343 2126.665749 3.000000
v -1110.312343 2121.665749 -5.000000
v -1108.312343 2124.837322 -5.000000
v -1108.312343 2124.837322 3.000000
v -1110.312343 2121.665749 3.000000
v -1109.312343 2120.665749 -5.000000
v -1109.312343 2120.665749 3.000000
v -1112.312343 2117.665749 -5.000000
v -1110.312343 2118.837322 -5.000000
v -1110.312343 2118.837322 3.000000
v -1112.312343 2117.665749 3.000000
v -1111.312343 2116.665749 -5.000000
v -1111.312343 2116.665749 3.000000
v -1114.312343 2111.665749 -5.000000
v -1112.312343 2112.837322 -5.000000
v -1112.312343 2112.837322 3.000000
v -1114.312343 2111.665749 3.000000
v -1113.312343 2110.665749 -5.000000
v -1113.312343 2110.665749 3.000000
v -1116.312343 2105.665749 -5.000000
v -1114.312343 2108.837322 -5.000000
v -1114.312343 2108.837322 3.000000
v -1116.312343 2105.665749 3.000000
v -1115.312343 2104.665749 -5.000000
v -1115.312343 2104.665749 3.000000
v -1118.312343 2099.665749 -5.000000
v -1116.312343 2102.837322 -5.000000
v -1116.312343 2102.837322 3.000000
v -1118.312343 2099.665749 3.000000
v -1117.312343 2098.665749 -5.000000
v -1117.312343 2098.665749 3.000000
v -1120.312343 2095.665749 -5.000000
v -1118.312343 2096.837322 -5.000000
v -1118.312343 2096.837322 3.000000
v -1120.312343 2095.665749 3.000000
v -1119.312343 2094.665749 -5.000000
v -1119.312343 2094.665749 3.000000
v -1122.312343 2089.665749 -5.000000
v -1120.312343 2092.837322 -5.000000
v -1120.312343 2092.837322 3.000000
v -1122.312343 2089.665749 3.000000
v -1121.312343 2088.665749 -5.000000
v -1121.312343 2088.665749 3.000000
v -1124.312343 2083.665749 -5.000000
v -1122.312343 2086.837322 -5.000000
v -1122.312343 2086.837322 3.000000
v -1124.312343 2083.665749 3.000000
v -1123.312343 2082.665749 -5.000000
v -1123.312343 2082.665749 3.000000
v -1126.312343 2080.837322 -5.000000
v -1124.312343 2077.665749 -5.000000
v -1124.312343 2077.665749 3.000000
v -1126.312343 2080.837322 3.000000
v -1127.312343 2072.665749 -5.000000
v -1127.312343 2072.665749 3.000000
v -1128.312343 2076.837322 -5.000000
v -1128.312343 2076.837322 3.000000
v -1130.312343 2067.665749 -5.000000
v -1128.312343 2070.837322 -5.000000
v -1128.312343 2070.837322 3.000000
v -1130.312343 2067.665749 3.000000
v -1129.312343 2066.665749 -5.000000
v -1129.312343 2066.665749 3.000000
vn -0.943176249 0.332292888 0.000000000
vn -0.356687943 -0.934223588 0.000000000
vn -0.929224983 -0.369514453 0.000000000
vn -0.907959385 0.419058177 0.000000000
vn -0.707106781 0.707106781 0.000000000
vn 0.400818834 0.916157335 0.000000000
vn -0.707106781 0.707106781 0.000000000
vn -0.913811549 0.406138466 0.000000000
vn -0.392524339 0.919741618 0.000000000
vn -0.902671994 0.430329259 0.000000000
vn -1.000000000 0.000000000 0.000000000
vn -0.784163693 -0.620554029 0.000000000
vn -0.918215739 0.396080620 0.000000000
vn -0.865318353 0.501222653 0.000000000
vn -0.707106781 0.707106781 0.000000000
vn 0.404455942 0.914557484 0.000000000
vn 0.485642931 0.874157276 0.000000000
vn 0.996067534 -0.088597220 0.000000000
vn 0.862320609 -0.506362683 0.000000000
vn 0.832050294 -0.554700196 0.000000000
vn 0.707106758 -0.707106804 0.000000000
vn 0.395366066 -0.918523638 0.000000000
vn 1.000000000 0.000000000 0.000000000
vn -0.349959966 0.936764657 0.000000000
vn -0.707106760 0.707106803 0.000000000
vn -0.861934215 0.507020127 0.000000000
vn -0.597183667 0.802104525 0.000000000
vn 0.589742085 0.807591650 0.000000000
vn 0.869973266 -0.493098892 0.000000000
vn 1.000000000 0.000000000 0.000000000
vn 0.000000000 1.000000000 0.000000000
vn -0.872905560 0.487889213 0.000000000
vn 0.473154275 0.880979587 0.000000000
vn -0.430964319 0.902368969 0.000000000
vn -0.869395494 0.494116864 0.000000000
vn -0.819231921 0.573462344 0.000000000
vn -0.667722873 0.744409944 0.000000000
vn 0.474373192 0.880323847 0.000000000
vn 0.880979587 -0.473154275 0.000000000
vn 0.316227766 -0.948683298 0.000000000
vn 0.894427191 -0.447213595 0.000000000
vn 1.000000000 0.000000000 0.000000000
vn 0.422304506 0.906454028 0.000000000
vn 0.000000000 1.000000000 0.000000000
vn -0.897631196 0.440747360 0.000000000
vn -0.970771883 -0.240004065 0.000000000
vn -0.904082440 0.427358096 0.000000000
vn -0.600000000 0.800000000 0.000000000
vn -0.857492926 0.514495755 0.000000000
vn 0.569209979 0.822192192 0.000000000
vn 0.957517247 0.288376008 0.000000000
vn -0.264859090 0.964287127 0.000000000
vn 1.000000000 0.000000000 0.000000000
vn 0.554700196 0.832050294 0.000000000
vn 1.000000000 0.000000000 0.000000000
vn 0.807591612 -0.589742136 0.000000000
vn 0.000000000 -1.000000000 0.000000000
vn 0.817515175 -0.575907057 0.000000000
vn 0.959682981 -0.281084642 0.000000000
vn 0.707106781 0.707106781 0.000000000
vn 0.000000000 1.000000000 0.000000000
vn -0.821569204 0.570108799 0.000000000
vn -0.832050294 0.554700196 0.000000000
vn -0.948683298 0.316227766 0.000000000
vn 0.472664724 0.881242338 0.000000000
vn -0.641678350 0.766973855 0.000000000
vn 0.503871026 0.863778901 0.000000000
vn 0.979540053 -0.201249310 0.000000000
vn 0.789352217 -0.613940614 0.000000000
vn -0.707106781 -0.707106781 0.000000000
vn 0.707106781 -0.707106781 0.000000000
vn 0.852872997 -0.522118426 0.000000000
vn 0.581238194 0.813733471 0.000000000
vn 0.000000000 1.000000000 0.000000000
vn -0.793456802 0.608626571 0.000000000
vn -0.839570157 0.543251278 0.000000000
vn -0.999209959 0.039742390 0.000000000
vn -0.813733471 0.581238194 0.000000000
vn 0.444438586 0.895809323 0.000000000
vn 0.864117508 -0.503290107 0.000000000
vn 0.887754531 -0.460317164 0.000000000
vn 0.855915542 -0.517115640 0.000000000
vn 0.894427191 -0.447213595 0.000000000
vn 0.857492926 0.514495755 0.000000000
vn 0.843661488 -0.536875492 0.000000000
vn 1.000000000 0.000000000 0.000000000
vn 0.000000000 1.000000000 0.000000000
vn -0.707106704 0.707106858 0.000000000
vn -0.882467579 0.470373226 0.000000000
vn 0.478956275 0.877838759 0.000000000
vn 0.816273220 -0.577666019 0.000000000
vn 0.553083522 0.833125811 0.000000000
vn 0.281084642 0.959682981 0.000000000
vn -0.685684138 0.727899212 0.000000000
vn -0.902671994 -0.430329259 0.000000000
vn -0.857492926 0.514495755 0.000000000
vn -0.294695494 0.955591213 0.000000000
vn 0.554700196 0.832050294 0.000000000
vn -0.430964319 0.902368969 0.000000000
vn -0.849162145 0.528132230 0.000000000
vn 0.493025518 0.870014849 0.000000000
vn 0.285757198 0.958302052 0.000000000
vn -0.999698530 -0.024553001 0.000000000
vn -0.999838215 -0.017987300 0.000000000
vn -0.707106928 0.707106635 0.000000000
vn -0.707106781 -0.707106781 0.000000000
vn 0.000000000 -1.000000000 0.000000000
vn -0.242535625 -0.970142500 0.000000000
vn -0.514495755 -0.857492926 0.000000000
vn -0.141421356 -0.989949494 0.000000000
vn 0.000000000 -1.000000000 0.000000000
vn 0.973925240 -0.226869183 0.000000000
vn 0.618715354 -0.785615243 0.000000000
vn 0.316227766 -0.948683298 0.000000000
vn 0.000000000 -1.000000000 0.000000000
vn -0.316227766 -0.948683298 0.000000000
vn -0.103606084 -0.994618409 0.000000000
vn -0.018515344 -0.999828576 0.000000000
vn -0.233372952 -0.972387302 0.000000000
vn 0.000000000 -1.000000000 0.000000000
vn 0.572818214 -0.819682434 0.000000000
vn 0.847331900 -0.531063697 0.000000000
vn 0.941741912 -0.336336397 0.000000000
vn 0.998930046 -0.046246761 0.000000000
vn 0.999552476 0.029913991 0.000000000
vn 0.956850550 0.290580495 0.000000000
vn 0.826283258 -0.563254808 0.000000000
vn 0.154778703 -0.987949165 0.000000000
vn 0.110431526 -0.993883735 0.000000000
vn 0.765293692 -0.643681261 0.000000000
vn 0.858035165 -0.513590941 0.000000000
vn -0.571431387 -0.820649846 0.000000000
vn -0.904082440 0.427358096 0.000000000
vn -0.847299766 0.531114965 0.000000000
vn -0.138988628 0.990293977 0.000000000
vn -0.156327455 0.987705283 0.000000000
vn -0.185648223 0.982616272 0.000000000
vn -1.000000000 0.000000000 0.000000000
vn 0.155920339 -0.987769633 0.000000000
vn 0.145114187 -0.989414914 0.000000000
vn 0.089355811 -0.995999769 0.000000000
vn 0.852380689 -0.522921754 0.000000000
vn 0.816083265 -0.577934342 0.000000000
vn -0.489686078 -0.871898816 0.000000000
vn 0.000000000 -1.000000000 0.000000000
vn 0.812628307 -0.582782322 0.000000000
vn -0.504499882 -0.863411761 0.000000000
vn 0.910366477 -0.413802944 0.000000000
vn 0.902368938 0.430964383 0.000000000
vn 0.496852200 0.867835175 0.000000000
vn 0.850719257 -0.525620344 0.000000000
vn 0.861269258 -0.508148862 0.000000000
vn 0.965896818 0.258927280 0.000000000
vn 0.654930538 -0.755689083 0.000000000
vn -0.103758055 -0.994602567 0.000000000
vn -0.707106781 -0.707106781 0.000000000
vn 1.000000000 0.000000000 0.000000000
vn 0.072761481 0.997349371 0.000000000
vn -0.707106757 0.707106805 0.000000000
vn -1.000000000 0.000000000 0.000000000
vn -0.965005471 -0.262229748 0.000000000
vn -0.993285426 -0.115689509 0.000000000
vn -0.859737947 0.510735414 0.000000000
vn -0.851984997 0.523566199 0.000000000
vn -0.807591702 0.589742014 0.000000000
vn 0.571431387 0.820649846 0.000000000
vn 0.854024302 -0.520233113 0.000000000
vn 0.987269765 0.159054742 0.000000000
vn 0.936329178 0.351123442 0.000000000
vn 0.966989850 0.254814893 0.000000000
vn 0.970142500 0.242535625 0.000000000
vn 1.000000000 0.000000000 0.000000000
vn 0.807591612 -0.589742136 0.000000000
vn 0.514495755 -0.857492926 0.000000000
vn -0.103112550 -0.994669695 0.000000000
vn 0.987105478 -0.160071159 0.000000000
vn 0.190741383 0.981640324 0.000000000
vn 0.955591231 0.294695435 0.000000000
vn 0.970142500 -0.242535625 0.000000000
vn 0.707106766 -0.707106796 0.000000000
vn 0.529998940 -0.847998304 0.000000000
vn 0.200396236 -0.979714932 0.000000000
vn 0.516336995 -0.856385490 0.000000000
vn 0.824773223 -0.565463642 0.000000000
vn 0.979804059 -0.199960012 0.000000000
vn 0.993011695 0.118015985 0.000000000
vn 0.894427191 0.447213595 0.000000000
vn 0.560708118 0.828013530 0.000000000
vn 0.291806643 0.956477330 0.000000000
vn 0.707106781 0.707106781 0.000000000
vn 0.803765107 0.594946765 0.000000000
vn 0.978840710 -0.204623712 0.000000000
vn 0.857492926 -0.514495755 0.000000000
vn -0.707106781 -0.707106781 0.000000000
vn -0.828059337 -0.560640468 0.000000000
vn -0.411402064 -0.911453971 0.000000000
vn -0.624695048 -0.780868809 0.000000000
vn -0.105628123 -0.994405702 0.000000000
vn 0.255197445 -0.966888962 0.000000000
vn -0.431361961 -0.902178951 0.000000000
vn 0.316227766 -0.948683298 0.000000000
vn 0.939574178 -0.342345386 0.000000000
vn 0.544728731 -0.838612312 0.000000000
vn -0.073407749 -0.997302012 0.000000000
vn -0.537457926 -0.843290566 0.000000000
vn 0.857168444 -0.515036172 0.000000000
vn -0.073027861 -0.997329901 0.000000000
vn 0.872153465 -0.489232393 0.000000000
vn 0.917932540 0.396736501 0.000000000
vn 0.857492926 -0.514495755 0.000000000
vn 0.707106678 -0.707106885 0.000000000
vn -0.316227766 -0.948683298 0.000000000
vn 0.757106157 -0.653291870 0.000000000
vn 0.916706380 0.399561527 0.000000000
vn 0.819231921 0.573462344 0.000000000
vn 1.000000000 0.000000000 0.000000000
vn 0.759256602 0.650791373 0.000000000
vn 0.886584846 0.462566007 0.000000000
vn 0.819231921 0.573462344 0.000000000
vn 0.699146930 -0.714978021 0.000000000
vn -0.889105721 -0.457701886 0.000000000
vn -0.930973198 -0.365087529 0.000000000
vn -0.894427191 -0.447213595 0.000000000
vn -0.707106781 -0.707106781 0.000000000
vn 0.425348018 -0.905029869 0.000000000
vn 0.115689509 -0.993285426 0.000000000
vn -0.943490603 -0.331399280 0.000000000
vn -0.323480150 -0.946234956 0.000000000
vn 0.572818214 -0.819682434 0.000000000
vn 0.897631202 -0.440747349 0.000000000
vn 0.822715321 -0.568453605 0.000000000
vn 0.382740328 -0.923855964 0.000000000
vn 0.438628347 -0.898668556 0.000000000
vn 0.968156789 0.250344627 0.000000000
vn 0.431904938 -0.901919134 0.000000000
vn 0.201249400 -0.979540034 0.000000000
vn -0.994076303 -0.108684425 0.000000000
vn 0.071247050 -0.997458700 0.000000000
vn 0.986817630 0.161836228 0.000000000
vn 0.540757591 -0.841178475 0.000000000
vn 0.999452486 0.033086667 0.000000000
vn 0.978549785 0.206010481 0.000000000
vn 0.977039505 -0.213058219 0.000000000
vn 0.333333216 -0.942809083 0.000000000
vn 1.000000000 0.000000000 0.000000000
vn 0.971747266 0.236023838 0.000000000
vn 0.338854183 -0.940838904 0.000000000
vn -0.785615211 -0.618715395 0.000000000
vn -0.964763821 -0.263117406 0.000000000
vn -1.000000000 0.000000000 0.000000000
vn -0.894427191 -0.447213595 0.000000000
vn -0.957826285 -0.287347886 0.000000000
vn -0.988936353 -0.148340453 0.000000000
vn -0.820649846 -0.571431387 0.000000000
vn 0.066519011 -0.997785158 0.000000000
vn -0.976187060 -0.216930458 0.000000000
vn -0.465746433 -0.884918222 0.000000000
vn 0.264859211 -0.964287093 0.000000000
vn 0.898232917 -0.439519769 0.000000000
vn 0.000000000 -1.000000000 0.000000000
vn 1.000000000 0.000000000 0.000000000
vn 0.340937043 -0.940086130 0.000000000
vn -0.777059789 -0.629426791 0.000000000
vn -0.528248404 -0.849089879 0.000000000
vn -0.029280250 -0.999571242 0.000000000
vn 0.316227766 -0.948683298 0.000000000
vn 0.707106822 -0.707106740 0.000000000
vn 0.907310607 -0.420461013 0.000000000
vn -0.146999872 -0.989136511 0.000000000
vn -0.908319441 -0.418277172 0.000000000
vn -1.000000000 0.000000000 0.000000000
vn -0.894427191 -0.447213595 0.000000000
vn -0.578127869 -0.815946179 0.000000000
vn -0.013887549 -0.999903563 0.000000000
vn -0.393919299 -0.919145030 0.000000000
vn -0.707106781 -0.707106781 0.000000000
vn -0.987464762 -0.157839613 0.000000000
vn -0.533402185 0.845861755 0.000000000
vn -0.178885438 0.983869910 0.000000000
vn -0.918347446 0.395775148 0.000000000
vn 0.222479298 -0.974937414 0.000000000
vn -0.982712055 -0.185140533 0.000000000
vn -0.948159794 0.317793967 0.000000000
vn -0.707106781 -0.707106781 0.000000000
vn -0.953077401 0.302726722 0.000000000
vn -0.707106781 0.707106781 0.000000000
vn 0.397506146 0.917599512 0.000000000
vn 0.864011169 -0.503472640 0.000000000
vn 0.862856205 0.505449472 0.000000000
vn -0.948683298 0.316227766 0.000000000
vn -0.460249382 0.887789675 0.000000000
vn 0.341743063 0.939793423 0.000000000
vn 0.000000000 1.000000000 0.000000000
vn -1.000000000 0.000000000 0.000000000
vn -0.306920697 -0.951735092 0.000000000
vn -0.917029089 0.398820324 0.000000000
vn 0.395775148 -0.918347446 0.000000000
vn 0.917070056 -0.398726111 0.000000000
vn -0.237292904 -0.971438149 0.000000000
vn -0.955591271 -0.294695304 0.000000000
vn -0.939793423 0.341743063 0.000000000
vn -0.763386285 0.645942241 0.000000000
vn -0.948683298 0.316227766 0.000000000
vn -0.955285891 0.295683728 0.000000000
vn -0.924616856 -0.380898502 0.000000000
vn -0.465127928 0.885243475 0.000000000
vn 0.242535625 0.970142500 0.000000000
vn -0.380429259 0.924810023 0.000000000
vn -0.908980327 -0.416839017 0.000000000
vn 0.000000000 -1.000000000 0.000000000
vn 0.466294665 -0.884629462 0.000000000
vn 0.948683298 -0.316227766 0.000000000
vn 0.980580676 0.196116135 0.000000000
vn 0.950397129 -0.311039060 0.000000000
vn 0.479841264 -0.877355322 0.000000000
vn -0.707106781 -0.707106781 0.000000000
vn 0.000000000 -1.000000000 0.000000000
vn -0.573462344 -0.819231921 0.000000000
vn 0.133665758 -0.991026470 0.000000000
vn 0.554700196 -0.832050294 0.000000000
vn -0.127278406 -0.991867031 0.000000000
vn 0.277500996 -0.960725350 0.000000000
vn -0.109355705 -0.994002681 0.000000000
vn 0.707106781 -0.707106781 0.000000000
vn 0.164398987 -0.986393924 0.000000000
vn 0.624695048 -0.780868809 0.000000000
vn -0.597183554 -0.802104608 0.000000000
vn -0.966957091 -0.254939179 0.000000000
vn -0.208689958 0.977981851 0.000000000
vn -1.000000000 0.000000000 0.000000000
vn 0.132163720 -0.991227901 0.000000000
vn 1.000000000 0.000000000 0.000000000
vn 0.140028051 0.990147537 0.000000000
vn 0.954353996 0.298677838 0.000000000
vn 0.525714673 -0.850660968 0.000000000
vn 0.218849698 -0.975758582 0.000000000
vn 0.773271369 -0.634075224 0.000000000
vn 0.998911431 -0.046647122 0.000000000
vn 0.973417168 0.229039334 0.000000000
vn 0.987608103 -0.156940228 0.000000000
vn 0.995037190 0.099503719 0.000000000
vn 0.948683298 -0.316227766 0.000000000
vn 0.521224875 -0.853419375 0.000000000
vn -0.268628347 -0.963243900 0.000000000
vn -0.707106781 -0.707106781 0.000000000
vn 0.172590714 -0.984993627 0.000000000
vn 0.524097426 -0.851658317 0.000000000
vn 0.853178866 -0.521618465 0.000000000
vn 1.000000000 0.000000000 0.000000000
vn 0.894427191 0.447213595 0.000000000
vn 0.819682434 0.572818214 0.000000000
vn 0.465941394 0.884815584 0.000000000
vn 0.801830550 0.597551478 0.000000000
vn 0.422304506 0.906454028 0.000000000
vn 0.000000000 1.000000000 0.000000000
vn -0.643681261 0.765293692 0.000000000
vn -0.903508641 0.428569872 0.000000000
vn 0.000000000 1.000000000 0.000000000
vn 0.406138466 0.913811549 0.000000000
vn 0.759555882 0.650442051 0.000000000
vn 0.545221009 0.838292343 0.000000000
vn 0.936329178 0.351123442 0.000000000
vn 1.000000000 0.000000000 0.000000000
vn 0.991635302 -0.129071405 0.000000000
vn 0.986393924 0.164398987 0.000000000
vn 0.826087756 0.563541498 0.000000000
vn 0.071247050 0.997458700 0.000000000
vn 0.707106781 0.707106781 0.000000000
vn 0.995037190 0.099503719 0.000000000
vn 0.707106781 0.707106781 0.000000000
vn 0.092991219 0.995666929 0.000000000
vn -0.854542523 0.519381437 0.000000000
vn 0.678887512 0.734242293 0.000000000
vn 0.477400512 0.878685809 0.000000000
vn 1.000000000 0.000000000 0.000000000
vn 0.447213595 -0.894427191 0.000000000
vn 1.000000000 0.000000000 0.000000000
vn 0.418277125 -0.908319463 0.000000000
vn 0.173785334 -0.984783559 0.000000000
vn 0.000000000 -1.000000000 0.000000000
vn -0.658504608 -0.752576695 0.000000000
vn 0.000000000 -1.000000000 0.000000000
vn 0.276884383 -0.960903241 0.000000000
vn 0.992807947 0.119717918 0.000000000
vn -0.032526502 -0.999470873 0.000000000
vn 0.957008643 -0.290059404 0.000000000
vn 1.000000000 0.000000000 0.000000000
vn 0.536875492 0.843661488 0.000000000
vn 0.837820940 -0.545945119 0.000000000
vn -0.657334508 -0.753598928 0.000000000
vn -0.413802944 -0.910366477 0.000000000
vn -0.457643432 -0.889135810 0.000000000
vn -0.332820118 -0.942990334 0.000000000
vn -0.242535625 -0.970142500 0.000000000
vn 0.032927208 -0.999457752 0.000000000
vn 0.000000000 -1.000000000 0.000000000
vn -0.393919299 -0.919145030 0.000000000
vn 0.000000000 -1.000000000 0.000000000
vn 0.828165722 -0.560483306 0.000000000
vn 0.043437224 -0.999056158 0.000000000
vn 0.025853424 -0.999665744 0.000000000
vn 0.000000000 -1.000000000 0.000000000
vn -0.554700196 -0.832050294 0.000000000
vn 0.000000000 -1.000000000 0.000000000
vn 0.447213595 -0.894427191 0.000000000
vn 0.036120991 -0.999347424 0.000000000
vn 0.000000000 -1.000000000 0.000000000
vn 0.071247050 -0.997458700 0.000000000
vn -0.367761525 -0.929920137 0.000000000
vn 0.000000000 -1.000000000 0.000000000
vn 0.496138938 -0.868243142 0.000000000
vn 0.029616632 -0.999561331 0.000000000
vn 0.000000000 -1.000000000 0.000000000
vn -0.260442804 -0.965489278 0.000000000
vn 0.124034735 -0.992277877 0.000000000
vn 0.447213595 -0.894427191 0.000000000
vn 0.079745222 -0.996815279 0.000000000
vn 0.152057184 -0.988371698 0.000000000
vn 0.199604482 -0.979876549 0.000000000
vn 0.287347886 -0.957826285 0.000000000
vn 0.392565198 -0.919724179 0.000000000
vn 0.469155226 -0.883115719 0.000000000
vn 0.525492881 -0.850797997 0.000000000
vn 0.569209979 -0.822192192 0.000000000
vn 0.406138466 -0.913811549 0.000000000
vn 0.728199993 -0.685364699 0.000000000
vn 0.560620674 -0.828072738 0.000000000
vn 0.567796439 -0.823169001 0.000000000
vn 0.559505429 -0.828826686 0.000000000
vn 0.707106781 0.707106781 0.000000000
vn -0.220942386 0.975286862 0.000000000
vn -0.568940994 0.822378347 0.000000000
vn 0.396736501 0.917932540 0.000000000
vn -0.442473096 0.896781779 0.000000000
vn -1.000000000 0.000000000 0.000000000
vn -0.707106885 0.707106678 0.000000000
vn -0.578747006 0.815507145 0.000000000
vn -0.564492990 0.825437862 0.000000000
vn -0.242535625 0.970142500 0.000000000
vn -0.813733471 0.581238194 0.000000000
vn -0.567732956 0.823212786 0.000000000
vn -0.268628347 0.963243900 0.000000000
vn 0.566916134 0.823775514 0.000000000
vn -0.479841605 0.877355136 0.000000000
vn -0.857492926 0.514495755 0.000000000
vn -0.561122305 0.827732903 0.000000000
vn -0.494953971 0.868919194 0.000000000
vn -0.413802944 0.910366477 0.000000000
vn -0.349109023 0.937082115 0.000000000
vn -0.284970268 0.958536356 0.000000000
vn 0.090535746 0.995893206 0.000000000
vn -0.316227766 0.948683298 0.000000000
vn -0.130454513 0.991454296 0.000000000
vn -0.038433122 0.999261175 0.000000000
vn -0.020300384 0.999793926 0.000000000
vn -0.080815869 0.996729048 0.000000000
vn -0.032591373 0.999468760 0.000000000
vn -0.021500405 0.999768840 0.000000000
vn 0.021733995 0.999763789 0.000000000
vn -0.209529089 0.977802414 0.000000000
vn -0.066519011 0.997785158 0.000000000
vn -0.029399052 0.999567754 0.000000000
vn 0.111663232 0.993746106 0.000000000
vn 0.992807946 0.119717925 0.000000000
vn -0.038433122 0.999261175 0.000000000
vn -0.907319717 0.420441353 0.000000000
vn 0.030673786 0.999529449 0.000000000
vn 0.110431526 0.993883735 0.000000000
vn 0.554700196 0.832050294 0.000000000
vn 0.000000000 1.000000000 0.000000000
vn -0.963243890 0.268628382 0.000000000
vn 0.072126452 0.997395496 0.000000000
vn 0.212429644 0.977176364 0.000000000
vn 0.303203657 0.952925780 0.000000000
vn 0.463254209 0.886225444 0.000000000
vn 0.588171698 0.808736084 0.000000000
vn 0.780868809 0.624695048 0.000000000
vn 0.429933580 0.902860519 0.000000000
vn 0.479501351 0.877541141 0.000000000
vn 0.888354994 -0.459157277 0.000000000
vn 0.429358789 -0.903134005 0.000000000
vn -0.380263101 -0.924878356 0.000000000
vn -0.718498645 -0.695528358 0.000000000
vn -0.462178815 -0.886786752 0.000000000
vn -0.380749805 -0.924678098 0.000000000
vn -0.209529089 -0.977802414 0.000000000
vn -0.088875989 -0.996042699 0.000000000
vn 0.707106918 -0.707106644 0.000000000
vn 0.982699963 0.185204706 0.000000000
vn 0.233113398 -0.972449558 0.000000000
vn -0.995332428 -0.096505739 0.000000000
vn -0.254357176 0.967110349 0.000000000
vn 0.168963815 0.985622255 0.000000000
vn 0.432120180 0.901816029 0.000000000
vn 0.717626322 0.696428361 0.000000000
vn 0.707106781 0.707106781 0.000000000
vn 0.000000000 1.000000000 0.000000000
vn -1.000000000 0.000000000 0.000000000
vn -0.717154806 -0.696913900 0.000000000
vn -0.424907137 -0.905236944 0.000000000
vn -0.168963815 -0.985622255 0.000000000
vn 0.134748442 -0.990879840 0.000000000
vn 0.996545758 0.083045480 0.000000000
vn 0.057730779 0.998332188 0.000000000
vn 0.206010481 0.978549785 0.000000000
vn 0.242535625 0.970142500 0.000000000
vn 0.417500172 0.908676844 0.000000000
vn 0.770474392 -0.637470949 0.000000000
vn 1.000000000 0.000000000 0.000000000
vn 0.857492926 0.514495755 0.000000000
vn 0.919014778 0.394223082 0.000000000
vn 0.000000000 1.000000000 0.000000000
vn -0.967940086 -0.251181189 0.000000000
vn -0.913811549 -0.406138466 0.000000000
vn -0.860926528 -0.508729312 0.000000000
vn -0.963243900 0.268628347 0.000000000
vn -0.707106810 0.707106753 0.000000000
vn -0.404163848 -0.914686604 0.000000000
vn -0.216930458 -0.976187060 0.000000000
vn 0.000000000 -1.000000000 0.000000000
vn -0.707106781 -0.707106781 0.000000000
vn -0.857492926 0.514495755 0.000000000
vn 0.000000000 1.000000000 0.000000000
vn 0.148340453 0.988936353 0.000000000
vn 0.408366060 0.912818252 0.000000000
vn 0.707106781 0.707106781 0.000000000
vn 0.581238194 -0.813733471 0.000000000
vn -0.196116135 -0.980580676 0.000000000
vn 0.514495755 -0.857492926 0.000000000
vn 0.944222664 -0.329307698 0.000000000
vn 0.793456847 0.608626513 0.000000000
vn 0.418277226 0.908319416 0.000000000
vn 0.923591664 0.383377672 0.000000000
vn 0.832050294 0.554700196 0.000000000
vn 0.978319399 -0.207101794 0.000000000
vn -0.789352217 -0.613940614 0.000000000
vn -0.955779009 -0.294085849 0.000000000
vn -0.813733471 -0.581238194 0.000000000
vn 0.707106678 -0.707106885 0.000000000
vn 0.917281456 0.398239539 0.000000000
vn 0.643681291 0.765293666 0.000000000
vn 0.360380733 0.932805300 0.000000000
vn -0.918347446 -0.395775148 0.000000000
vn -0.384375041 -0.923177029 0.000000000
vn -0.932683361 0.360696199 0.000000000
vn -0.633237790 0.773957299 0.000000000
vn 0.405986228 0.913879195 0.000000000
vn 0.803295596 0.595580545 0.000000000
vn 0.362226653 0.932090045 0.000000000
vn 0.502375703 0.864649439 0.000000000
vn 0.995202010 0.097841505 0.000000000
vn -0.510951701 -0.859609422 0.000000000
vn 0.000000000 -1.000000000 0.000000000
vn 0.707106858 -0.707106704 0.000000000
vn 0.848526052 0.529153607 0.000000000
vn 0.707106781 0.707106781 0.000000000
vn 0.802552213 -0.596581885 0.000000000
vn 0.999560215 -0.029654287 0.000000000
vn 0.164398987 0.986393924 0.000000000
vn -0.916617778 0.399764742 0.000000000
vn -0.998752339 0.049937617 0.000000000
vn -0.934997526 0.354654234 0.000000000
vn 0.837610597 0.546267781 0.000000000
vn 0.951222819 0.308504698 0.000000000
vn 0.800000000 0.600000000 0.000000000
vn 0.934487735 0.355995328 0.000000000
vn 0.982616270 0.185648231 0.000000000
vn 0.589742014 -0.807591702 0.000000000
vn 0.115689509 -0.993285426 0.000000000
vn -0.529998940 -0.847998304 0.000000000
vn 0.000000000 -1.000000000 0.000000000
vn 0.608626571 -0.793456802 0.000000000
vn 1.000000000 0.000000000 0.000000000
vn 0.643681291 0.765293666 0.000000000
vn 0.485642931 0.874157276 0.000000000
vn 0.000000000 1.000000000 0.000000000
vn 0.866864880 0.498543157 0.000000000
vn 0.976599926 -0.215064143 0.000000000
vn -0.069794225 -0.997561410 0.000000000
vn 0.000000000 -1.000000000 0.000000000
vn 0.503472747 -0.864011107 0.000000000
vn -0.404456061 -0.914557431 0.000000000
vn -0.542899504 -0.839797671 0.000000000
vn -0.505719500 -0.862697970 0.000000000
vn -0.607450108 -0.794357833 0.000000000
vn -0.420269224 -0.907399460 0.000000000
vn -0.349382449 -0.936980205 0.000000000
vn -0.233372952 -0.972387302 0.000000000
vn -0.152057184 -0.988371698 0.000000000
vn -0.413802944 -0.910366477 0.000000000
vn -0.013620077 -0.999907242 0.000000000
vn 0.083045480 -0.996545758 0.000000000
vn 0.008129813 -0.999966953 0.000000000
vn 0.049235987 -0.998787173 0.000000000
vn 0.015149776 -0.999885236 0.000000000
vn 0.113546591 -0.993532673 0.000000000
vn 0.185407859 -0.982661654 0.000000000
vn 0.242535625 -0.970142500 0.000000000
vn 0.334409845 -0.942427745 0.000000000
vn 0.389639991 -0.920967251 0.000000000
vn 0.474099823 -0.880471100 0.000000000
vn 0.927912156 -0.372798913 0.000000000
vn 0.793456847 0.608626513 0.000000000
vn 0.000000000 1.000000000 0.000000000
vn -0.503871026 0.863778901 0.000000000
vn -0.406138466 0.913811549 0.000000000
vn -0.291161616 0.956673880 0.000000000
vn -0.224859507 0.974391196 0.000000000
vn -0.099503719 0.995037190 0.000000000
vn 0.000000000 1.000000000 0.000000000
vn 0.432813908 0.901483289 0.000000000
vn -0.832050294 0.554700196 0.000000000
vn -0.040507267 0.999179244 0.000000000
vn 0.000000000 1.000000000 0.000000000
vn 0.447213595 0.894427191 0.000000000
vn 0.000000000 1.000000000 0.000000000
vn -0.514495755 0.857492926 0.000000000
vn -0.050781853 0.998709769 0.000000000
vn 0.000000000 1.000000000 0.000000000
vn 0.447213595 0.894427191 0.000000000
vn 0.000000000 1.000000000 0.000000000
vn -0.447213595 0.894427191 0.000000000
vn -0.083045480 0.996545758 0.000000000
vn -0.014578731 0.999893725 0.000000000
vn 0.447213595 0.894427191 0.000000000
vn 0.000000000 1.000000000 0.000000000
vn -0.514495755 0.857492926 0.000000000
vn -0.019764537 0.999804662 0.000000000
vn 0.096765974 0.995307162 0.000000000
vn 0.196116135 0.980580676 0.000000000
vn 0.707106781 0.707106781 0.000000000
vn 0.000000000 1.000000000 0.000000000
vn 0.184288535 0.982872187 0.000000000
vn 0.268798968 0.963196301 0.000000000
vn 0.316227766 0.948683298 0.000000000
vn 0.600000000 0.800000000 0.000000000
vn 0.090535746 0.995893206 0.000000000
vn 0.351123442 0.936329178 0.000000000
vn 0.436273507 0.899814107 0.000000000
vn 0.886121880 0.463452278 0.000000000
vn 0.380429281 0.924810014 0.000000000
vn -0.164398987 0.986393924 0.000000000
vn 0.447213595 0.894427191 0.000000000
vn 0.515849761 0.856679067 0.000000000
vn 0.806404996 0.591363664 0.000000000
vn -0.507713976 -0.861525692 0.000000000
vn -0.422885465 -0.906183140 0.000000000
vn -0.584304726 -0.811534341 0.000000000
vn -0.392286095 -0.919843258 0.000000000
vn -0.216930458 -0.976187060 0.000000000
vn -0.066519011 -0.997785158 0.000000000
vn -0.213696879 -0.976900017 0.000000000
vn -0.034462276 -0.999405999 0.000000000
vn 0.043325967 -0.999060989 0.000000000
vn 0.009587940 -0.999954035 0.000000000
vn 1.000000000 0.000000000 0.000000000
vn 0.000000000 1.000000000 0.000000000
vn -0.031480453 0.999504368 0.000000000
vn -0.061422269 0.998111870 0.000000000
vn 0.033711683 0.999431600 0.000000000
vn 0.213696879 0.976900017 0.000000000
vn 0.066519011 0.997785158 0.000000000
vn 0.215177531 0.976574949 0.000000000
vn 0.341743063 0.939793423 0.000000000
vn 0.393919299 0.919145030 0.000000000
vn 0.611447501 0.791285001 0.000000000
vn 0.406138466 0.913811549 0.000000000
vn 0.502417365 0.864625232 0.000000000
vn 0.554700196 0.832050294 0.000000000
vn 0.000000000 1.000000000 0.000000000
vn -1.000000000 0.000000000 0.000000000
vn -0.550453750 -0.834865659 0.000000000
vn 0.159947161 0.987125578 0.000000000
vn 0.522044711 0.852918120 0.000000000
vn 0.137568371 0.990492273 0.000000000
vn 0.915870642 0.401473495 0.000000000
vn 0.586509812 0.809942122 0.000000000
vn 0.771629151 0.636072679 0.000000000
vn 0.648466456 0.761243230 0.000000000
vn 0.820905202 0.571064488 0.000000000
vn 0.430964383 0.902368938 0.000000000
vn -0.611809873 0.791004855 0.000000000
vn 0.771930236 0.635707253 0.000000000
vn -0.316227766 0.948683298 0.000000000
vn 0.678280103 0.734803445 0.000000000
vn 0.569209979 0.822192192 0.000000000
vn 0.422885465 0.906183140 0.000000000
vn 0.707106781 0.707106781 0.000000000
vn 0.989337214 0.145642980 0.000000000
vn 0.894427191 -0.447213595 0.000000000
vn 1.000000000 0.000000000 0.000000000
vn 0.894427191 -0.447213595 0.000000000
vn 0.991026470 -0.133665758 0.000000000
vn 0.948683298 0.316227766 0.000000000
vn 0.707106781 0.707106781 0.000000000
vn 0.042670202 0.999089212 0.000000000
vn -0.151510438 0.988455658 0.000000000
vn 0.284141626 0.958782320 0.000000000
vn 0.224859507 0.974391196 0.000000000
vn 0.973680488 0.227917325 0.000000000
vn -0.154308155 -0.988022770 0.000000000
vn 0.554700196 -0.832050294 0.000000000
vn -0.336336397 -0.941741912 0.000000000
vn 0.000000000 -1.000000000 0.000000000
vn 0.991687235 -0.128671788 0.000000000
vn 0.707106781 0.707106781 0.000000000
vn 0.257662651 0.966234940 0.000000000
vn 0.707106781 0.707106781 0.000000000
vn 0.967971521 -0.251060020 0.000000000
vn -0.237085471 -0.971488795 0.000000000
vn -0.120731977 -0.992685141 0.000000000
vn -0.483077343 -0.875577684 0.000000000
vn -0.813733471 -0.581238194 0.000000000
vn -0.447213595 -0.894427191 0.000000000
vn 0.371390676 -0.928476691 0.000000000
vn -0.514495755 -0.857492926 0.000000000
vn -0.927315396 -0.374280852 0.000000000
vn -0.998509153 -0.054584539 0.000000000
vn -0.135848632 -0.990729604 0.000000000
vn -0.050954132 -0.998700994 0.000000000
vn -0.034933073 -0.999389654 0.000000000
vn -0.043169595 -0.999067759 0.000000000
vn -0.066519011 -0.997785158 0.000000000
vn -0.371390676 -0.928476691 0.000000000
vn -0.785615211 -0.618715395 0.000000000
vn -0.997785158 -0.066519011 0.000000000
vn -0.707106781 -0.707106781 0.000000000
vn 0.000000000 -1.000000000 0.000000000
vn 0.999492040 0.031869438 0.000000000
vn 1.000000000 0.000000000 0.000000000
vn 0.961523948 -0.274721128 0.000000000
vn 0.868243142 -0.496138938 0.000000000
vn 0.707106769 -0.707106793 0.000000000
vn 0.447213595 -0.894427191 0.000000000
vn 0.209529089 -0.977802414 0.000000000
vn 0.029291455 -0.999570913 0.000000000
vn 0.012657214 -0.999919894 0.000000000
vn 0.478425211 -0.878128303 0.000000000
vn 0.973952339 -0.226752821 0.000000000
vn 0.962964020 -0.269629926 0.000000000
vn 0.985211755 -0.171341175 0.000000000
vn 0.972964163 -0.230956140 0.000000000
vn 0.970142500 -0.242535625 0.000000000
vn 0.554700196 -0.832050294 0.000000000
vn 1.000000000 0.000000000 0.000000000
vn 0.707106781 0.707106781 0.000000000
vn -0.264859090 0.964287127 0.000000000
vn -0.989949494 -0.141421356 0.000000000
vn -0.976187060 0.216930458 0.000000000
vn -0.972451307 0.233106104 0.000000000
vn 0.000000000 1.000000000 0.000000000
vn -0.447213595 0.894427191 0.000000000
vn -0.468637796 0.883390410 0.000000000
vn -0.043437224 0.999056158 0.000000000
vn 0.000000000 1.000000000 0.000000000
vn 0.971527050 0.236928661 0.000000000
vn -0.015149776 0.999885236 0.000000000
vn -0.924810014 0.380429281 0.000000000
vn -0.428569967 0.903508596 0.000000000
vn -0.047127931 0.998888862 0.000000000
vn 0.354915174 0.934898507 0.000000000
vn 0.345705359 0.938343117 0.000000000
vn 0.970771918 -0.240003922 0.000000000
vn 0.652878728 0.757462452 0.000000000
vn 0.919145030 -0.393919299 0.000000000
vn -0.159541636 -0.987191201 0.000000000
vn 0.933002490 -0.359869911 0.000000000
vn 0.459031543 0.888419970 0.000000000
vn 0.891441604 -0.453135595 0.000000000
vn -0.357806546 -0.933795736 0.000000000
vn -0.099503719 -0.995037190 0.000000000
vn -0.393919299 -0.919145030 0.000000000
vn -0.707106781 -0.707106781 0.000000000
vn 0.000000000 -1.000000000 0.000000000
vn 0.986393924 -0.164398987 0.000000000
vn 0.411262351 0.911517020 0.000000000
vn -0.919145030 0.393919299 0.000000000
vn 0.402738614 0.915315032 0.000000000
vn 0.964392639 -0.264474644 0.000000000
vn 0.355553978 0.934655749 0.000000000
vn -0.430964319 0.902368969 0.000000000
vn -0.970142500 0.242535625 0.000000000
vn -0.597183667 0.802104525 0.000000000
vn 0.413802944 0.910366477 0.000000000
vn 0.995267896 -0.097169000 0.000000000
vn 0.164398987 0.986393924 0.000000000
vn -0.839804619 0.542888757 0.000000000
vn 0.316227766 0.948683298 0.000000000
vn 0.428569936 0.903508611 0.000000000
vn 0.972128520 -0.234448586 0.000000000
vn 0.349449727 0.936955115 0.000000000
vn 0.181627025 0.983367492 0.000000000
vn -0.873115019 0.487514271 0.000000000
vn 0.376513937 0.926410954 0.000000000
vn 0.877355179 0.479841525 0.000000000
vn 0.707106678 -0.707106885 0.000000000
vn 0.128671788 0.991687235 0.000000000
vn -0.963243890 0.268628382 0.000000000
vn 0.295661860 0.955292659 0.000000000
vn 0.428569936 0.903508611 0.000000000
vn 0.916617794 -0.399764705 0.000000000
vn 0.944222651 0.329307738 0.000000000
vn 0.355651362 0.934618697 0.000000000
vn 0.147465546 0.989067193 0.000000000
vn -0.973925235 0.226869208 0.000000000
vn -0.209951220 0.977711862 0.000000000
vn 0.351123442 0.936329178 0.000000000
vn 0.707106781 0.707106781 0.000000000
vn 0.802104525 -0.597183667 0.000000000
vn 0.335027944 0.942208192 0.000000000
vn -0.874157276 0.485642931 0.000000000
vn -0.902368904 -0.430964454 0.000000000
vn 0.000000000 -1.000000000 0.000000000
vn -0.351123442 -0.936329178 0.000000000
vn -0.919741659 -0.392524241 0.000000000
vn -0.383393842 -0.923584951 0.000000000
vn -0.930446041 0.366428936 0.000000000
vn 0.487514222 0.873115046 0.000000000
vn 0.343981467 0.938976438 0.000000000
vn 0.172590706 0.984993628 0.000000000
vn -1.000000000 0.000000000 0.000000000
vn -0.340941148 -0.940084642 0.000000000
vn -0.533402074 -0.845861826 0.000000000
vn -0.802104671 0.597183470 0.000000000
vn 0.332162095 0.943222319 0.000000000
vn 0.802104587 0.597183583 0.000000000
vn 0.935601719 -0.353057252 0.000000000
vn 0.975286868 0.220942357 0.000000000
vn 0.000000000 1.000000000 0.000000000
vn -0.611809873 0.791004855 0.000000000
vn 0.351424300 0.936216300 0.000000000
vn 0.707106781 0.707106781 0.000000000
vn -0.526025722 0.850468659 0.000000000
vn -0.928476691 -0.371390676 0.000000000
vn -0.907959385 0.419058177 0.000000000
vn -0.800000000 -0.600000000 0.000000000
vn -0.938876316 0.344254649 0.000000000
vn -0.807591702 0.589742014 0.000000000
vn 0.356644685 0.934240102 0.000000000
vn 0.421111306 0.907008968 0.000000000
vn 0.351123442 0.936329178 0.000000000
vn 0.000000000 1.000000000 0.000000000
vn -0.991687233 0.128671796 0.000000000
vn -0.707106781 -0.707106781 0.000000000
vn -0.229039334 -0.973417168 0.000000000
vn -0.378632846 -0.925546956 0.000000000
vn -0.533402074 -0.845861826 0.000000000
vn -0.941470605 -0.337095091 0.000000000
vn -0.930408393 0.366524518 0.000000000
vn 0.660416647 0.750899362 0.000000000
vn 0.707106835 -0.707106728 0.000000000
vn -0.678117119 -0.734953858 0.000000000
vn -0.391054476 -0.920367533 0.000000000
vn 1.000000000 0.000000000 0.000000000
vn 0.707106781 0.707106781 0.000000000
vn 0.664363839 0.747409319 0.000000000
vn -0.207807013 0.978169845 0.000000000
vn -0.896228927 0.443591829 0.000000000
vn -0.744041870 -0.668132992 0.000000000
vn -0.676518783 -0.736425377 0.000000000
vn -0.196116135 -0.980580676 0.000000000
vn -0.942482659 0.334255048 0.000000000
vn -0.460249382 0.887789675 0.000000000
vn 0.328520625 0.944496797 0.000000000
vn 0.000000000 1.000000000 0.000000000
vn -0.399764669 0.916617810 0.000000000
vn -0.949981940 0.312304842 0.000000000
vn -0.707106801 0.707106761 0.000000000
vn -0.062378286 0.998052578 0.000000000
vn 0.056772391 0.998387147 0.000000000
vn 0.340937132 0.940086098 0.000000000
vn 0.999504813 0.031466297 0.000000000
vn -0.015116243 0.999885743 0.000000000
vn 0.600000000 0.800000000 0.000000000
vn 0.000000000 1.000000000 0.000000000
vn 0.287347886 0.957826285 0.000000000
vn 0.000000000 1.000000000 0.000000000
vn -0.507279580 0.861781543 0.000000000
vn -0.874157276 0.485642931 0.000000000
vn -1.000000000 0.000000000 0.000000000
vn -0.132419092 0.991193818 0.000000000
vn 0.999527745 0.030729264 0.000000000
vn 0.000000000 1.000000000 0.000000000
vn 0.393919299 0.919145030 0.000000000
vn 0.560848145 0.827918690 0.000000000
vn 0.129339184 0.991600411 0.000000000
vn 0.802104587 0.597183583 0.000000000
vn 0.911921505 -0.410364677 0.000000000
vn 0.862211147 -0.506549049 0.000000000
vn 1.000000000 0.000000000 0.000000000
vn 0.587370882 0.809317890 0.000000000
vn 0.000000000 1.000000000 0.000000000
vn -0.707106704 0.707106858 0.000000000
vn -0.866906303 0.498471124 0.000000000
vn -0.832050294 -0.554700196 0.000000000
vn -0.294695494 0.955591213 0.000000000
vn 0.496138938 0.868243142 0.000000000
vn 0.977562148 -0.210647210 0.000000000
vn 0.000000000 1.000000000 0.000000000
vn -0.859303699 0.511465691 0.000000000
vn -0.924578943 0.380990523 0.000000000
vn 0.000000000 -1.000000000 0.000000000
vn 0.882066984 -0.471124013 0.000000000
vn 0.294695245 -0.955591289 0.000000000
vn -0.591363664 -0.806404996 0.000000000
vn -0.707106644 0.707106918 0.000000000
vn 0.338090760 0.941113510 0.000000000
vn -0.707106704 0.707106858 0.000000000
vn -0.832050294 0.554700196 0.000000000
vn -0.938343117 0.345705359 0.000000000
vn -1.000000000 0.000000000 0.000000000
vn 0.000000000 -1.000000000 0.000000000
vn 0.943340168 -0.331827257 0.000000000
vn -0.972449558 -0.233113398 0.000000000
vn -0.927812126 0.373047798 0.000000000
vn 0.000000000 1.000000000 0.000000000
vn -0.430329231 0.902672007 0.000000000
vn -0.728111019 0.685459222 0.000000000
vn 0.130694774 0.991422653 0.000000000
vn 0.495132530 0.868817459 0.000000000
vn 0.514495755 0.857492926 0.000000000
vn 0.785615203 0.618715406 0.000000000
vn 0.979496233 -0.201462478 0.000000000
vn 0.862415784 -0.506200569 0.000000000
vn 0.807591612 -0.589742136 0.000000000
vn 0.000000000 -1.000000000 0.000000000
vn -0.535732787 -0.844387577 0.000000000
vn 0.707106781 -0.707106781 0.000000000
vn 0.853796176 -0.520607424 0.000000000
vn 0.986393924 -0.164398987 0.000000000
vn 0.873184790 -0.487389292 0.000000000
vn 0.000000000 1.000000000 0.000000000
vn -0.881611665 0.471975499 0.000000000
vn 0.411402064 0.911453971 0.000000000
vn -0.878707048 0.477361419 0.000000000
vn 0.048757441 0.998810649 0.000000000
vn -0.871348334 0.490664938 0.000000000
vn -0.460249382 0.887789675 0.000000000
vn 0.569209979 0.822192192 0.000000000
vn 0.863799990 -0.503834871 0.000000000
vn 0.754349802 -0.656472677 0.000000000
vn 0.124034735 -0.992277877 0.000000000
vn 0.707106822 -0.707106740 0.000000000
vn 0.889817463 -0.456316648 0.000000000
vn 0.732793492 -0.680451099 0.000000000
vn 0.902134222 -0.431455497 0.000000000
vn 0.981050131 -0.193754070 0.000000000
vn -0.091629510 -0.995793168 0.000000000
vn 0.937152150 -0.348920976 0.000000000
vn 0.294695245 -0.955591289 0.000000000
vn -0.236351579 -0.971667603 0.000000000
vn -0.204863154 0.978790625 0.000000000
vn -0.918347446 0.395775148 0.000000000
vn 0.215790042 -0.976439787 0.000000000
vn 1.000000000 0.000000000 0.000000000
vn 0.338321634 0.941030537 0.000000000
vn 0.925602122 -0.378497967 0.000000000
vn -0.359264214 -0.933235889 0.000000000
vn 0.000000000 -1.000000000 0.000000000
vn 0.900521955 -0.434810542 0.000000000
vn 0.863720938 0.503970378 0.000000000
vn 0.961523948 -0.274721128 0.000000000
vn 0.820649864 0.571431361 0.000000000
vn -0.240003922 0.970771918 0.000000000
vn 0.295661860 0.955292659 0.000000000
vn 0.351702650 0.936111770 0.000000000
vn 0.209951047 -0.977711899 0.000000000
vn -0.353011756 -0.935618886 0.000000000
vn 0.558488210 -0.829512459 0.000000000
vn -0.316227766 -0.948683298 0.000000000
vn -0.554700196 -0.832050294 0.000000000
vn 0.000000000 -1.000000000 0.000000000
vn -0.371390676 -0.928476691 0.000000000
vn -0.707106781 -0.707106781 0.000000000
vn -0.341743063 -0.939793423 0.000000000
vn -0.933150332 0.359486380 0.000000000
vn 0.201249326 0.979540050 0.000000000
vn 0.366702648 0.930338201 0.000000000
vn 0.990147537 0.140028051 0.000000000
vn 0.268628382 0.963243890 0.000000000
vn 0.931149416 -0.364637854 0.000000000
vn 0.597183470 -0.802104671 0.000000000
vn -0.330720560 -0.943728728 0.000000000
vn 0.951640004 -0.307215402 0.000000000
vn 0.902368938 0.430964383 0.000000000
vn 0.498543157 0.866864880 0.000000000
vn 0.956850550 -0.290580495 0.000000000
vn 0.084958279 -0.996384509 0.000000000
vn -0.368048451 -0.929806613 0.000000000
vn 0.000000000 -1.000000000 0.000000000
vn -0.447213595 -0.894427191 0.000000000
vn 0.338090949 -0.941113442 0.000000000
vn -0.337377234 -0.941369535 0.000000000
vn -0.554700196 -0.832050294 0.000000000
vn -0.327772702 -0.944756612 0.000000000
vn -0.947362964 0.320161545 0.000000000
vn 0.174559364 0.984646652 0.000000000
vn 0.351123442 0.936329178 0.000000000
vn 0.986590908 -0.163212687 0.000000000
vn -0.707106781 -0.707106781 0.000000000
vn -0.348827755 -0.937186853 0.000000000
vn 1.000000000 0.000000000 0.000000000
vn 0.571431361 0.820649864 0.000000000
vn 0.348873446 0.937169845 0.000000000
vn 0.936329178 -0.351123442 0.000000000
vn -0.455357783 -0.890308536 0.000000000
vn 0.958302049 -0.285757208 0.000000000
vn 0.503472680 0.864011146 0.000000000
vn 0.926410959 -0.376513924 0.000000000
vn 0.924013561 -0.382359699 0.000000000
vn -0.351811824 -0.936070746 0.000000000
vn -0.955591271 -0.294695304 0.000000000
vn -0.948683298 0.316227766 0.000000000
vn -0.928476691 0.371390676 0.000000000
vn -0.707106781 0.707106781 0.000000000
vn 0.295661860 0.955292659 0.000000000
vn 0.358979079 0.933345606 0.000000000
vn 0.997680605 -0.068069163 0.000000000
vn 0.209951047 -0.977711899 0.000000000
vn -0.351123442 -0.936329178 0.000000000
vn -0.958482273 0.285152122 0.000000000
vn -0.402954284 -0.915220107 0.000000000
vn 0.000000000 -1.000000000 0.000000000
vn 0.953025682 -0.302889500 0.000000000
vn 0.294695245 -0.955591289 0.000000000
vn -0.352921694 -0.935652862 0.000000000
vn -0.943945994 0.330099926 0.000000000
vn -0.707106781 0.707106781 0.000000000
vn 0.295661860 0.955292659 0.000000000
vn 0.348045581 0.937477612 0.000000000
vn 0.802104587 0.597183583 0.000000000
vn 0.945686599 -0.325079769 0.000000000
vn -0.668793871 -0.743447886 0.000000000
vn -0.910366477 0.413802944 0.000000000
vn 0.599374522 0.800468726 0.000000000
vn 0.734099440 0.679041982 0.000000000
vn 1.000000000 0.000000000 0.000000000
vn -0.396736422 -0.917932574 0.000000000
vn -0.995332429 0.096505733 0.000000000
vn 0.479841525 0.877355179 0.000000000
vn 0.994863755 0.101223064 0.000000000
vn 0.862856186 0.505449505 0.000000000
vn -0.418277183 -0.908319436 0.000000000
vn -0.707106781 0.707106781 0.000000000
vn 1.000000000 0.000000000 0.000000000
vn -0.707106781 -0.707106781 0.000000000
vn -0.707106178 0.707107385 0.000000000
vn 0.862856186 0.505449505 0.000000000
vn -0.418277183 -0.908319436 0.000000000
vn -0.707106781 0.707106781 0.000000000
vn 0.533402082 0.845861820 0.000000000
vn -0.233113398 -0.972449558 0.000000000
vn -0.707106781 0.707106781 0.000000000
vn 0.533402082 0.845861820 0.000000000
vn -0.233113398 -0.972449558 0.000000000
vn -0.707106781 0.707106781 0.000000000
vn 0.533402082 0.845861820 0.000000000
vn -0.233113398 -0.972449558 0.000000000
vn -0.707106781 0.707106781 0.000000000
vn 0.533402082 0.845861820 0.000000000
vn -0.233113398 -0.972449558 0.000000000
vn -0.707106781 0.707106781 0.000000000
vn 0.233113398 -0.972449558 0.000000000
vn -0.514495755 -0.857492926 0.000000000
vn -0.233113398 0.972449558 0.000000000
vn 0.514495755 0.857492926 0.000000000
vn -0.339813564 -0.940492818 0.000000000
vn -0.772469595 -0.635051750 0.000000000
vn -0.934487735 0.355995328 0.000000000
vn -0.533402147 0.845861779 0.000000000
vn 0.355217761 0.934783581 0.000000000
vn 0.845861807 0.533402103 0.000000000
vn 0.938343117 -0.345705359 0.000000000
vn 0.807591612 -0.589742136 0.000000000
vn 0.162525589 -0.986704329 0.000000000
vn -0.349109023 -0.937082115 0.000000000
vn -0.986704326 -0.162525607 0.000000000
vn -0.928476691 0.371390676 0.000000000
vn -0.581238194 0.813733471 0.000000000
vn 0.353108602 0.935582340 0.000000000
vn 0.707106781 0.707106781 0.000000000
vn 1.000000000 0.000000000 0.000000000
vn 0.928476691 -0.371390676 0.000000000
vn -0.334820348 -0.942281982 0.000000000
vn -0.475561009 -0.879682742 0.000000000
vn -0.941664582 0.336552840 0.000000000
vn -0.785615243 0.618715354 0.000000000
vn 0.226869195 0.973925237 0.000000000
vn 0.367327279 0.930091753 0.000000000
vn 0.977039505 0.213058219 0.000000000
vn 0.938343117 -0.345705359 0.000000000
vn 0.707106716 -0.707106846 0.000000000
vn 0.132418988 -0.991193832 0.000000000
vn -0.353892097 -0.935286257 0.000000000
vn -0.618715395 -0.785615211 0.000000000
vn -0.923052522 0.384673941 0.000000000
vn -0.273104133 0.961984476 0.000000000
vn 0.369459573 0.929246805 0.000000000
vn 0.963243900 0.268628347 0.000000000
vn 0.934487735 -0.355995328 0.000000000
vn -0.344987689 -0.938607210 0.000000000
vn -0.941359918 0.337404067 0.000000000
vn -0.268628347 0.963243900 0.000000000
vn 0.341743063 0.939793423 0.000000000
vn 0.955447196 0.295162082 0.000000000
vn 0.318256681 0.948004581 0.000000000
vn 0.959285558 -0.282437990 0.000000000
vn 0.807591612 -0.589742136 0.000000000
vn -0.486294867 -0.873794771 0.000000000
vn -0.849089857 0.528248440 0.000000000
vn 0.929224946 -0.369514546 0.000000000
vn 0.613940614 0.789352217 0.000000000
vn 0.000000000 1.000000000 0.000000000
vn 0.894427191 -0.447213595 0.000000000
vn -0.908319436 -0.418277183 0.000000000
vn -0.843661488 0.536875492 0.000000000
vn 0.908319436 0.418277183 0.000000000
vn 0.843661488 -0.536875492 0.000000000
vn -0.908319436 -0.418277183 0.000000000
vn -0.813733471 0.581238194 0.000000000
vn 0.908319436 0.418277183 0.000000000
vn 0.813733471 -0.581238194 0.000000000
vn 1.000000000 0.000000000 0.000000000
vn -0.707106781 -0.707106781 0.000000000
vn -0.707106178 0.707107385 0.000000000
vn -0.908319436 -0.418277183 0.000000000
vn -0.813733471 0.581238194 0.000000000
vn 0.908319436 0.418277183 0.000000000
vn 0.813733471 -0.581238194 0.000000000
vn 1.000000000 0.000000000 0.000000000
vn -0.707106781 -0.707106781 0.000000000
vn -0.707106178 0.707107385 0.000000000
vn 1.000000000 0.000000000 0.000000000
vn -0.707106781 -0.707106781 0.000000000
vn -0.707106178 0.707107385 0.000000000
vn 1.000000000 0.000000000 0.000000000
vn -0.707106781 -0.707106781 0.000000000
vn -0.707106178 0.707107385 0.000000000
vn 0.505449505 -0.862856186 0.000000000
vn -0.908319436 0.418277183 0.000000000
vn 0.707106781 0.707106781 0.000000000
vn 1.000000000 0.000000000 0.000000000
vn -0.707106781 -0.707106781 0.000000000
vn -0.707106178 0.707107385 0.000000000
vn -0.908319436 -0.418277183 0.000000000
vn -0.813733471 0.581238194 0.000000000
vn 0.908319436 0.418277183 0.000000000
vn 0.813733471 -0.581238194 0.000000000
vn 1.000000000 0.000000000 0.000000000
vn -0.707106781 -0.707106781 0.000000000
vn -0.707106178 0.707107385 0.000000000
vn 0.505449505 -0.862856186 0.000000000
vn -0.908319436 0.418277183 0.000000000
vn 0.707106781 0.707106781 0.000000000
vn 1.000000000 0.000000000 0.000000000
vn -0.707106781 -0.707106781 0.000000000
vn -0.707106178 0.707107385 0.000000000
vn -0.908319436 -0.418277183 0.000000000
vn -0.813733471 0.581238194 0.000000000
vn 0.908319436 0.418277183 0.000000000
vn 0.813733471 -0.581238194 0.000000000
vn 1.000000000 0.000000000 0.000000000
vn -0.707106781 -0.707106781 0.000000000
vn -0.707106178 0.707107385 0.000000000
vn 1.000000000 0.000000000 0.000000000
vn -0.707106781 -0.707106781 0.000000000
vn -0.707106178 0.707107385 0.000000000
vn 0.505449505 -0.862856186 0.000000000
vn -0.908319436 0.418277183 0.000000000
vn 0.707106781 0.707106781 0.000000000
vn 0.505449505 -0.862856186 0.000000000
vn -0.908319436 0.418277183 0.000000000
vn 0.707106781 0.707106781 0.000000000
vn 1.000000000 0.000000000 0.000000000
vn -0.707106781 -0.707106781 0.000000000
vn -0.707106178 0.707107385 0.000000000
vn -0.908319436 -0.418277183 0.000000000
vn -0.813733471 0.581238194 0.000000000
vn 0.908319436 0.418277183 0.000000000
vn 0.813733471 -0.581238194 0.000000000
vn 1.000000000 0.000000000 0.000000000
vn -0.707106781 -0.707106781 0.000000000
vn -0.707106178 0.707107385 0.000000000
vn 1.000000000 0.000000000 0.000000000
vn -0.707106781 -0.707106781 0.000000000
vn -0.707106178 0.707107385 0.000000000
vn 0.505449505 -0.862856186 0.000000000
vn -0.908319436 0.418277183 0.000000000
vn 0.707106781 0.707106781 0.000000000
vn -0.908319436 -0.418277183 0.000000000
vn -0.813733471 0.581238194 0.000000000
vn 0.908319436 0.418277183 0.000000000
vn 0.813733471 -0.581238194 0.000000000
vn 1.000000000 0.000000000 0.000000000
vn -0.707106781 -0.707106781 0.000000000
vn -0.707106178 0.707107385 0.000000000
vn 1.000000000 0.000000000 0.000000000
vn -0.707106781 -0.707106781 0.000000000
vn -0.707106178 0.707107385 0.000000000
vn 1.000000000 0.000000000 0.000000000
vn -0.707106781 -0.707106781 0.000000000
vn -0.707106178 0.707107385 0.000000000
vn 0.505449505 -0.862856186 0.000000000
vn -0.908319436 0.418277183 0.000000000
vn 0.707106781 0.707106781 0.000000000
vn 0.505449505 -0.862856186 0.000000000
vn -0.908319436 0.418277183 0.000000000
vn 0.707106781 0.707106781 0.000000000
vn -0.908319436 -0.418277183 0.000000000
vn -0.813733471 0.581238194 0.000000000
vn 0.908319436 0.418277183 0.000000000
vn 0.813733471 -0.581238194 0.000000000
vn 1.000000000 0.000000000 0.000000000
vn -0.707106781 -0.707106781 0.000000000
vn -0.707106178 0.707107385 0.000000000
vn 1.000000000 0.000000000 0.000000000
vn -0.707106781 -0.707106781 0.000000000
vn -0.707106178 0.707107385 0.000000000
vn 1.000000000 0.000000000 0.000000000
vn -0.707106781 -0.707106781 0.000000000
vn -0.707106178 0.707107385 0.000000000
vn -0.908319436 -0.418277183 0.000000000
vn -0.813733471 0.581238194 0.000000000
vn 0.908319436 0.418277183 0.000000000
vn 0.813733471 -0.581238194 0.000000000
vn 1.000000000 0.000000000 0.000000000
vn -0.707106781 -0.707106781 0.000000000
vn -0.707106178 0.707107385 0.000000000
vn 0.505449505 -0.862856186 0.000000000
vn -0.908319436 0.418277183 0.000000000
vn 0.707106781 0.707106781 0.000000000
vn 0.294695245 -0.955591289 0.000000000
vn -0.521224900 -0.853419360 0.000000000
vn -0.849688128 0.527285582 0.000000000
vn 0.591363664 0.806404996 0.000000000
vn 0.904210504 -0.427087068 0.000000000
vn -0.908319436 -0.418277183 0.000000000
vn -0.813733471 0.581238194 0.000000000
vn 0.908319436 0.418277183 0.000000000
vn 0.813733471 -0.581238194 0.000000000
vn -0.908319436 -0.418277183 0.000000000
vn -0.813733471 0.581238194 0.000000000
vn 0.908319436 0.418277183 0.000000000
vn 0.813733471 -0.581238194 0.000000000
vn 0.505449505 -0.862856186 0.000000000
vn -0.908319436 0.418277183 0.000000000
vn 0.707106781 0.707106781 0.000000000
vn -0.908319436 -0.418277183 0.000000000
vn -0.813733471 0.581238194 0.000000000
vn 0.908319436 0.418277183 0.000000000
vn 0.813733471 -0.581238194 0.000000000
vn 1.000000000 0.000000000 0.000000000
vn -0.707106781 -0.707106781 0.000000000
vn -0.707106178 0.707107385 0.000000000
vn 1.000000000 0.000000000 0.000000000
vn -0.707106781 -0.707106781 0.000000000
vn -0.707106178 0.707107385 0.000000000
vn -0.930254739 0.366914322 0.000000000
vn -0.294695494 0.955591213 0.000000000
vn 0.960019823 -0.279932026 0.000000000
vn 0.846232840 -0.532813270 0.000000000
vn 0.505449505 -0.862856186 0.000000000
vn -0.908319436 0.418277183 0.000000000
vn 0.707106781 0.707106781 0.000000000
vn 1.000000000 0.000000000 0.000000000
vn -0.707106781 -0.707106781 0.000000000
vn -0.707106178 0.707107385 0.000000000
vn 0.505449505 -0.862856186 0.000000000
vn -0.908319436 0.418277183 0.000000000
vn 0.707106781 0.707106781 0.000000000
vn -0.987125578 0.159947161 0.000000000
vn -0.850265147 0.526354615 0.000000000
vn 0.970942249 -0.239313912 0.000000000
vn 0.806404996 -0.591363664 0.000000000
vn 0.505449505 -0.862856186 0.000000000
vn -0.908319436 0.418277183 0.000000000
vn 0.707106781 0.707106781 0.000000000
vn 0.505449505 -0.862856186 0.000000000
vn -0.908319436 0.418277183 0.000000000
vn 0.707106781 0.707106781 0.000000000
vn 0.505449505 -0.862856186 0.000000000
vn -0.908319436 0.418277183 0.000000000
vn 0.707106781 0.707106781 0.000000000
vn 0.505449505 -0.862856186 0.000000000
vn -0.908319436 0.418277183 0.000000000
vn 0.707106781 0.707106781 0.000000000
vn 0.845861820 -0.533402082 0.000000000
vn -0.972449558 0.233113398 0.000000000
vn 0.707106781 0.707106781 0.000000000
vn 0.505449505 -0.862856186 0.000000000
vn -0.908319436 0.418277183 0.000000000
vn 0.707106781 0.707106781 0.000000000
vn 0.505449505 -0.862856186 0.000000000
vn -0.908319436 0.418277183 0.000000000
vn 0.707106781 0.707106781 0.000000000
vn 0.845861820 -0.533402082 0.000000000
vn -0.972449558 0.233113398 0.000000000
vn 0.707106781 0.707106781 0.000000000
vn 0.845861820 -0.533402082 0.000000000
vn -0.972449558 0.233113398 0.000000000
vn 0.707106781 0.707106781 0.000000000
vn 0.505449505 -0.862856186 0.000000000
vn -0.908319436 0.418277183 0.000000000
vn 0.707106781 0.707106781 0.000000000
vn 0.845861820 -0.533402082 0.000000000
vn -0.972449558 0.233113398 0.000000000
vn 0.707106781 0.707106781 0.000000000
vn 0.845861820 -0.533402082 0.000000000
vn -0.972449558 0.233113398 0.000000000
vn 0.707106781 0.707106781 0.000000000
vn -0.845861820 -0.533402082 0.000000000
vn -0.857492926 0.514495755 0.000000000
vn 0.972449558 0.233113398 0.000000000
vn 0.894427191 -0.447213595 0.000000000
vn 0.845861820 -0.533402082 0.000000000
vn -0.972449558 0.233113398 0.000000000
vn 0.707106781 0.707106781 0.000000000
vn 0.000000000 0.000000000 1.000000000
vn 0.000000000 0.000000000 -1.000000000
vn 0.000000000 0.000000000 1.000000000
vn 0.000000000 0.000000000 -1.000000000
vn 0.000000000 0.000000000 1.000000000
vn 0.000000000 0.000000000 -1.000000000
vn 0.000000000 -0.000000000 1.000000000
vn 0.000000000 0.000000000 -1.000000000
vn 0.000000000 -0.000000000 1.000000000
vn 0.000000000 0.000000000 -1.000000000
vn 0.000000000 0.000000000 1.000000000
vn 0.000000000 0.000000000 -1.000000000
vn 0.000000000 -0.000000000 1.000000000
vn 0.000000000 0.000000000 -1.000000000
vn 0.000000000 0.000000000 1.000000000
vn 0.000000000 0.000000000 -1.000000000
vn 0.000000000 0.000000000 1.000000000
vn 0.000000000 0.000000000 -1.000000000
vn 0.000000000 0.000000000 1.000000000
vn -0.000000000 0.000000000 -1.000000000
vn -0.000000000 0.000000000 1.000000000
vn 0.000000000 0.000000000 -1.000000000
vn 0.000000000 0.000000000 1.000000000
vn -0.000000000 0.000000000 -1.000000000
vn 0.000000000 0.000000000 1.000000000
vn 0.000000000 0.000000000 -1.000000000
vn 0.000000000 0.000000000 1.000000000
vn 0.000000000 -0.000000000 -1.000000000
vn -0.000000000 -0.000000000 1.000000000
vn 0.000000000 0.000000000 -1.000000000
vn -0.000000000 -0.000000000 1.000000000
vn 0.000000000 0.000000000 -1.000000000
vn -0.000000000 -0.000000000 1.000000000
vn 0.000000000 0.000000000 -1.000000000
vn -0.000000000 -0.000000000 1.000000000
vn 0.000000000 0.000000000 -1.000000000
vn -0.000000000 -0.000000000 1.000000000
vn 0.000000000 0.000000000 -1.000000000
vn -0.000000000 0.000000000 1.000000000
vn 0.000000000 -0.000000000 -1.000000000
vn 0.000000000 0.000000000 1.000000000
vn 0.000000000 -0.000000000 -1.000000000
vn -0.000000000 0.000000000 1.000000000
vn 0.000000000 0.000000000 -1.000000000
vn 0.000000000 0.000000000 1.000000000
vn 0.000000000 0.000000000 -1.000000000
vn 0.000000000 0.000000000 1.000000000
vn 0.000000000 0.000000000 -1.000000000
vn 0.000000000 -0.000000000 1.000000000
vn 0.000000000 0.000000000 -1.000000000
vn 0.000000000 0.000000000 1.000000000
vn 0.000000000 0.000000000 -1.000000000
vn 0.000000000 -0.000000000 1.000000000
vn 0.000000000 0.000000000 -1.000000000
vn 0.000000000 -0.000000000 1.000000000
vn 0.000000000 0.000000000 -1.000000000
vn 0.000000000 -0.000000000 1.000000000
vn 0.000000000 0.000000000 -1.000000000
vn 0.000000000 0.000000000 1.000000000
vn 0.000000000 0.000000000 -1.000000000
vn 0.000000000 -0.000000000 1.000000000
vn 0.000000000 0.000000000 -1.000000000
vn -0.000000000 -0.000000000 1.000000000
vn 0.000000000 0.000000000 -1.000000000
vn -0.000000000 -0.000000000 1.000000000
vn 0.000000000 0.000000000 -1.000000000
vn 0.000000000 -0.000000000 1.000000000
vn 0.000000000 0.000000000 -1.000000000
vn 0.000000000 -0.000000000 1.000000000
vn 0.000000000 0.000000000 -1.000000000
vn 0.000000000 -0.000000000 1.000000000
vn 0.000000000 0.000000000 -1.000000000
vn -0.000000000 -0.000000000 1.000000000
vn 0.000000000 0.000000000 -1.000000000
vn -0.000000000 -0.000000000 1.000000000
vn 0.000000000 0.000000000 -1.000000000
vn 0.000000000 -0.000000000 1.000000000
vn 0.000000000 0.000000000 -1.000000000
vn 0.000000000 -0.000000000 1.000000000
vn 0.000000000 0.000000000 -1.000000000
vn 0.000000000 -0.000000000 1.000000000
vn 0.000000000 0.000000000 -1.000000000
vn 0.000000000 -0.000000000 1.000000000
vn 0.000000000 0.000000000 -1.000000000
vn 0.000000000 -0.000000000 1.000000000
vn 0.000000000 0.000000000 -1.000000000
vn -0.000000000 0.000000000 1.000000000
vn 0.000000000 0.000000000 -1.000000000
vn -0.000000000 0.000000000 1.000000000
vn 0.000000000 0.000000000 -1.000000000
vn 0.000000000 0.000000000 1.000000000
vn -0.000000000 0.000000000 -1.000000000
vn 0.000000000 0.000000000 1.000000000
vn 0.000000000 0.000000000 -1.000000000
vn 0.000000000 0.000000000 1.000000000
vn 0.000000000 0.000000000 -1.000000000
vn 0.000000000 0.000000000 1.000000000
vn 0.000000000 0.000000000 -1.000000000
vn 0.000000000 0.000000000 1.000000000
vn 0.000000000 0.000000000 -1.000000000
vn -0.000000000 0.000000000 1.000000000
vn 0.000000000 0.000000000 -1.000000000
vn 0.000000000 0.000000000 1.000000000
vn 0.000000000 0.000000000 -1.000000000
vn 0.000000000 0.000000000 1.000000000
vn 0.000000000 0.000000000 -1.000000000
vn -0.000000000 0.000000000 1.000000000
vn 0.000000000 0.000000000 -1.000000000
vn 0.000000000 0.000000000 1.000000000
vn -0.000000000 0.000000000 -1.000000000
vn 0.000000000 0.000000000 1.000000000
vn -0.000000000 0.000000000 -1.000000000
vn 0.000000000 0.000000000 1.000000000
vn 0.000000000 0.000000000 -1.000000000
vn 0.000000000 -0.000000000 1.000000000
vn 0.000000000 0.000000000 -1.000000000
vn -0.000000000 0.000000000 1.000000000
vn 0.000000000 -0.000000000 -1.000000000
vn 0.000000000 0.000000000 1.000000000
vn 0.000000000 0.000000000 -1.000000000
vn 0.000000000 0.000000000 1.000000000
vn 0.000000000 -0.000000000 -1.000000000
vn -0.000000000 0.000000000 1.000000000
vn 0.000000000 0.000000000 -1.000000000
vn 0.000000000 0.000000000 1.000000000
vn -0.000000000 0.000000000 -1.000000000
vn 0.000000000 0.000000000 1.000000000
vn 0.000000000 0.000000000 -1.000000000
vn 0.000000000 0.000000000 1.000000000
vn 0.000000000 0.000000000 -1.000000000
vn 0.000000000 0.000000000 1.000000000
vn 0.000000000 0.000000000 -1.000000000
vn -0.000000000 -0.000000000 1.000000000
vn 0.000000000 0.000000000 -1.000000000
vn -0.000000000 -0.000000000 1.000000000
vn 0.000000000 0.000000000 -1.000000000
vn 0.000000000 0.000000000 1.000000000
vn -0.000000000 0.000000000 -1.000000000
vn 0.000000000 0.000000000 1.000000000
vn 0.000000000 -0.000000000 -1.000000000
vn 0.000000000 0.000000000 1.000000000
vn -0.000000000 0.000000000 -1.000000000
vn 0.000000000 0.000000000 1.000000000
vn 0.000000000 0.000000000 -1.000000000
vn 0.000000000 -0.000000000 1.000000000
vn 0.000000000 0.000000000 -1.000000000
vn -0.000000000 0.000000000 1.000000000
vn 0.000000000 -0.000000000 -1.000000000
vn -0.000000000 0.000000000 1.000000000
vn 0.000000000 -0.000000000 -1.000000000
vn 0.000000000 0.000000000 1.000000000
vn 0.000000000 0.000000000 -1.000000000
vn 0.000000000 0.000000000 1.000000000
vn 0.000000000 0.000000000 -1.000000000
vn 0.000000000 -0.000000000 1.000000000
vn 0.000000000 0.000000000 -1.000000000
vn 0.000000000 0.000000000 1.000000000
vn 0.000000000 -0.000000000 -1.000000000
vn 0.000000000 0.000000000 1.000000000
vn 0.000000000 0.000000000 -1.000000000
vn 0.000000000 0.000000000 1.000000000
vn 0.000000000 0.000000000 -1.000000000
vn 0.000000000 0.000000000 1.000000000
vn 0.000000000 0.000000000 -1.000000000
vn 0.000000000 0.000000000 1.000000000
vn 0.000000000 0.000000000 -1.000000000
vn 0.000000000 0.000000000 1.000000000
vn 0.000000000 0.000000000 -1.000000000
vn 0.000000000 0.000000000 1.000000000
vn 0.000000000 0.000000000 -1.000000000
vn 0.000000000 -0.000000000 1.000000000
vn 0.000000000 0.000000000 -1.000000000
vn 0.000000000 -0.000000000 1.000000000
vn 0.000000000 0.000000000 -1.000000000
vn 0.000000000 0.000000000 1.000000000
vn 0.000000000 -0.000000000 -1.000000000
vn 0.000000000 0.000000000 1.000000000
vn 0.000000000 0.000000000 -1.000000000
vn 0.000000000 -0.000000000 1.000000000
vn 0.000000000 0.000000000 -1.000000000
vn 0.000000000 -0.000000000 1.000000000
vn 0.000000000 0.000000000 -1.000000000
vn 0.000000000 0.000000000 1.000000000
vn 0.000000000 0.000000000 -1.000000000
vn 0.000000000 0.000000000 1.000000000
vn -0.000000000 0.000000000 -1.000000000
vn 0.000000000 0.000000000 1.000000000
vn 0.000000000 0.000000000 -1.000000000
vn 0.000000000 0.000000000 1.000000000
vn 0.000000000 0.000000000 -1.000000000
vn -0.000000000 0.000000000 1.000000000
vn 0.000000000 0.000000000 -1.000000000
vn 0.000000000 0.000000000 1.000000000
vn -0.000000000 0.000000000 -1.000000000
vn -0.000000000 0.000000000 1.000000000
vn 0.000000000 0.000000000 -1.000000000
vn 0.000000000 0.000000000 1.000000000
vn -0.000000000 0.000000000 -1.000000000
vn 0.000000000 0.000000000 1.000000000
vn 0.000000000 0.000000000 -1.000000000
vn 0.000000000 0.000000000 1.000000000
vn 0.000000000 0.000000000 -1.000000000
vn 0.000000000 0.000000000 1.000000000
vn 0.000000000 -0.000000000 -1.000000000
vn 0.000000000 0.000000000 1.000000000
vn 0.000000000 0.000000000 -1.000000000
vn 0.000000000 0.000000000 1.000000000
vn 0.000000000 0.000000000 -1.000000000
vn 0.000000000 0.000000000 1.000000000
vn 0.000000000 0.000000000 -1.000000000
vn 0.000000000 0.000000000 1.000000000
vn -0.000000000 0.000000000 -1.000000000
vn 0.000000000 0.000000000 1.000000000
vn 0.000000000 0.000000000 -1.000000000
vn 0.000000000 0.000000000 1.000000000
vn -0.000000000 0.000000000 -1.000000000
vn 0.000000000 0.000000000 1.000000000
vn 0.000000000 0.000000000 -1.000000000
vn 0.000000000 0.000000000 1.000000000
vn -0.000000000 0.000000000 -1.000000000
vn 0.000000000 0.000000000 1.000000000
vn 0.000000000 0.000000000 -1.000000000
vn 0.000000000 0.000000000 1.000000000
vn 0.000000000 0.000000000 -1.000000000
vn 0.000000000 0.000000000 1.000000000
vn 0.000000000 0.000000000 -1.000000000
vn 0.000000000 0.000000000 1.000000000
vn -0.000000000 0.000000000 -1.000000000
vn 0.000000000 0.000000000 1.000000000
vn 0.000000000 0.000000000 -1.000000000
vn 0.000000000 -0.000000000 1.000000000
vn 0.000000000 0.000000000 -1.000000000
vn 0.000000000 0.000000000 1.000000000
vn 0.000000000 -0.000000000 -1.000000000
vn -0.000000000 0.000000000 1.000000000
vn 0.000000000 0.000000000 -1.000000000
vn -0.000000000 0.000000000 1.000000000
vn 0.000000000 -0.000000000 -1.000000000
vn 0.000000000 0.000000000 1.000000000
vn 0.000000000 0.000000000 -1.000000000
vn -0.000000000 0.000000000 1.000000000
vn 0.000000000 0.000000000 -1.000000000
vn 0.000000000 0.000000000 1.000000000
vn -0.000000000 0.000000000 -1.000000000
vn 0.000000000 0.000000000 1.000000000
vn 0.000000000 0.000000000 -1.000000000
vn 0.000000000 0.000000000 1.000000000
vn -0.000000000 0.000000000 -1.000000000
vn 0.000000000 0.000000000 1.000000000
vn 0.000000000 0.000000000 -1.000000000
vn 0.000000000 0.000000000 1.000000000
vn 0.000000000 0.000000000 -1.000000000
vn -0.000000000 0.000000000 1.000000000
vn 0.000000000 -0.000000000 -1.000000000
vn -0.000000000 0.000000000 1.000000000
vn 0.000000000 0.000000000 -1.000000000
vn -0.000000000 0.000000000 1.000000000
vn 0.000000000 0.000000000 -1.000000000
vn 0.000000000 0.000000000 1.000000000
vn 0.000000000 0.000000000 -1.000000000
vn 0.000000000 0.000000000 1.000000000
vn 0.000000000 0.000000000 -1.000000000
vn 0.000000000 0.000000000 1.000000000
vn 0.000000000 0.000000000 -1.000000000
vn -0.000000000 0.000000000 1.000000000
vn 0.000000000 -0.000000000 -1.000000000
vn -0.000000000 0.000000000 1.000000000
vn 0.000000000 0.000000000 -1.000000000
vn 0.000000000 0.000000000 1.000000000
vn -0.000000000 0.000000000 -1.000000000
vn 0.000000000 0.000000000 1.000000000
vn 0.000000000 -0.000000000 -1.000000000
vn 0.000000000 0.000000000 1.000000000
vn 0.000000000 0.000000000 -1.000000000
vn 0.000000000 0.000000000 1.000000000
vn -0.000000000 0.000000000 -1.000000000
vn 0.000000000 0.000000000 1.000000000
vn 0.000000000 0.000000000 -1.000000000
vn -0.000000000 -0.000000000 1.000000000
vn 0.000000000 0.000000000 -1.000000000
vn -0.000000000 0.000000000 1.000000000
vn 0.000000000 -0.000000000 -1.000000000
vn -0.000000000 0.000000000 1.000000000
vn 0.000000000 0.000000000 -1.000000000
vn 0.000000000 0.000000000 1.000000000
vn -0.000000000 0.000000000 -1.000000000
vn -0.000000000 0.000000000 1.000000000
vn -0.000000000 -0.000000000 -1.000000000
vn 0.000000000 0.000000000 1.000000000
vn 0.000000000 -0.000000000 -1.000000000
vn -0.000000000 0.000000000 1.000000000
vn 0.000000000 0.000000000 -1.000000000
vn 0.000000000 0.000000000 1.000000000
vn -0.000000000 0.000000000 -1.000000000
vn 0.000000000 -0.000000000 1.000000000
vn 0.000000000 0.000000000 -1.000000000
vn -0.000000000 0.000000000 1.000000000
vn 0.000000000 -0.000000000 -1.000000000
vn -0.000000000 0.000000000 1.000000000
vn 0.000000000 0.000000000 -1.000000000
vn -0.000000000 -0.000000000 1.000000000
vn 0.000000000 0.000000000 -1.000000000
vn 0.000000000 0.000000000 1.000000000
vn -0.000000000 0.000000000 -1.000000000
vn 0.000000000 0.000000000 1.000000000
vn 0.000000000 0.000000000 -1.000000000
vn 0.000000000 0.000000000 1.000000000
vn -0.000000000 0.000000000 -1.000000000
vn 0.000000000 0.000000000 1.000000000
vn 0.000000000 0.000000000 -1.000000000
vn 0.000000000 0.000000000 1.000000000
vn -0.000000000 0.000000000 -1.000000000
vn 0.000000000 0.000000000 1.000000000
vn 0.000000000 0.000000000 -1.000000000
vn -0.000000000 0.000000000 1.000000000
vn 0.000000000 -0.000000000 -1.000000000
vn 0.000000000 0.000000000 1.000000000
vn 0.000000000 0.000000000 -1.000000000
vn -0.000000000 0.000000000 1.000000000
vn 0.000000000 -0.000000000 -1.000000000
vn 0.000000000 0.000000000 1.000000000
vn 0.000000000 -0.000000000 -1.000000000
vn 0.000000000 0.000000000 1.000000000
vn -0.000000000 0.000000000 -1.000000000
vn -0.000000000 0.000000000 1.000000000
vn 0.000000000 0.000000000 -1.000000000
vn 0.000000000 0.000000000 1.000000000
vn -0.000000000 0.000000000 -1.000000000
vn 0.000000000 0.000000000 1.000000000
vn 0.000000000 0.000000000 -1.000000000
vn 0.000000000 0.000000000 1.000000000
vn 0.000000000 0.000000000 -1.000000000
vn 0.000000000 0.000000000 1.000000000
vn 0.000000000 0.000000000 -1.000000000
vn 0.000000000 0.000000000 1.000000000
vn -0.000000000 -0.000000000 -1.000000000
vn -0.000000000 0.000000000 1.000000000
vn 0.000000000 0.000000000 -1.000000000
vn 0.000000000 0.000000000 1.000000000
vn -0.000000000 0.000000000 -1.000000000
vn -0.000000000 0.000000000 1.000000000
vn 0.000000000 -0.000000000 -1.000000000
vn -0.000000000 0.000000000 1.000000000
vn 0.000000000 -0.000000000 -1.000000000
vn 0.000000000 0.000000000 1.000000000
vn 0.000000000 -0.000000000 -1.000000000
vn 0.000000000 0.000000000 1.000000000
vn 0.000000000 -0.000000000 -1.000000000
vn 0.000000000 -0.000000000 1.000000000
vn 0.000000000 0.000000000 -1.000000000
vn 0.000000000 0.000000000 1.000000000
vn 0.000000000 -0.000000000 -1.000000000
vn 0.000000000 -0.000000000 1.000000000
vn 0.000000000 0.000000000 -1.000000000
vn 0.000000000 0.000000000 1.000000000
vn 0.000000000 -0.000000000 -1.000000000
vn 0.000000000 0.000000000 1.000000000
vn 0.000000000 0.000000000 -1.000000000
vn 0.000000000 0.000000000 1.000000000
vn 0.000000000 -0.000000000 -1.000000000
vn 0.000000000 0.000000000 1.000000000
vn -0.000000000 0.000000000 -1.000000000
vn 0.000000000 0.000000000 1.000000000
vn 0.000000000 0.000000000 -1.000000000
vn 0.000000000 0.000000000 1.000000000
vn 0.000000000 -0.000000000 -1.000000000
vn 0.000000000 0.000000000 1.000000000
vn 0.000000000 0.000000000 -1.000000000
vn 0.000000000 0.000000000 1.000000000
vn 0.000000000 -0.000000000 -1.000000000
vn -0.000000000 0.000000000 1.000000000
vn 0.000000000 0.000000000 -1.000000000
vn 0.000000000 -0.000000000 1.000000000
vn 0.000000000 0.000000000 -1.000000000
vn 0.000000000 0.000000000 1.000000000
vn 0.000000000 0.000000000 -1.000000000
vn 0.000000000 0.000000000 1.000000000
vn 0.000000000 0.000000000 -1.000000000
vn 0.000000000 0.000000000 1.000000000
vn 0.000000000 -0.000000000 -1.000000000
vn 0.000000000 0.000000000 1.000000000
vn 0.000000000 0.000000000 -1.000000000
vn 0.000000000 0.000000000 1.000000000
vn 0.000000000 0.000000000 -1.000000000
vn 0.000000000 0.000000000 1.000000000
vn 0.000000000 0.000000000 -1.000000000
vn 0.000000000 0.000000000 1.000000000
vn 0.000000000 0.000000000 -1.000000000
vn 0.000000000 0.000000000 1.000000000
vn 0.000000000 0.000000000 -1.000000000
vn 0.000000000 0.000000000 1.000000000
vn 0.000000000 0.000000000 -1.000000000
vn 0.000000000 0.000000000 1.000000000
vn 0.000000000 0.000000000 -1.000000000
vn 0.000000000 0.000000000 1.000000000
vn 0.000000000 0.000000000 -1.000000000
vn 0.000000000 0.000000000 1.000000000
vn 0.000000000 0.000000000 -1.000000000
vn 0.000000000 0.000000000 1.000000000
vn 0.000000000 0.000000000 -1.000000000
vn 0.000000000 0.000000000 1.000000000
vn 0.000000000 0.000000000 -1.000000000
vn 0.000000000 -0.000000000 1.000000000
vn 0.000000000 0.000000000 -1.000000000
vn 0.000000000 0.000000000 1.000000000
vn 0.000000000 -0.000000000 -1.000000000
vn 0.000000000 0.000000000 1.000000000
vn 0.000000000 0.000000000 -1.000000000
vn 0.000000000 0.000000000 1.000000000
vn 0.000000000 0.000000000 -1.000000000
vn 0.000000000 -0.000000000 1.000000000
vn 0.000000000 0.000000000 -1.000000000
vn 0.000000000 0.000000000 1.000000000
vn 0.000000000 0.000000000 -1.000000000
vn 0.000000000 -0.000000000 1.000000000
vn 0.000000000 0.000000000 -1.000000000
vn 0.000000000 -0.000000000 1.000000000
vn 0.000000000 0.000000000 -1.000000000
vn -0.000000000 -0.000000000 1.000000000
vn 0.000000000 0.000000000 -1.000000000
vn -0.000000000 -0.000000000 1.000000000
vn 0.000000000 0.000000000 -1.000000000
vn 0.000000000 -0.000000000 1.000000000
vn 0.000000000 0.000000000 -1.000000000
vn 0.000000000 0.000000000 1.000000000
vn 0.000000000 -0.000000000 -1.000000000
vn 0.000000000 0.000000000 1.000000000
vn 0.000000000 0.000000000 -1.000000000
vn 0.000000000 -0.000000000 1.000000000
vn 0.000000000 0.000000000 -1.000000000
vn 0.000000000 0.000000000 1.000000000
vn 0.000000000 -0.000000000 -1.000000000
vn 0.000000000 0.000000000 1.000000000
vn 0.000000000 -0.000000000 -1.000000000
vn 0.000000000 0.000000000 1.000000000
vn 0.000000000 -0.000000000 -1.000000000
vn 0.000000000 0.000000000 1.000000000
vn -0.000000000 0.000000000 -1.000000000
vn 0.000000000 0.000000000 1.000000000
vn 0.000000000 0.000000000 -1.000000000
vn 0.000000000 0.000000000 1.000000000
vn 0.000000000 0.000000000 -1.000000000
vn 0.000000000 -0.000000000 1.000000000
vn 0.000000000 0.000000000 -1.000000000
vn 0.000000000 0.000000000 1.000000000
vn 0.000000000 0.000000000 -1.000000000
vn 0.000000000 0.000000000 1.000000000
vn 0.000000000 0.000000000 -1.000000000
vn 0.000000000 0.000000000 1.000000000
vn 0.000000000 0.000000000 -1.000000000
vn 0.000000000 0.000000000 1.000000000
vn 0.000000000 0.000000000 -1.000000000
vn 0.000000000 0.000000000 1.000000000
vn 0.000000000 0.000000000 -1.000000000
vn 0.000000000 0.000000000 1.000000000
vn -0.000000000 0.000000000 -1.000000000
vn 0.000000000 0.000000000 1.000000000
vn 0.000000000 0.000000000 -1.000000000
vn 0.000000000 0.000000000 1.000000000
vn 0.000000000 0.000000000 -1.000000000
vn 0.000000000 0.000000000 1.000000000
vn 0.000000000 0.000000000 -1.000000000
vn -0.000000000 0.000000000 1.000000000
vn 0.000000000 0.000000000 -1.000000000
vn 0.000000000 0.000000000 1.000000000
vn -0.000000000 0.000000000 -1.000000000
vn 0.000000000 0.000000000 1.000000000
vn 0.000000000 0.000000000 -1.000000000
vn 0.000000000 0.000000000 1.000000000
vn 0.000000000 0.000000000 -1.000000000
vn 0.000000000 0.000000000 1.000000000
vn -0.000000000 0.000000000 -1.000000000
vn 0.000000000 0.000000000 1.000000000
vn 0.000000000 0.000000000 -1.000000000
vn 0.000000000 0.000000000 1.000000000
vn 0.000000000 0.000000000 -1.000000000
vn 0.000000000 0.000000000 1.000000000
vn 0.000000000 0.000000000 -1.000000000
vn 0.000000000 0.000000000 1.000000000
vn -0.000000000 0.000000000 -1.000000000
vn -0.000000000 0.000000000 1.000000000
vn -0.000000000 -0.000000000 -1.000000000
vn -0.000000000 0.000000000 1.000000000
vn 0.000000000 -0.000000000 -1.000000000
vn -0.000000000 0.000000000 1.000000000
vn 0.000000000 0.000000000 -1.000000000
vn 0.000000000 0.000000000 1.000000000
vn -0.000000000 0.000000000 -1.000000000
vn 0.000000000 0.000000000 1.000000000
vn 0.000000000 0.000000000 -1.000000000
vn 0.000000000 -0.000000000 1.000000000
vn 0.000000000 0.000000000 -1.000000000
vn 0.000000000 0.000000000 1.000000000
vn -0.000000000 -0.000000000 -1.000000000
vn 0.000000000 0.000000000 1.000000000
vn 0.000000000 0.000000000 -1.000000000
vn 0.000000000 0.000000000 1.000000000
vn -0.000000000 0.000000000 -1.000000000
vn 0.000000000 0.000000000 1.000000000
vn 0.000000000 0.000000000 -1.000000000
vn 0.000000000 0.000000000 1.000000000
vn -0.000000000 0.000000000 -1.000000000
vn 0.000000000 0.000000000 1.000000000
vn 0.000000000 -0.000000000 -1.000000000
vn 0.000000000 0.000000000 1.000000000
vn 0.000000000 0.000000000 -1.000000000
vn 0.000000000 0.000000000 1.000000000
vn 0.000000000 0.000000000 -1.000000000
vn 0.000000000 0.000000000 1.000000000
vn -0.000000000 0.000000000 -1.000000000
vn -0.000000000 0.000000000 1.000000000
vn 0.000000000 -0.000000000 -1.000000000
vn 0.000000000 -0.000000000 1.000000000
vn 0.000000000 0.000000000 -1.000000000
vn -0.000000000 0.000000000 1.000000000
vn -0.000000000 -0.000000000 -1.000000000
vn 0.000000000 0.000000000 1.000000000
vn 0.000000000 0.000000000 -1.000000000
vn 0.000000000 0.000000000 1.000000000
vn 0.000000000 0.000000000 -1.000000000
vn -0.000000000 0.000000000 1.000000000
vn 0.000000000 0.000000000 -1.000000000
vn 0.000000000 0.000000000 1.000000000
vn -0.000000000 0.000000000 -1.000000000
vn 0.000000000 0.000000000 1.000000000
vn -0.000000000 0.000000000 -1.000000000
vn 0.000000000 -0.000000000 1.000000000
vn 0.000000000 0.000000000 -1.000000000
vn 0.000000000 -0.000000000 1.000000000
vn 0.000000000 0.000000000 -1.000000000
vn 0.000000000 0.000000000 1.000000000
vn 0.000000000 0.000000000 -1.000000000
vn 0.000000000 0.000000000 1.000000000
vn -0.000000000 0.000000000 -1.000000000
vn -0.000000000 0.000000000 1.000000000
vn 0.000000000 -0.000000000 -1.000000000
vn 0.000000000 -0.000000000 1.000000000
vn 0.000000000 0.000000000 -1.000000000
vn 0.000000000 0.000000000 1.000000000
vn 0.000000000 -0.000000000 -1.000000000
vn 0.000000000 0.000000000 1.000000000
vn -0.000000000 0.000000000 -1.000000000
vn 0.000000000 -0.000000000 1.000000000
vn 0.000000000 0.000000000 -1.000000000
vn 0.000000000 0.000000000 1.000000000
vn 0.000000000 0.000000000 -1.000000000
vn -0.000000000 0.000000000 1.000000000
vn 0.000000000 0.000000000 -1.000000000
vn 0.000000000 -0.000000000 1.000000000
vn 0.000000000 0.000000000 -1.000000000
vn 0.000000000 0.000000000 1.000000000
vn 0.000000000 -0.000000000 -1.000000000
vn -0.000000000 0.000000000 1.000000000
vn 0.000000000 0.000000000 -1.000000000
vn -0.000000000 0.000000000 1.000000000
vn 0.000000000 0.000000000 -1.000000000
vn 0.000000000 0.000000000 1.000000000
vn -0.000000000 0.000000000 -1.000000000
vn 0.000000000 0.000000000 1.000000000
vn 0.000000000 0.000000000 -1.000000000
vn 0.000000000 -0.000000000 1.000000000
vn 0.000000000 0.000000000 -1.000000000
vn 0.000000000 0.000000000 1.000000000
vn -0.000000000 0.000000000 -1.000000000
vn -0.000000000 0.000000000 1.000000000
vn 0.000000000 0.000000000 -1.000000000
vn 0.000000000 0.000000000 1.000000000
vn -0.000000000 0.000000000 -1.000000000
vn 0.000000000 0.000000000 1.000000000
vn 0.000000000 0.000000000 -1.000000000
vn -0.000000000 0.000000000 1.000000000
vn 0.000000000 -0.000000000 -1.000000000
vn -0.000000000 0.000000000 1.000000000
vn 0.000000000 0.000000000 -1.000000000
vn -0.000000000 0.000000000 1.000000000
vn 0.000000000 -0.000000000 -1.000000000
vn 0.000000000 -0.000000000 1.000000000
vn 0.000000000 0.000000000 -1.000000000
vn -0.000000000 0.000000000 1.000000000
vn 0.000000000 -0.000000000 -1.000000000
vn 0.000000000 0.000000000 1.000000000
vn -0.000000000 0.000000000 -1.000000000
vn -0.000000000 0.000000000 1.000000000
vn 0.000000000 -0.000000000 -1.000000000
vn -0.000000000 0.000000000 1.000000000
vn 0.000000000 0.000000000 -1.000000000
vn -0.000000000 0.000000000 1.000000000
vn -0.000000000 0.000000000 -1.000000000
vn 0.000000000 0.000000000 1.000000000
vn 0.000000000 0.000000000 -1.000000000
vn 0.000000000 0.000000000 1.000000000
vn -0.000000000 0.000000000 -1.000000000
vn -0.000000000 0.000000000 1.000000000
vn 0.000000000 -0.000000000 -1.000000000
vn 0.000000000 -0.000000000 1.000000000
vn 0.000000000 0.000000000 -1.000000000
vn -0.000000000 0.000000000 1.000000000
vn 0.000000000 -0.000000000 -1.000000000
vn 0.000000000 -0.000000000 1.000000000
vn 0.000000000 0.000000000 -1.000000000
vn 0.000000000 0.000000000 1.000000000
vn -0.000000000 -0.000000000 -1.000000000
vn 0.000000000 0.000000000 1.000000000
vn 0.000000000 0.000000000 -1.000000000
vn -0.000000000 0.000000000 1.000000000
vn 0.000000000 0.000000000 -1.000000000
vn 0.000000000 0.000000000 1.000000000
vn -0.000000000 0.000000000 -1.000000000
vn 0.000000000 0.000000000 1.000000000
vn 0.000000000 0.000000000 -1.000000000
vn 0.000000000 0.000000000 1.000000000
vn -0.000000000 -0.000000000 -1.000000000
vn 0.000000000 0.000000000 1.000000000
vn -0.000000000 -0.000000000 -1.000000000
vn 0.000000000 0.000000000 1.000000000
vn 0.000000000 0.000000000 -1.000000000
vn 0.000000000 0.000000000 1.000000000
vn 0.000000000 0.000000000 -1.000000000
vn -0.000000000 0.000000000 1.000000000
vn 0.000000000 -0.000000000 -1.000000000
vn 0.000000000 0.000000000 1.000000000
vn -0.000000000 0.000000000 -1.000000000
vn 0.000000000 0.000000000 1.000000000
vn 0.000000000 0.000000000 -1.000000000
vn 0.000000000 0.000000000 1.000000000
vn -0.000000000 0.000000000 -1.000000000
vn 0.000000000 0.000000000 1.000000000
vn -0.000000000 0.000000000 -1.000000000
vn 0.000000000 0.000000000 1.000000000
vn -0.000000000 0.000000000 -1.000000000
vn 0.000000000 0.000000000 1.000000000
vn 0.000000000 0.000000000 -1.000000000
vn 0.000000000 0.000000000 1.000000000
vn 0.000000000 0.000000000 -1.000000000
vn 0.000000000 0.000000000 1.000000000
vn -0.000000000 0.000000000 -1.000000000
vn 0.000000000 0.000000000 1.000000000
vn -0.000000000 0.000000000 -1.000000000
vn -0.000000000 0.000000000 1.000000000
vn 0.000000000 0.000000000 -1.000000000
vn -0.000000000 0.000000000 1.000000000
vn 0.000000000 0.000000000 -1.000000000
vn -0.000000000 0.000000000 1.000000000
vn 0.000000000 0.000000000 -1.000000000
vn 0.000000000 0.000000000 1.000000000
vn 0.000000000 0.000000000 -1.000000000
vn -0.000000000 0.000000000 1.000000000
vn -0.000000000 -0.000000000 -1.000000000
vn 0.000000000 0.000000000 1.000000000
vn 0.000000000 -0.000000000 -1.000000000
vn -0.000000000 0.000000000 1.000000000
vn -0.000000000 -0.000000000 -1.000000000
vn 0.000000000 0.000000000 1.000000000
vn 0.000000000 -0.000000000 -1.000000000
vn 0.000000000 0.000000000 1.000000000
vn 0.000000000 -0.000000000 -1.000000000
vn 0.000000000 0.000000000 1.000000000
vn 0.000000000 0.000000000 -1.000000000
vn 0.000000000 0.000000000 1.000000000
vn 0.000000000 0.000000000 -1.000000000
vn 0.000000000 -0.000000000 1.000000000
vn 0.000000000 0.000000000 -1.000000000
vn 0.000000000 0.000000000 1.000000000
vn 0.000000000 0.000000000 -1.000000000
vn 0.000000000 0.000000000 1.000000000
vn 0.000000000 0.000000000 -1.000000000
vn 0.000000000 0.000000000 1.000000000
vn 0.000000000 0.000000000 -1.000000000
vn 0.000000000 0.000000000 1.000000000
vn 0.000000000 -0.000000000 -1.000000000
vn 0.000000000 0.000000000 1.000000000
vn -0.000000000 -0.000000000 -1.000000000
vn -0.000000000 0.000000000 1.000000000
vn -0.000000000 -0.000000000 -1.000000000
vn 0.000000000 0.000000000 1.000000000
vn 0.000000000 -0.000000000 -1.000000000
vn 0.000000000 -0.000000000 1.000000000
vn 0.000000000 0.000000000 -1.000000000
vn -0.000000000 0.000000000 1.000000000
vn -0.000000000 -0.000000000 -1.000000000
vn 0.000000000 0.000000000 1.000000000
vn 0.000000000 0.000000000 -1.000000000
vn 0.000000000 -0.000000000 1.000000000
vn 0.000000000 0.000000000 -1.000000000
vn 0.000000000 0.000000000 1.000000000
vn 0.000000000 0.000000000 -1.000000000
vn 0.000000000 0.000000000 1.000000000
vn 0.000000000 -0.000000000 -1.000000000
vn 0.000000000 -0.000000000 1.000000000
vn 0.000000000 0.000000000 -1.000000000
vn 0.000000000 0.000000000 1.000000000
vn 0.000000000 0.000000000 -1.000000000
vn 0.000000000 0.000000000 1.000000000
vn 0.000000000 0.000000000 -1.000000000
vn 0.000000000 0.000000000 1.000000000
vn 0.000000000 0.000000000 -1.000000000
vn 0.000000000 0.000000000 1.000000000
vn 0.000000000 0.000000000 -1.000000000
vn 0.000000000 0.000000000 1.000000000
vn 0.000000000 0.000000000 -1.000000000
vn 0.000000000 0.000000000 1.000000000
vn 0.000000000 0.000000000 -1.000000000
vn 0.000000000 0.000000000 1.000000000
vn 0.000000000 0.000000000 -1.000000000
vn 0.000000000 -0.000000000 1.000000000
vn 0.000000000 0.000000000 -1.000000000
vn 0.000000000 0.000000000 1.000000000
vn 0.000000000 0.000000000 -1.000000000
vn 0.000000000 0.000000000 1.000000000
vn 0.000000000 0.000000000 -1.000000000
vn 0.000000000 0.000000000 1.000000000
vn 0.000000000 0.000000000 -1.000000000
vn 0.000000000 0.000000000 1.000000000
vn 0.000000000 0.000000000 -1.000000000
vn 0.000000000 0.000000000 1.000000000
vn 0.000000000 0.000000000 -1.000000000
vn 0.000000000 0.000000000 1.000000000
vn 0.000000000 0.000000000 -1.000000000
vn 0.000000000 0.000000000 1.000000000
vn 0.000000000 0.000000000 -1.000000000
vn 0.000000000 -0.000000000 1.000000000
vn 0.000000000 0.000000000 -1.000000000
vn 0.000000000 -0.000000000 1.000000000
vn 0.000000000 0.000000000 -1.000000000
vn 0.000000000 0.000000000 1.000000000
vn 0.000000000 -0.000000000 -1.000000000
vn 0.000000000 -0.000000000 1.000000000
vn 0.000000000 0.000000000 -1.000000000
vn 0.000000000 -0.000000000 1.000000000
vn 0.000000000 0.000000000 -1.000000000
vn 0.000000000 -0.000000000 1.000000000
vn 0.000000000 0.000000000 -1.000000000
vn -0.000000000 -0.000000000 1.000000000
vn 0.000000000 0.000000000 -1.000000000
vn 0.000000000 -0.000000000 1.000000000
vn 0.000000000 0.000000000 -1.000000000
vn 0.000000000 -0.000000000 1.000000000
vn 0.000000000 0.000000000 -1.000000000
vn 0.000000000 -0.000000000 1.000000000
vn 0.000000000 0.000000000 -1.000000000
vn 0.000000000 -0.000000000 1.000000000
vn 0.000000000 0.000000000 -1.000000000
vn 0.000000000 -0.000000000 1.000000000
vn 0.000000000 0.000000000 -1.000000000
vn 0.000000000 0.000000000 1.000000000
vn 0.000000000 0.000000000 -1.000000000
vn 0.000000000 -0.000000000 1.000000000
vn 0.000000000 0.000000000 -1.000000000
vn -0.000000000 0.000000000 1.000000000
vn 0.000000000 0.000000000 -1.000000000
vn -0.000000000 0.000000000 1.000000000
vn 0.000000000 0.000000000 -1.000000000
vn 0.000000000 0.000000000 1.000000000
vn 0.000000000 0.000000000 -1.000000000
vn 0.000000000 -0.000000000 1.000000000
vn 0.000000000 0.000000000 -1.000000000
vn 0.000000000 0.000000000 1.000000000
vn -0.000000000 0.000000000 -1.000000000
vn -0.000000000 -0.000000000 1.000000000
vn 0.000000000 0.000000000 -1.000000000
vn 0.000000000 -0.000000000 1.000000000
vn 0.000000000 0.000000000 -1.000000000
vn 0.000000000 0.000000000 1.000000000
vn 0.000000000 -0.000000000 -1.000000000
vn 0.000000000 0.000000000 1.000000000
vn -0.000000000 0.000000000 -1.000000000
vn 0.000000000 0.000000000 1.000000000
vn 0.000000000 -0.000000000 -1.000000000
vn 0.000000000 0.000000000 1.000000000
vn 0.000000000 0.000000000 -1.000000000
vn 0.000000000 -0.000000000 1.000000000
vn 0.000000000 0.000000000 -1.000000000
vn 0.000000000 0.000000000 1.000000000
vn 0.000000000 0.000000000 -1.000000000
vn 0.000000000 0.000000000 1.000000000
vn 0.000000000 0.000000000 -1.000000000
vn 0.000000000 0.000000000 1.000000000
vn 0.000000000 0.000000000 -1.000000000
vn 0.000000000 0.000000000 1.000000000
vn -0.000000000 0.000000000 -1.000000000
vn 0.000000000 0.000000000 1.000000000
vn -0.000000000 0.000000000 -1.000000000
vn 0.000000000 0.000000000 1.000000000
vn 0.000000000 0.000000000 -1.000000000
vn 0.000000000 0.000000000 1.000000000
vn 0.000000000 0.000000000 -1.000000000
vn 0.000000000 0.000000000 1.000000000
vn -0.000000000 0.000000000 -1.000000000
vn 0.000000000 0.000000000 1.000000000
vn 0.000000000 0.000000000 -1.000000000
vn 0.000000000 0.000000000 1.000000000
vn 0.000000000 0.000000000 -1.000000000
vn 0.000000000 0.000000000 1.000000000
vn 0.000000000 0.000000000 -1.000000000
vn 0.000000000 0.000000000 1.000000000
vn -0.000000000 0.000000000 -1.000000000
vn 0.000000000 -0.000000000 1.000000000
vn 0.000000000 0.000000000 -1.000000000
vn 0.000000000 0.000000000 1.000000000
vn -0.000000000 0.000000000 -1.000000000
vn 0.000000000 0.000000000 1.000000000
vn 0.000000000 0.000000000 -1.000000000
vn 0.000000000 0.000000000 1.000000000
vn 0.000000000 0.000000000 -1.000000000
vn 0.000000000 0.000000000 1.000000000
vn 0.000000000 -0.000000000 -1.000000000
vn -0.000000000 0.000000000 1.000000000
vn 0.000000000 0.000000000 -1.000000000
vn 0.000000000 0.000000000 1.000000000
vn 0.000000000 -0.000000000 -1.000000000
vn 0.000000000 0.000000000 1.000000000
vn 0.000000000 0.000000000 -1.000000000
vn -0.000000000 0.000000000 1.000000000
vn 0.000000000 0.000000000 -1.000000000
vn -0.000000000 0.000000000 1.000000000
vn 0.000000000 0.000000000 -1.000000000
vn 0.000000000 0.000000000 1.000000000
vn -0.000000000 0.000000000 -1.000000000
vn 0.000000000 0.000000000 1.000000000
vn 0.000000000 0.000000000 -1.000000000
vn 0.000000000 0.000000000 1.000000000
vn -0.000000000 0.000000000 -1.000000000
vn 0.000000000 0.000000000 1.000000000
vn 0.000000000 0.000000000 -1.000000000
vn 0.000000000 0.000000000 1.000000000
vn 0.000000000 0.000000000 -1.000000000
vn 0.000000000 0.000000000 1.000000000
vn 0.000000000 0.000000000 -1.000000000
vn 0.000000000 0.000000000 1.000000000
vn 0.000000000 0.000000000 -1.000000000
vn 0.000000000 0.000000000 1.000000000
vn 0.000000000 0.000000000 -1.000000000
vn 0.000000000 0.000000000 1.000000000
vn 0.000000000 0.000000000 -1.000000000
vn 0.000000000 0.000000000 1.000000000
vn -0.000000000 0.000000000 -1.000000000
vn 0.000000000 0.000000000 1.000000000
vn -0.000000000 0.000000000 -1.000000000
vn 0.000000000 0.000000000 1.000000000
vn 0.000000000 0.000000000 -1.000000000
vn 0.000000000 0.000000000 1.000000000
vn 0.000000000 0.000000000 -1.000000000
vn 0.000000000 0.000000000 1.000000000
vn 0.000000000 0.000000000 -1.000000000
vn 0.000000000 0.000000000 1.000000000
vn -0.000000000 0.000000000 -1.000000000
vn 0.000000000 0.000000000 1.000000000
vn 0.000000000 0.000000000 -1.000000000
vn 0.000000000 -0.000000000 1.000000000
vn 0.000000000 0.000000000 -1.000000000
vn -0.000000000 0.000000000 1.000000000
vn 0.000000000 0.000000000 -1.000000000
vn 0.000000000 0.000000000 1.000000000
vn -0.000000000 0.000000000 -1.000000000
vn 0.000000000 0.000000000 1.000000000
vn -0.000000000 0.000000000 -1.000000000
vn 0.000000000 0.000000000 1.000000000
vn 0.000000000 0.000000000 -1.000000000
vn 0.000000000 0.000000000 1.000000000
vn 0.000000000 0.000000000 -1.000000000
vn 0.000000000 0.000000000 1.000000000
vn 0.000000000 0.000000000 -1.000000000
vn 0.000000000 0.000000000 1.000000000
vn 0.000000000 0.000000000 -1.000000000
vn 0.000000000 0.000000000 1.000000000
vn -0.000000000 0.000000000 -1.000000000
vn 0.000000000 -0.000000000 1.000000000
vn 0.000000000 0.000000000 -1.000000000
vn 0.000000000 0.000000000 1.000000000
vn -0.000000000 0.000000000 -1.000000000
vn 0.000000000 0.000000000 1.000000000
vn 0.000000000 0.000000000 -1.000000000
vn 0.000000000 0.000000000 1.000000000
vn 0.000000000 -0.000000000 -1.000000000
vn 0.000000000 0.000000000 1.000000000
vn -0.000000000 0.000000000 -1.000000000
vn -0.000000000 0.000000000 1.000000000
vn 0.000000000 0.000000000 -1.000000000
vn -0.000000000 0.000000000 1.000000000
vn 0.000000000 0.000000000 -1.000000000
vn -0.000000000 0.000000000 1.000000000
vn 0.000000000 0.000000000 -1.000000000
vn 0.000000000 0.000000000 1.000000000
vn -0.000000000 0.000000000 -1.000000000
vn 0.000000000 0.000000000 1.000000000
vn 0.000000000 0.000000000 -1.000000000
vn 0.000000000 0.000000000 1.000000000
vn 0.000000000 0.000000000 -1.000000000
vn 0.000000000 0.000000000 1.000000000
vn 0.000000000 0.000000000 -1.000000000
vn 0.000000000 0.000000000 1.000000000
vn -0.000000000 0.000000000 -1.000000000
vn 0.000000000 0.000000000 1.000000000
vn 0.000000000 0.000000000 -1.000000000
vn 0.000000000 0.000000000 1.000000000
vn -0.000000000 0.000000000 -1.000000000
vn -0.000000000 0.000000000 1.000000000
vn 0.000000000 -0.000000000 -1.000000000
vn 0.000000000 0.000000000 1.000000000
vn -0.000000000 0.000000000 -1.000000000
vn 0.000000000 0.000000000 1.000000000
vn 0.000000000 0.000000000 -1.000000000
vn -0.000000000 0.000000000 1.000000000
vn 0.000000000 -0.000000000 -1.000000000
vn -0.000000000 0.000000000 1.000000000
vn 0.000000000 0.000000000 -1.000000000
vn -0.000000000 0.000000000 1.000000000
vn 0.000000000 0.000000000 -1.000000000
vn -0.000000000 0.000000000 1.000000000
vn 0.000000000 0.000000000 -1.000000000
vn 0.000000000 0.000000000 1.000000000
vn -0.000000000 0.000000000 -1.000000000
vn 0.000000000 0.000000000 1.000000000
vn 0.000000000 0.000000000 -1.000000000
vn 0.000000000 0.000000000 1.000000000
vn 0.000000000 0.000000000 -1.000000000
vn -0.000000000 0.000000000 1.000000000
vn 0.000000000 0.000000000 -1.000000000
vn -0.000000000 0.000000000 1.000000000
vn 0.000000000 0.000000000 -1.000000000
vn -0.000000000 0.000000000 1.000000000
vn -0.000000000 0.000000000 -1.000000000
vn -0.000000000 0.000000000 1.000000000
vn -0.000000000 -0.000000000 -1.000000000
vn 0.000000000 0.000000000 1.000000000
vn 0.000000000 0.000000000 -1.000000000
vn 0.000000000 0.000000000 1.000000000
vn 0.000000000 0.000000000 -1.000000000
vn 0.000000000 0.000000000 1.000000000
vn 0.000000000 0.000000000 -1.000000000
vn 0.000000000 0.000000000 1.000000000
vn 0.000000000 -0.000000000 -1.000000000
vn 0.000000000 0.000000000 1.000000000
vn 0.000000000 0.000000000 -1.000000000
vn 0.000000000 0.000000000 1.000000000
vn 0.000000000 -0.000000000 -1.000000000
vn 0.000000000 0.000000000 1.000000000
vn 0.000000000 0.000000000 -1.000000000
vn 0.000000000 0.000000000 1.000000000
vn 0.000000000 -0.000000000 -1.000000000
vn 0.000000000 0.000000000 1.000000000
vn 0.000000000 0.000000000 -1.000000000
vn 0.000000000 0.000000000 1.000000000
vn 0.000000000 -0.000000000 -1.000000000
vn 0.000000000 0.000000000 1.000000000
vn 0.000000000 0.000000000 -1.000000000
vn 0.000000000 0.000000000 1.000000000
vn 0.000000000 0.000000000 -1.000000000
vn -0.000000000 -0.000000000 1.000000000
vn 0.000000000 0.000000000 -1.000000000
vn 0.000000000 0.000000000 1.000000000
vn 0.000000000 -0.000000000 -1.000000000
vn 0.000000000 0.000000000 1.000000000
vn 0.000000000 -0.000000000 -1.000000000
vn 0.000000000 0.000000000 1.000000000
vn 0.000000000 0.000000000 -1.000000000
vn 0.000000000 0.000000000 1.000000000
vn 0.000000000 0.000000000 -1.000000000
vn 0.000000000 0.000000000 1.000000000
vn 0.000000000 0.000000000 -1.000000000
vn 0.000000000 0.000000000 1.000000000
vn 0.000000000 0.000000000 -1.000000000
vn 0.000000000 0.000000000 1.000000000
vn 0.000000000 0.000000000 -1.000000000
vn 0.000000000 0.000000000 1.000000000
vn -0.000000000 0.000000000 -1.000000000
vn 0.000000000 0.000000000 1.000000000
vn 0.000000000 -0.000000000 -1.000000000
vn 0.000000000 0.000000000 1.000000000
vn -0.000000000 0.000000000 -1.000000000
vn 0.000000000 0.000000000 1.000000000
vn 0.000000000 0.000000000 -1.000000000
vn 0.000000000 0.000000000 1.000000000
vn 0.000000000 0.000000000 -1.000000000
vn 0.000000000 0.000000000 1.000000000
vn -0.000000000 0.000000000 -1.000000000
vn 0.000000000 0.000000000 1.000000000
vn -0.000000000 0.000000000 -1.000000000
vn 0.000000000 0.000000000 1.000000000
vn 0.000000000 0.000000000 -1.000000000
vn 0.000000000 0.000000000 1.000000000
vn -0.000000000 -0.000000000 -1.000000000
vn 0.000000000 0.000000000 1.000000000
vn 0.000000000 0.000000000 -1.000000000
vn -0.000000000 0.000000000 1.000000000
vn 0.000000000 -0.000000000 -1.000000000
vn 0.000000000 0.000000000 1.000000000
vn -0.000000000 0.000000000 -1.000000000
vn 0.000000000 0.000000000 1.000000000
vn 0.000000000 0.000000000 -1.000000000
vn 0.000000000 0.000000000 1.000000000
vn -0.000000000 0.000000000 -1.000000000
vn 0.000000000 0.000000000 1.000000000
vn 0.000000000 0.000000000 -1.000000000
vn 0.000000000 0.000000000 1.000000000
vn -0.000000000 0.000000000 -1.000000000
vn 0.000000000 0.000000000 1.000000000
vn 0.000000000 0.000000000 -1.000000000
vn 0.000000000 0.000000000 1.000000000
vn 0.000000000 0.000000000 -1.000000000
vn 0.000000000 -0.000000000 1.000000000
vn 0.000000000 0.000000000 -1.000000000
vn 0.000000000 -0.000000000 1.000000000
vn 0.000000000 0.000000000 -1.000000000
vn -0.000000000 0.000000000 1.000000000
vn -0.000000000 0.000000000 -1.000000000
vn 0.000000000 0.000000000 1.000000000
vn 0.000000000 -0.000000000 -1.000000000
vn 0.000000000 0.000000000 1.000000000
vn -0.000000000 0.000000000 -1.000000000
vn -0.000000000 0.000000000 1.000000000
vn 0.000000000 -0.000000000 -1.000000000
vn -0.000000000 0.000000000 1.000000000
vn 0.000000000 0.000000000 -1.000000000
vn -0.000000000 0.000000000 1.000000000
vn 0.000000000 0.000000000 -1.000000000
vn 0.000000000 0.000000000 1.000000000
vn 0.000000000 0.000000000 -1.000000000
vn 0.000000000 0.000000000 1.000000000
vn 0.000000000 0.000000000 -1.000000000
vn 0.000000000 0.000000000 1.000000000
vn 0.000000000 0.000000000 -1.000000000
vn 0.000000000 -0.000000000 1.000000000
vn 0.000000000 0.000000000 -1.000000000
vn 0.000000000 0.000000000 1.000000000
vn 0.000000000 -0.000000000 -1.000000000
vn 0.000000000 -0.000000000 1.000000000
vn 0.000000000 0.000000000 -1.000000000
vn -0.000000000 0.000000000 1.000000000
vn 0.000000000 -0.000000000 -1.000000000
vn -0.000000000 0.000000000 1.000000000
vn 0.000000000 0.000000000 -1.000000000
vn -0.000000000 -0.000000000 1.000000000
vn 0.000000000 0.000000000 -1.000000000
vn 0.000000000 0.000000000 1.000000000
vn 0.000000000 0.000000000 -1.000000000
vn 0.000000000 0.000000000 1.000000000
vn 0.000000000 0.000000000 -1.000000000
vn 0.000000000 -0.000000000 1.000000000
vn 0.000000000 0.000000000 -1.000000000
vn 0.000000000 0.000000000 1.000000000
vn 0.000000000 0.000000000 -1.000000000
vn 0.000000000 0.000000000 1.000000000
vn 0.000000000 0.000000000 -1.000000000
vn 0.000000000 -0.000000000 1.000000000
vn 0.000000000 0.000000000 -1.000000000
vn 0.000000000 0.000000000 1.000000000
vn 0.000000000 0.000000000 -1.000000000
vn 0.000000000 0.000000000 1.000000000
vn 0.000000000 -0.000000000 -1.000000000
vn 0.000000000 0.000000000 1.000000000
vn 0.000000000 0.000000000 -1.000000000
vn 0.000000000 0.000000000 1.000000000
vn 0.000000000 -0.000000000 -1.000000000
vn 0.000000000 0.000000000 1.000000000
vn 0.000000000 0.000000000 -1.000000000
vn 0.000000000 -0.000000000 1.000000000
vn 0.000000000 0.000000000 -1.000000000
vn 0.000000000 0.000000000 1.000000000
vn 0.000000000 0.000000000 -1.000000000
vn 0.000000000 0.000000000 1.000000000
vn 0.000000000 -0.000000000 -1.000000000
vn 0.000000000 0.000000000 1.000000000
vn 0.000000000 0.000000000 -1.000000000
vn 0.000000000 0.000000000 1.000000000
vn 0.000000000 -0.000000000 -1.000000000
vn 0.000000000 0.000000000 1.000000000
vn 0.000000000 0.000000000 -1.000000000
vn 0.000000000 0.000000000 1.000000000
vn 0.000000000 0.000000000 -1.000000000
vn 0.000000000 0.000000000 1.000000000
vn 0.000000000 0.000000000 -1.000000000
vn 0.000000000 0.000000000 1.000000000
vn 0.000000000 0.000000000 -1.000000000
vn 0.000000000 0.000000000 1.000000000
vn 0.000000000 0.000000000 -1.000000000
vn 0.000000000 0.000000000 1.000000000
vn 0.000000000 0.000000000 -1.000000000
vn 0.000000000 0.000000000 1.000000000
vn 0.000000000 0.000000000 -1.000000000
vn 0.000000000 0.000000000 1.000000000
vn -0.000000000 0.000000000 -1.000000000
vn 0.000000000 0.000000000 1.000000000
vn 0.000000000 0.000000000 -1.000000000
vn 0.000000000 0.000000000 1.000000000
vn 0.000000000 0.000000000 -1.000000000
vn 0.000000000 -0.000000000 1.000000000
vn 0.000000000 0.000000000 -1.000000000
vn -0.000000000 -0.000000000 1.000000000
vn 0.000000000 0.000000000 -1.000000000
vn 0.000000000 0.000000000 1.000000000
vn 0.000000000 -0.000000000 -1.000000000
vn 0.000000000 0.000000000 1.000000000
vn 0.000000000 0.000000000 -1.000000000
vn 0.000000000 0.000000000 1.000000000
vn 0.000000000 0.000000000 -1.000000000
vn 0.000000000 0.000000000 1.000000000
vn 0.000000000 0.000000000 -1.000000000
vn 0.000000000 0.000000000 1.000000000
vn 0.000000000 -0.000000000 -1.000000000
vn 0.000000000 0.000000000 1.000000000
vn 0.000000000 0.000000000 -1.000000000
vn 0.000000000 -0.000000000 1.000000000
vn 0.000000000 0.000000000 -1.000000000
vn 0.000000000 -0.000000000 1.000000000
vn 0.000000000 0.000000000 -1.000000000
vn 0.000000000 0.000000000 1.000000000
vn 0.000000000 -0.000000000 -1.000000000
vn 0.000000000 -0.000000000 1.000000000
vn 0.000000000 0.000000000 -1.000000000
vn 0.000000000 0.000000000 1.000000000
vn 0.000000000 -0.000000000 -1.000000000
vn 0.000000000 0.000000000 1.000000000
vn 0.000000000 0.000000000 -1.000000000
vn -0.000000000 0.000000000 1.000000000
vn 0.000000000 0.000000000 -1.000000000
vn 0.000000000 -0.000000000 1.000000000
vn 0.000000000 0.000000000 -1.000000000
vn 0.000000000 -0.000000000 1.000000000
vn 0.000000000 0.000000000 -1.000000000
vn 0.000000000 -0.000000000 1.000000000
vn 0.000000000 0.000000000 -1.000000000
vn 0.000000000 -0.000000000 1.000000000
vn 0.000000000 0.000000000 -1.000000000
vn 0.000000000 -0.000000000 1.000000000
vn 0.000000000 0.000000000 -1.000000000
vn 0.000000000 0.000000000 1.000000000
vn 0.000000000 -0.000000000 -1.000000000
vn 0.000000000 0.000000000 1.000000000
vn -0.000000000 0.000000000 -1.000000000
vn 0.000000000 0.000000000 1.000000000
vn 0.000000000 0.000000000 -1.000000000
vn 0.000000000 0.000000000 1.000000000
vn 0.000000000 0.000000000 -1.000000000
vn 0.000000000 -0.000000000 1.000000000
vn 0.000000000 0.000000000 -1.000000000
vn 0.000000000 0.000000000 1.000000000
vn 0.000000000 -0.000000000 -1.000000000
vn 0.000000000 0.000000000 1.000000000
vn 0.000000000 0.000000000 -1.000000000
vn 0.000000000 -0.000000000 1.000000000
vn 0.000000000 0.000000000 -1.000000000
vn 0.000000000 0.000000000 1.000000000
vn 0.000000000 0.000000000 -1.000000000
vn 0.000000000 -0.000000000 1.000000000
vn 0.000000000 0.000000000 -1.000000000
vn 0.000000000 0.000000000 1.000000000
vn 0.000000000 -0.000000000 -1.000000000
vn 0.000000000 0.000000000 1.000000000
vn 0.000000000 0.000000000 -1.000000000
vn -0.000000000 0.000000000 1.000000000
vn 0.000000000 0.000000000 -1.000000000
vn 0.000000000 0.000000000 1.000000000
vn 0.000000000 0.000000000 -1.000000000
vn -0.000000000 0.000000000 1.000000000
vn 0.000000000 0.000000000 -1.000000000
vn -0.000000000 0.000000000 1.000000000
vn 0.000000000 0.000000000 -1.000000000
vn 0.000000000 0.000000000 1.000000000
vn -0.000000000 0.000000000 -1.000000000
vn 0.000000000 0.000000000 1.000000000
vn 0.000000000 0.000000000 -1.000000000
vn 0.000000000 0.000000000 1.000000000
vn -0.000000000 0.000000000 -1.000000000
vn 0.000000000 0.000000000 1.000000000
vn 0.000000000 0.000000000 -1.000000000
vn 0.000000000 -0.000000000 1.000000000
vn 0.000000000 0.000000000 -1.000000000
vn 0.000000000 0.000000000 1.000000000
vn 0.000000000 0.000000000 -1.000000000
vn 0.000000000 0.000000000 1.000000000
vn 0.000000000 0.000000000 -1.000000000
vn 0.000000000 0.000000000 1.000000000
vn 0.000000000 0.000000000 -1.000000000
vn 0.000000000 -0.000000000 1.000000000
vn 0.000000000 0.000000000 -1.000000000
vn 0.000000000 0.000000000 1.000000000
vn 0.000000000 0.000000000 -1.000000000
vn 0.000000000 0.000000000 1.000000000
vn 0.000000000 0.000000000 -1.000000000
vn -0.000000000 0.000000000 1.000000000
vn 0.000000000 0.000000000 -1.000000000
vn 0.000000000 0.000000000 1.000000000
vn 0.000000000 0.000000000 -1.000000000
vn 0.000000000 0.000000000 1.000000000
vn 0.000000000 0.000000000 -1.000000000
vn 0.000000000 0.000000000 1.000000000
vn 0.000000000 0.000000000 -1.000000000
vn 0.000000000 0.000000000 1.000000000
vn 0.000000000 0.000000000 -1.000000000
vn 0.000000000 0.000000000 1.000000000
vn 0.000000000 0.000000000 -1.000000000
vn 0.000000000 0.000000000 1.000000000
vn -0.000000000 0.000000000 -1.000000000
vn 0.000000000 0.000000000 1.000000000
vn 0.000000000 0.000000000 -1.000000000
vn 0.000000000 0.000000000 1.000000000
vn 0.000000000 0.000000000 -1.000000000
vn 0.000000000 -0.000000000 1.000000000
vn 0.000000000 0.000000000 -1.000000000
vn 0.000000000 0.000000000 1.000000000
vn 0.000000000 0.000000000 -1.000000000
vn 0.000000000 0.000000000 1.000000000
vn 0.000000000 0.000000000 -1.000000000
vn 0.000000000 -0.000000000 1.000000000
vn 0.000000000 0.000000000 -1.000000000
vn 0.000000000 0.000000000 1.000000000
vn -0.000000000 0.000000000 -1.000000000
vn -0.000000000 0.000000000 1.000000000
vn -0.000000000 -0.000000000 -1.000000000
vn -0.000000000 0.000000000 1.000000000
vn 0.000000000 -0.000000000 -1.000000000
vn 0.000000000 0.000000000 1.000000000
vn -0.000000000 0.000000000 -1.000000000
vn 0.000000000 0.000000000 1.000000000
vn -0.000000000 -0.000000000 -1.000000000
vn 0.000000000 0.000000000 1.000000000
vn 0.000000000 0.000000000 -1.000000000
vn 0.000000000 0.000000000 1.000000000
vn -0.000000000 0.000000000 -1.000000000
vn 0.000000000 0.000000000 1.000000000
vn 0.000000000 0.000000000 -1.000000000
vn 0.000000000 0.000000000 1.000000000
vn -0.000000000 -0.000000000 -1.000000000
vn -0.000000000 0.000000000 1.000000000
vn -0.000000000 0.000000000 -1.000000000
vn 0.000000000 0.000000000 1.000000000
vn 0.000000000 0.000000000 -1.000000000
vn 0.000000000 0.000000000 1.000000000
vn 0.000000000 0.000000000 -1.000000000
vn 0.000000000 0.000000000 1.000000000
vn 0.000000000 0.000000000 -1.000000000
vn 0.000000000 0.000000000 1.000000000
vn 0.000000000 0.000000000 -1.000000000
vn 0.000000000 0.000000000 1.000000000
vn 0.000000000 0.000000000 -1.000000000
vn 0.000000000 0.000000000 1.000000000
vn 0.000000000 -0.000000000 -1.000000000
vn 0.000000000 0.000000000 1.000000000
vn -0.000000000 0.000000000 -1.000000000
vn -0.000000000 0.000000000 1.000000000
vn 0.000000000 -0.000000000 -1.000000000
vn 0.000000000 0.000000000 1.000000000
vn 0.000000000 0.000000000 -1.000000000
vn 0.000000000 0.000000000 1.000000000
vn 0.000000000 0.000000000 -1.000000000
vn 0.000000000 0.000000000 1.000000000
vn 0.000000000 0.000000000 -1.000000000
vn 0.000000000 0.000000000 1.000000000
vn 0.000000000 0.000000000 -1.000000000
vn 0.000000000 0.000000000 1.000000000
vn 0.000000000 0.000000000 -1.000000000
vn 0.000000000 0.000000000 1.000000000
vn 0.000000000 0.000000000 -1.000000000
vn 0.000000000 0.000000000 1.000000000
vn 0.000000000 -0.000000000 -1.000000000
vn 0.000000000 0.000000000 1.000000000
vn 0.000000000 0.000000000 -1.000000000
vn 0.000000000 -0.000000000 1.000000000
vn 0.000000000 0.000000000 -1.000000000
vn 0.000000000 -0.000000000 1.000000000
vn 0.000000000 0.000000000 -1.000000000
vn 0.000000000 -0.000000000 1.000000000
vn 0.000000000 0.000000000 -1.000000000
vn 0.000000000 -0.000000000 1.000000000
vn 0.000000000 0.000000000 -1.000000000
vn 0.000000000 -0.000000000 1.000000000
vn 0.000000000 0.000000000 -1.000000000
vn -0.000000000 -0.000000000 1.000000000
vn 0.000000000 0.000000000 -1.000000000
vn 0.000000000 0.000000000 1.000000000
vn 0.000000000 -0.000000000 -1.000000000
vn 0.000000000 0.000000000 1.000000000
vn 0.000000000 -0.000000000 -1.000000000
vn 0.000000000 -0.000000000 1.000000000
vn 0.000000000 0.000000000 -1.000000000
vn 0.000000000 0.000000000 1.000000000
vn 0.000000000 0.000000000 -1.000000000
vn 0.000000000 0.000000000 1.000000000
vn -0.000000000 0.000000000 -1.000000000
vn 0.000000000 0.000000000 1.000000000
vn -0.000000000 0.000000000 -1.000000000
vn 0.000000000 0.000000000 1.000000000
vn 0.000000000 0.000000000 -1.000000000
vn 0.000000000 -0.000000000 1.000000000
vn 0.000000000 0.000000000 -1.000000000
vn 0.000000000 0.000000000 1.000000000
vn 0.000000000 0.000000000 -1.000000000
vn 0.000000000 0.000000000 1.000000000
vn 0.000000000 0.000000000 -1.000000000
vn 0.000000000 -0.000000000 1.000000000
vn 0.000000000 0.000000000 -1.000000000
vn 0.000000000 0.000000000 1.000000000
vn 0.000000000 0.000000000 -1.000000000
vn 0.000000000 0.000000000 1.000000000
vn 0.000000000 0.000000000 -1.000000000
vn 0.000000000 -0.000000000 1.000000000
vn 0.000000000 0.000000000 -1.000000000
vn 0.000000000 0.000000000 1.000000000
vn 0.000000000 0.000000000 -1.000000000
vn 0.000000000 -0.000000000 1.000000000
vn 0.000000000 0.000000000 -1.000000000
vn 0.000000000 -0.000000000 1.000000000
vn 0.000000000 0.000000000 -1.000000000
vn 0.000000000 0.000000000 1.000000000
vn 0.000000000 0.000000000 -1.000000000
vn 0.000000000 0.000000000 1.000000000
vn -0.000000000 0.000000000 -1.000000000
vn -0.000000000 0.000000000 1.000000000
vn 0.000000000 -0.000000000 -1.000000000
vn 0.000000000 0.000000000 1.000000000
vn 0.000000000 0.000000000 -1.000000000
vn 0.000000000 0.000000000 1.000000000
vn -0.000000000 0.000000000 -1.000000000
vn 0.000000000 0.000000000 1.000000000
vn 0.000000000 0.000000000 -1.000000000
vn 0.000000000 -0.000000000 1.000000000
vn 0.000000000 0.000000000 -1.000000000
vn 0.000000000 0.000000000 1.000000000
vn 0.000000000 0.000000000 -1.000000000
vn 0.000000000 0.000000000 1.000000000
vn 0.000000000 0.000000000 -1.000000000
vn 0.000000000 0.000000000 1.000000000
vn 0.000000000 0.000000000 -1.000000000
vn 0.000000000 -0.000000000 1.000000000
vn 0.000000000 0.000000000 -1.000000000
vn 0.000000000 -0.000000000 1.000000000
vn 0.000000000 0.000000000 -1.000000000
vn 0.000000000 0.000000000 1.000000000
vn 0.000000000 0.000000000 -1.000000000
vn 0.000000000 0.000000000 1.000000000
vn 0.000000000 0.000000000 -1.000000000
vn 0.000000000 0.000000000 1.000000000
vn 0.000000000 0.000000000 -1.000000000
vn 0.000000000 0.000000000 1.000000000
vn 0.000000000 0.000000000 -1.000000000
vn 0.000000000 -0.000000000 1.000000000
vn 0.000000000 0.000000000 -1.000000000
vn 0.000000000 0.000000000 1.000000000
vn 0.000000000 0.000000000 -1.000000000
vn -0.000000000 0.000000000 1.000000000
vn 0.000000000 0.000000000 -1.000000000
vn 0.000000000 0.000000000 1.000000000
vn -0.000000000 0.000000000 -1.000000000
vn 0.000000000 0.000000000 1.000000000
vn 0.000000000 0.000000000 -1.000000000
vn 0.000000000 0.000000000 1.000000000
vn 0.000000000 0.000000000 -1.000000000
vn 0.000000000 0.000000000 1.000000000
vn -0.000000000 0.000000000 -1.000000000
vn 0.000000000 0.000000000 1.000000000
vn 0.000000000 0.000000000 -1.000000000
vn 0.000000000 0.000000000 1.000000000
vn 0.000000000 0.000000000 -1.000000000
vn 0.000000000 0.000000000 1.000000000
vn 0.000000000 0.000000000 -1.000000000
vn 0.000000000 0.000000000 1.000000000
vn 0.000000000 0.000000000 -1.000000000
vn 0.000000000 0.000000000 1.000000000
vn 0.000000000 0.000000000 -1.000000000
vn 0.000000000 0.000000000 1.000000000
vn 0.000000000 0.000000000 -1.000000000
vn 0.000000000 0.000000000 1.000000000
vn 0.000000000 0.000000000 -1.000000000
vn 0.000000000 0.000000000 1.000000000
vn -0.000000000 0.000000000 -1.000000000
vn 0.000000000 0.000000000 1.000000000
vn 0.000000000 -0.000000000 -1.000000000
vn -0.000000000 0.000000000 1.000000000
vn 0.000000000 0.000000000 -1.000000000
vn 0.000000000 -0.000000000 1.000000000
vn 0.000000000 0.000000000 -1.000000000
vn 0.000000000 0.000000000 1.000000000
vn -0.000000000 -0.000000000 -1.000000000
vn -0.000000000 0.000000000 1.000000000
vn -0.000000000 -0.000000000 -1.000000000
vn 0.000000000 0.000000000 1.000000000
vn 0.000000000 0.000000000 -1.000000000
vn 0.000000000 0.000000000 1.000000000
vn 0.000000000 0.000000000 -1.000000000
vn 0.000000000 0.000000000 1.000000000
vn -0.000000000 -0.000000000 -1.000000000
vn 0.000000000 0.000000000 1.000000000
vn 0.000000000 0.000000000 -1.000000000
vn 0.000000000 0.000000000 1.000000000
vn 0.000000000 0.000000000 -1.000000000
vn 0.000000000 0.000000000 1.000000000
vn 0.000000000 0.000000000 -1.000000000
vn 0.000000000 0.000000000 1.000000000
vn 0.000000000 0.000000000 -1.000000000
vn 0.000000000 0.000000000 1.000000000
vn 0.000000000 0.000000000 -1.000000000
vn 0.000000000 0.000000000 1.000000000
vn 0.000000000 0.000000000 -1.000000000
vn 0.000000000 0.000000000 1.000000000
vn 0.000000000 0.000000000 -1.000000000
vn -0.000000000 0.000000000 1.000000000
vn 0.000000000 0.000000000 -1.000000000
vn 0.000000000 0.000000000 1.000000000
vn 0.000000000 -0.000000000 -1.000000000
vn -0.000000000 -0.000000000 1.000000000
vn 0.000000000 0.000000000 -1.000000000
vn -0.000000000 0.000000000 1.000000000
vn 0.000000000 -0.000000000 -1.000000000
vn 0.000000000 0.000000000 1.000000000
vn -0.000000000 0.000000000 -1.000000000
vn -0.000000000 0.000000000 1.000000000
vn 0.000000000 -0.000000000 -1.000000000
vn -0.000000000 0.000000000 1.000000000
vn 0.000000000 0.000000000 -1.000000000
vn 0.000000000 0.000000000 1.000000000
vn -0.000000000 0.000000000 -1.000000000
vn 0.000000000 0.000000000 1.000000000
vn 0.000000000 0.000000000 -1.000000000
vn 0.000000000 0.000000000 1.000000000
vn 0.000000000 0.000000000 -1.000000000
vn 0.000000000 0.000000000 1.000000000
vn 0.000000000 -0.000000000 -1.000000000
vn 0.000000000 0.000000000 1.000000000
vn 0.000000000 0.000000000 -1.000000000
vn 0.000000000 0.000000000 1.000000000
vn -0.000000000 0.000000000 -1.000000000
vn -0.000000000 -0.000000000 1.000000000
vn 0.000000000 0.000000000 -1.000000000
vn 0.000000000 0.000000000 1.000000000
vn 0.000000000 -0.000000000 -1.000000000
vn 0.000000000 0.000000000 1.000000000
vn 0.000000000 0.000000000 -1.000000000
vn 0.000000000 0.000000000 1.000000000
vn -0.000000000 0.000000000 -1.000000000
vn 0.000000000 0.000000000 1.000000000
vn 0.000000000 -0.000000000 -1.000000000
vn 0.000000000 0.000000000 1.000000000
vn -0.000000000 0.000000000 -1.000000000
vn 0.000000000 -0.000000000 1.000000000
vn 0.000000000 0.000000000 -1.000000000
vn 0.000000000 0.000000000 1.000000000
vn -0.000000000 -0.000000000 -1.000000000
vn 0.000000000 0.000000000 1.000000000
vn -0.000000000 -0.000000000 -1.000000000
vn 0.000000000 0.000000000 1.000000000
vn 0.000000000 0.000000000 -1.000000000
vn 0.000000000 0.000000000 1.000000000
vn 0.000000000 0.000000000 -1.000000000
vn 0.000000000 0.000000000 1.000000000
vn 0.000000000 -0.000000000 -1.000000000
vn 0.000000000 0.000000000 1.000000000
vn 0.000000000 0.000000000 -1.000000000
vn 0.000000000 -0.000000000 1.000000000
vn 0.000000000 0.000000000 -1.000000000
vn 0.000000000 -0.000000000 1.000000000
vn 0.000000000 0.000000000 -1.000000000
vn 0.000000000 0.000000000 1.000000000
vn 0.000000000 -0.000000000 -1.000000000
vn 0.000000000 -0.000000000 1.000000000
vn 0.000000000 0.000000000 -1.000000000
vn 0.000000000 0.000000000 1.000000000
vn 0.000000000 -0.000000000 -1.000000000
vn -0.000000000 0.000000000 1.000000000
vn 0.000000000 0.000000000 -1.000000000
vn 0.000000000 0.000000000 1.000000000
vn 0.000000000 0.000000000 -1.000000000
vn 0.000000000 0.000000000 1.000000000
vn 0.000000000 0.000000000 -1.000000000
vn 0.000000000 -0.000000000 1.000000000
vn 0.000000000 0.000000000 -1.000000000
vn 0.000000000 0.000000000 1.000000000
vn 0.000000000 0.000000000 -1.000000000
vn 0.000000000 0.000000000 1.000000000
vn 0.000000000 0.000000000 -1.000000000
vn 0.000000000 0.000000000 1.000000000
vn 0.000000000 0.000000000 -1.000000000
vn 0.000000000 0.000000000 1.000000000
vn 0.000000000 0.000000000 -1.000000000
vn 0.000000000 0.000000000 1.000000000
vn 0.000000000 0.000000000 -1.000000000
vn 0.000000000 0.000000000 1.000000000
vn 0.000000000 0.000000000 -1.000000000
vn -0.000000000 0.000000000 1.000000000
vn 0.000000000 -0.000000000 -1.000000000
vn 0.000000000 -0.000000000 1.000000000
vn 0.000000000 0.000000000 -1.000000000
vn 0.000000000 0.000000000 1.000000000
vn 0.000000000 0.000000000 -1.000000000
vn 0.000000000 0.000000000 1.000000000
vn 0.000000000 0.000000000 -1.000000000
vn 0.000000000 0.000000000 1.000000000
vn 0.000000000 0.000000000 -1.000000000
vn 0.000000000 -0.000000000 1.000000000
vn 0.000000000 0.000000000 -1.000000000
vn 0.000000000 0.000000000 1.000000000
vn 0.000000000 0.000000000 -1.000000000
vn 0.000000000 0.000000000 1.000000000
vn 0.000000000 0.000000000 -1.000000000
vn 0.000000000 0.000000000 1.000000000
vn 0.000000000 0.000000000 -1.000000000
vn 0.000000000 0.000000000 1.000000000
vn 0.000000000 0.000000000 -1.000000000
vn 0.000000000 0.000000000 1.000000000
vn 0.000000000 0.000000000 -1.000000000
vn 0.000000000 0.000000000 1.000000000
vn -0.000000000 0.000000000 -1.000000000
vn 0.000000000 0.000000000 1.000000000
vn 0.000000000 0.000000000 -1.000000000
vn -0.000000000 0.000000000 1.000000000
vn -0.000000000 0.000000000 -1.000000000
vn 0.000000000 0.000000000 1.000000000
vn 0.000000000 0.000000000 -1.000000000
vn 0.000000000 0.000000000 1.000000000
vn 0.000000000 0.000000000 -1.000000000
vn 0.000000000 -0.000000000 1.000000000
vn 0.000000000 0.000000000 -1.000000000
vn 0.000000000 0.000000000 1.000000000
vn 0.000000000 0.000000000 -1.000000000
vn 0.000000000 0.000000000 1.000000000
vn -0.000000000 0.000000000 -1.000000000
vn -0.000000000 0.000000000 1.000000000
vn 0.000000000 0.000000000 -1.000000000
vn -0.000000000 0.000000000 1.000000000
vn 0.000000000 -0.000000000 -1.000000000
vn -0.000000000 0.000000000 1.000000000
vn 0.000000000 0.000000000 -1.000000000
vn 0.000000000 0.000000000 1.000000000
vn 0.000000000 -0.000000000 -1.000000000
vn -0.000000000 0.000000000 1.000000000
vn 0.000000000 -0.000000000 -1.000000000
vn -0.000000000 0.000000000 1.000000000
vn 0.000000000 -0.000000000 -1.000000000
vn -0.000000000 0.000000000 1.000000000
vn 0.000000000 0.000000000 -1.000000000
vn 0.000000000 0.000000000 1.000000000
vn 0.000000000 0.000000000 -1.000000000
vn -0.000000000 0.000000000 1.000000000
vn 0.000000000 0.000000000 -1.000000000
vn 0.000000000 0.000000000 1.000000000
vn -0.000000000 0.000000000 -1.000000000
vn 0.000000000 0.000000000 1.000000000
vn 0.000000000 0.000000000 -1.000000000
vn 0.000000000 0.000000000 1.000000000
vn 0.000000000 0.000000000 -1.000000000
vn 0.000000000 0.000000000 1.000000000
vn -0.000000000 0.000000000 -1.000000000
vn 0.000000000 0.000000000 1.000000000
vn 0.000000000 0.000000000 -1.000000000
vn 0.000000000 0.000000000 1.000000000
vn -0.000000000 0.000000000 -1.000000000
vn -0.000000000 0.000000000 1.000000000
vn 0.000000000 -0.000000000 -1.000000000
vn 0.000000000 0.000000000 1.000000000
vn 0.000000000 0.000000000 -1.000000000
vn -0.000000000 0.000000000 1.000000000
vn 0.000000000 0.000000000 -1.000000000
vn -0.000000000 0.000000000 1.000000000
vn 0.000000000 0.000000000 -1.000000000
vn 0.000000000 0.000000000 1.000000000
vn -0.000000000 0.000000000 -1.000000000
vn 0.000000000 0.000000000 1.000000000
vn 0.000000000 0.000000000 -1.000000000
vn 0.000000000 0.000000000 1.000000000
vn 0.000000000 0.000000000 -1.000000000
vn 0.000000000 -0.000000000 1.000000000
vn 0.000000000 0.000000000 -1.000000000
vn 0.000000000 -0.000000000 1.000000000
vn 0.000000000 0.000000000 -1.000000000
vn 0.000000000 -0.000000000 1.000000000
vn 0.000000000 0.000000000 -1.000000000
vn 0.000000000 0.000000000 1.000000000
vn 0.000000000 0.000000000 -1.000000000
vn 0.000000000 0.000000000 1.000000000
vn 0.000000000 0.000000000 -1.000000000
vn 0.000000000 -0.000000000 1.000000000
vn 0.000000000 0.000000000 -1.000000000
vn 0.000000000 -0.000000000 1.000000000
vn 0.000000000 0.000000000 -1.000000000
vn 0.000000000 -0.000000000 1.000000000
vn 0.000000000 0.000000000 -1.000000000
vn 0.000000000 0.000000000 1.000000000
vn 0.000000000 -0.000000000 -1.000000000
vn 0.000000000 0.000000000 1.000000000
vn 0.000000000 0.000000000 -1.000000000
vn 0.000000000 0.000000000 1.000000000
vn 0.000000000 -0.000000000 -1.000000000
vn 0.000000000 0.000000000 1.000000000
vn 0.000000000 0.000000000 -1.000000000
vn 0.000000000 0.000000000 1.000000000
vn 0.000000000 0.000000000 -1.000000000
vn 0.000000000 0.000000000 1.000000000
vn 0.000000000 0.000000000 -1.000000000
vn 0.000000000 0.000000000 1.000000000
vn 0.000000000 0.000000000 -1.000000000
vn 0.000000000 0.000000000 1.000000000
vn 0.000000000 0.000000000 -1.000000000
vn 0.000000000 0.000000000 1.000000000
vn 0.000000000 0.000000000 -1.000000000
vn 0.000000000 0.000000000 1.000000000
vn 0.000000000 0.000000000 -1.000000000
vn 0.000000000 0.000000000 1.000000000
vn 0.000000000 0.000000000 -1.000000000
vn 0.000000000 0.000000000 1.000000000
vn 0.000000000 0.000000000 -1.000000000
vn 0.000000000 0.000000000 1.000000000
vn -0.000000000 0.000000000 -1.000000000
vn 0.000000000 0.000000000 1.000000000
vn 0.000000000 0.000000000 -1.000000000
vn -0.000000000 0.000000000 1.000000000
vn -0.000000000 0.000000000 -1.000000000
vn 0.000000000 0.000000000 1.000000000
vn 0.000000000 0.000000000 -1.000000000
vn 0.000000000 0.000000000 1.000000000
vn 0.000000000 -0.000000000 -1.000000000
vn -0.000000000 0.000000000 1.000000000
vn -0.000000000 0.000000000 -1.000000000
vn 0.000000000 0.000000000 1.000000000
vn 0.000000000 0.000000000 -1.000000000
vn 0.000000000 0.000000000 1.000000000
vn -0.000000000 0.000000000 -1.000000000
vn -0.000000000 0.000000000 1.000000000
vn 0.000000000 -0.000000000 -1.000000000
vn 0.000000000 -0.000000000 1.000000000
vn 0.000000000 0.000000000 -1.000000000
vn 0.000000000 0.000000000 1.000000000
vn 0.000000000 -0.000000000 -1.000000000
vn -0.000000000 0.000000000 1.000000000
vn 0.000000000 0.000000000 -1.000000000
vn 0.000000000 0.000000000 1.000000000
vn -0.000000000 0.000000000 -1.000000000
vn 0.000000000 0.000000000 1.000000000
vn 0.000000000 0.000000000 -1.000000000
vn -0.000000000 0.000000000 1.000000000
vn 0.000000000 0.000000000 -1.000000000
vn 0.000000000 0.000000000 1.000000000
vn 0.000000000 0.000000000 -1.000000000
vn 0.000000000 0.000000000 1.000000000
vn 0.000000000 0.000000000 -1.000000000
vn 0.000000000 0.000000000 1.000000000
vn -0.000000000 0.000000000 -1.000000000
vn 0.000000000 0.000000000 1.000000000
vn 0.000000000 0.000000000 -1.000000000
vn -0.000000000 0.000000000 1.000000000
vn 0.000000000 0.000000000 -1.000000000
vn 0.000000000 0.000000000 1.000000000
vn -0.000000000 0.000000000 -1.000000000
vn 0.000000000 0.000000000 1.000000000
vn 0.000000000 -0.000000000 -1.000000000
vn 0.000000000 0.000000000 1.000000000
vn 0.000000000 0.000000000 -1.000000000
vn 0.000000000 -0.000000000 1.000000000
vn 0.000000000 0.000000000 -1.000000000
vn 0.000000000 0.000000000 1.000000000
vn 0.000000000 0.000000000 -1.000000000
vn 0.000000000 0.000000000 1.000000000
vn 0.000000000 0.000000000 -1.000000000
vn 0.000000000 0.000000000 1.000000000
vn -0.000000000 0.000000000 -1.000000000
vn 0.000000000 0.000000000 1.000000000
vn 0.000000000 0.000000000 -1.000000000
vn 0.000000000 0.000000000 1.000000000
vn 0.000000000 -0.000000000 -1.000000000
vn 0.000000000 -0.000000000 1.000000000
vn 0.000000000 0.000000000 -1.000000000
vn 0.000000000 -0.000000000 1.000000000
vn 0.000000000 0.000000000 -1.000000000
vn 0.000000000 0.000000000 1.000000000
vn 0.000000000 -0.000000000 -1.000000000
vn 0.000000000 0.000000000 1.000000000
vn 0.000000000 0.000000000 -1.000000000
vn 0.000000000 0.000000000 1.000000000
vn 0.000000000 0.000000000 -1.000000000
vn 0.000000000 -0.000000000 1.000000000
vn 0.000000000 0.000000000 -1.000000000
vn 0.000000000 -0.000000000 1.000000000
vn 0.000000000 0.000000000 -1.000000000
vn 0.000000000 0.000000000 1.000000000
vn 0.000000000 0.000000000 -1.000000000
vn 0.000000000 0.000000000 1.000000000
vn 0.000000000 0.000000000 -1.000000000
vn 0.000000000 0.000000000 1.000000000
vn 0.000000000 0.000000000 -1.000000000
vn 0.000000000 0.000000000 1.000000000
vn 0.000000000 0.000000000 -1.000000000
vn 0.000000000 0.000000000 1.000000000
vn 0.000000000 0.000000000 -1.000000000
vn 0.000000000 0.000000000 1.000000000
vn 0.000000000 -0.000000000 -1.000000000
vn 0.000000000 0.000000000 1.000000000
vn 0.000000000 0.000000000 -1.000000000
vn 0.000000000 0.000000000 1.000000000
vn 0.000000000 0.000000000 -1.000000000
vn 0.000000000 0.000000000 1.000000000
vn 0.000000000 0.000000000 -1.000000000
vn 0.000000000 0.000000000 1.000000000
vn 0.000000000 0.000000000 -1.000000000
vn 0.000000000 0.000000000 1.000000000
vn 0.000000000 0.000000000 -1.000000000
vn -0.000000000 0.000000000 1.000000000
vn -0.000000000 0.000000000 -1.000000000
vn 0.000000000 0.000000000 1.000000000
vn 0.000000000 0.000000000 -1.000000000
vn 0.000000000 0.000000000 1.000000000
vn 0.000000000 0.000000000 -1.000000000
vn -0.000000000 0.000000000 1.000000000
vn 0.000000000 0.000000000 -1.000000000
vn 0.000000000 0.000000000 1.000000000
vn -0.000000000 0.000000000 -1.000000000
vn 0.000000000 0.000000000 1.000000000
vn -0.000000000 0.000000000 -1.000000000
vn -0.000000000 0.000000000 1.000000000
vn 0.000000000 0.000000000 -1.000000000
vn 0.000000000 0.000000000 1.000000000
vn 0.000000000 0.000000000 -1.000000000
vn 0.000000000 0.000000000 1.000000000
vn 0.000000000 0.000000000 -1.000000000
vn 0.000000000 0.000000000 1.000000000
vn 0.000000000 0.000000000 -1.000000000
vn 0.000000000 -0.000000000 1.000000000
vn 0.000000000 0.000000000 -1.000000000
vn 0.000000000 0.000000000 1.000000000
vn 0.000000000 0.000000000 -1.000000000
vn 0.000000000 0.000000000 1.000000000
vn -0.000000000 0.000000000 -1.000000000
vn -0.000000000 -0.000000000 1.000000000
vn 0.000000000 0.000000000 -1.000000000
vn -0.000000000 0.000000000 1.000000000
vn 0.000000000 0.000000000 -1.000000000
vn 0.000000000 0.000000000 1.000000000
vn -0.000000000 0.000000000 -1.000000000
vn 0.000000000 0.000000000 1.000000000
vn -0.000000000 0.000000000 -1.000000000
vn 0.000000000 0.000000000 1.000000000
vn 0.000000000 0.000000000 -1.000000000
vn 0.000000000 0.000000000 1.000000000
vn 0.000000000 0.000000000 -1.000000000
vn -0.000000000 0.000000000 1.000000000
vn 0.000000000 0.000000000 -1.000000000
vn 0.000000000 -0.000000000 1.000000000
vn 0.000000000 0.000000000 -1.000000000
vn 0.000000000 0.000000000 1.000000000
vn 0.000000000 0.000000000 -1.000000000
vn 0.000000000 0.000000000 1.000000000
vn -0.000000000 0.000000000 -1.000000000
vn 0.000000000 0.000000000 1.000000000
vn 0.000000000 0.000000000 -1.000000000
vn -0.000000000 0.000000000 1.000000000
vn -0.000000000 0.000000000 -1.000000000
vn 0.000000000 0.000000000 1.000000000
vn 0.000000000 0.000000000 -1.000000000
vn 0.000000000 -0.000000000 1.000000000
vn 0.000000000 0.000000000 -1.000000000
vn 0.000000000 -0.000000000 1.000000000
vn 0.000000000 0.000000000 -1.000000000
vn 0.000000000 0.000000000 1.000000000
vn -0.000000000 -0.000000000 -1.000000000
vn 0.000000000 -0.000000000 1.000000000
vn 0.000000000 0.000000000 -1.000000000
vn -0.000000000 0.000000000 1.000000000
vn 0.000000000 -0.000000000 -1.000000000
vn 0.000000000 -0.000000000 1.000000000
vn 0.000000000 0.000000000 -1.000000000
vn 0.000000000 0.000000000 1.000000000
vn 0.000000000 0.000000000 -1.000000000
vn 0.000000000 0.000000000 1.000000000
vn 0.000000000 0.000000000 -1.000000000
vn 0.000000000 0.000000000 1.000000000
vn 0.000000000 0.000000000 -1.000000000
vn 0.000000000 0.000000000 1.000000000
vn 0.000000000 0.000000000 -1.000000000
vn 0.000000000 0.000000000 1.000000000
vn 0.000000000 0.000000000 -1.000000000
vn 0.000000000 0.000000000 1.000000000
vn 0.000000000 0.000000000 -1.000000000
vn 0.000000000 0.000000000 1.000000000
vn 0.000000000 0.000000000 -1.000000000
vn 0.000000000 0.000000000 1.000000000
vn 0.000000000 0.000000000 -1.000000000
vn 0.000000000 0.000000000 1.000000000
vn 0.000000000 0.000000000 -1.000000000
vn 0.000000000 0.000000000 1.000000000
vn 0.000000000 0.000000000 -1.000000000
vn 0.000000000 0.000000000 1.000000000
vn 0.000000000 0.000000000 -1.000000000
vn 0.000000000 0.000000000 1.000000000
vn 0.000000000 0.000000000 -1.000000000
vn 0.000000000 0.000000000 1.000000000
vn 0.000000000 0.000000000 -1.000000000
vn 0.000000000 0.000000000 1.000000000
vn 0.000000000 0.000000000 -1.000000000
vn 0.000000000 0.000000000 1.000000000
vn 0.000000000 0.000000000 -1.000000000
vn 0.000000000 0.000000000 1.000000000
vn 0.000000000 0.000000000 -1.000000000
vn 0.000000000 0.000000000 1.000000000
vn -0.000000000 0.000000000 -1.000000000
vn -0.000000000 0.000000000 1.000000000
vn 0.000000000 -0.000000000 -1.000000000
vn -0.000000000 0.000000000 1.000000000
vn 0.000000000 0.000000000 -1.000000000
vn 0.000000000 -0.000000000 1.000000000
vn 0.000000000 0.000000000 -1.000000000
vn 0.000000000 0.000000000 1.000000000
vn 0.000000000 -0.000000000 -1.000000000
vn 0.000000000 0.000000000 1.000000000
vn 0.000000000 0.000000000 -1.000000000
vn 0.000000000 0.000000000 1.000000000
vn 0.000000000 -0.000000000 -1.000000000
vn 0.000000000 0.000000000 1.000000000
vn 0.000000000 0.000000000 -1.000000000
vn 0.000000000 0.000000000 1.000000000
vn 0.000000000 0.000000000 -1.000000000
vn 0.000000000 0.000000000 1.000000000
vn 0.000000000 0.000000000 -1.000000000
vn 0.000000000 0.000000000 1.000000000
vn 0.000000000 0.000000000 -1.000000000
vn 0.000000000 0.000000000 1.000000000
vn 0.000000000 0.000000000 -1.000000000
vn 0.000000000 -0.000000000 1.000000000
vn 0.000000000 0.000000000 -1.000000000
vn -0.000000000 0.000000000 1.000000000
vn -0.000000000 -0.000000000 -1.000000000
vn -0.000000000 0.000000000 1.000000000
vn 0.000000000 0.000000000 -1.000000000
vn -0.000000000 0.000000000 1.000000000
vn 0.000000000 0.000000000 -1.000000000
vn 0.000000000 0.000000000 1.000000000
vn 0.000000000 0.000000000 -1.000000000
vn 0.000000000 -0.000000000 1.000000000
vn 0.000000000 0.000000000 -1.000000000
vn -0.000000000 0.000000000 1.000000000
vn 0.000000000 -0.000000000 -1.000000000
vn -0.000000000 0.000000000 1.000000000
vn -0.000000000 0.000000000 -1.000000000
vn -0.000000000 0.000000000 1.000000000
vn 0.000000000 0.000000000 -1.000000000
vn 0.000000000 -0.000000000 1.000000000
vn 0.000000000 0.000000000 -1.000000000
vn 0.000000000 -0.000000000 1.000000000
vn 0.000000000 0.000000000 -1.000000000
vn 0.000000000 0.000000000 1.000000000
vn 0.000000000 -0.000000000 -1.000000000
vn 0.000000000 0.000000000 1.000000000
vn 0.000000000 0.000000000 -1.000000000
vn 0.000000000 0.000000000 1.000000000
vn 0.000000000 0.000000000 -1.000000000
vn -0.000000000 0.000000000 1.000000000
vn -0.000000000 0.000000000 -1.000000000
vn 0.000000000 0.000000000 1.000000000
vn -0.000000000 0.000000000 -1.000000000
vn 0.000000000 -0.000000000 1.000000000
vn 0.000000000 0.000000000 -1.000000000
vn 0.000000000 0.000000000 1.000000000
vn -0.000000000 -0.000000000 -1.000000000
vn 0.000000000 -0.000000000 1.000000000
vn 0.000000000 0.000000000 -1.000000000
vn 0.000000000 -0.000000000 1.000000000
vn 0.000000000 0.000000000 -1.000000000
vn 0.000000000 -0.000000000 1.000000000
vn 0.000000000 0.000000000 -1.000000000
vn 0.000000000 -0.000000000 1.000000000
vn 0.000000000 0.000000000 -1.000000000
vn 0.000000000 0.000000000 1.000000000
vn 0.000000000 -0.000000000 -1.000000000
vn 0.000000000 0.000000000 1.000000000
vn 0.000000000 0.000000000 -1.000000000
vn 0.000000000 0.000000000 1.000000000
vn 0.000000000 0.000000000 -1.000000000
vn 0.000000000 -0.000000000 1.000000000
vn 0.000000000 0.000000000 -1.000000000
vn 0.000000000 0.000000000 1.000000000
vn 0.000000000 0.000000000 -1.000000000
vn 0.000000000 0.000000000 1.000000000
vn 0.000000000 -0.000000000 -1.000000000
vn 0.000000000 0.000000000 1.000000000
vn 0.000000000 0.000000000 -1.000000000
vn 0.000000000 0.000000000 1.000000000
vn 0.000000000 0.000000000 -1.000000000
vn 0.000000000 0.000000000 1.000000000
vn 0.000000000 0.000000000 -1.000000000
vn 0.000000000 -0.000000000 1.000000000
vn 0.000000000 0.000000000 -1.000000000
vn 0.000000000 -0.000000000 1.000000000
vn 0.000000000 0.000000000 -1.000000000
vn 0.000000000 0.000000000 1.000000000
vn 0.000000000 0.000000000 -1.000000000
vn 0.000000000 0.000000000 1.000000000
vn 0.000000000 0.000000000 -1.000000000
vn -0.000000000 0.000000000 1.000000000
vn 0.000000000 -0.000000000 -1.000000000
vn -0.000000000 0.000000000 1.000000000
vn 0.000000000 -0.000000000 -1.000000000
vn 0.000000000 0.000000000 1.000000000
vn 0.000000000 -0.000000000 -1.000000000
vn 0.000000000 0.000000000 1.000000000
vn 0.000000000 -0.000000000 -1.000000000
vn 0.000000000 0.000000000 1.000000000
vn 0.000000000 -0.000000000 -1.000000000
vn 0.000000000 0.000000000 1.000000000
vn 0.000000000 0.000000000 -1.000000000
vn 0.000000000 0.000000000 1.000000000
vn 0.000000000 0.000000000 -1.000000000
vn 0.000000000 0.000000000 1.000000000
vn 0.000000000 -0.000000000 -1.000000000
vn 0.000000000 0.000000000 1.000000000
vn 0.000000000 -0.000000000 -1.000000000
vn -0.000000000 0.000000000 1.000000000
vn 0.000000000 0.000000000 -1.000000000
vn 0.000000000 0.000000000 1.000000000
vn 0.000000000 0.000000000 -1.000000000
vn 0.000000000 0.000000000 1.000000000
vn 0.000000000 -0.000000000 -1.000000000
vn 0.000000000 0.000000000 1.000000000
vn 0.000000000 0.000000000 -1.000000000
vn 0.000000000 0.000000000 1.000000000
vn 0.000000000 0.000000000 -1.000000000
vn 0.000000000 -0.000000000 1.000000000
vn 0.000000000 0.000000000 -1.000000000
vn 0.000000000 0.000000000 1.000000000
vn 0.000000000 0.000000000 -1.000000000
vn 0.000000000 0.000000000 1.000000000
vn 0.000000000 -0.000000000 -1.000000000
vn 0.000000000 0.000000000 1.000000000
vn 0.000000000 0.000000000 -1.000000000
vn 0.000000000 0.000000000 1.000000000
vn 0.000000000 0.000000000 -1.000000000
vn 0.000000000 0.000000000 1.000000000
vn 0.000000000 0.000000000 -1.000000000
vn 0.000000000 0.000000000 1.000000000
vn 0.000000000 0.000000000 -1.000000000
vn 0.000000000 0.000000000 1.000000000
vn 0.000000000 0.000000000 -1.000000000
vn 0.000000000 0.000000000 1.000000000
vn 0.000000000 0.000000000 -1.000000000
vn 0.000000000 0.000000000 1.000000000
vn 0.000000000 0.000000000 -1.000000000
vn 0.000000000 0.000000000 1.000000000
vn 0.000000000 0.000000000 -1.000000000
vn 0.000000000 0.000000000 1.000000000
vn 0.000000000 0.000000000 -1.000000000
vn 0.000000000 0.000000000 1.000000000
vn 0.000000000 0.000000000 -1.000000000
vn -0.000000000 0.000000000 1.000000000
vn -0.000000000 0.000000000 -1.000000000
vn -0.000000000 0.000000000 1.000000000
vn 0.000000000 0.000000000 -1.000000000
vn 0.000000000 0.000000000 1.000000000
vn 0.000000000 0.000000000 -1.000000000
vn 0.000000000 0.000000000 1.000000000
vn 0.000000000 0.000000000 -1.000000000
vn 0.000000000 0.000000000 1.000000000
vn 0.000000000 0.000000000 -1.000000000
vn 0.000000000 0.000000000 1.000000000
vn -0.000000000 0.000000000 -1.000000000
vn 0.000000000 0.000000000 1.000000000
vn -0.000000000 0.000000000 -1.000000000
vn 0.000000000 0.000000000 1.000000000
vn 0.000000000 0.000000000 -1.000000000
vn 0.000000000 0.000000000 1.000000000
vn 0.000000000 0.000000000 -1.000000000
vn 0.000000000 0.000000000 1.000000000
vn 0.000000000 0.000000000 -1.000000000
vn -0.000000000 0.000000000 1.000000000
vn 0.000000000 0.000000000 -1.000000000
vn 0.000000000 0.000000000 1.000000000
vn 0.000000000 0.000000000 -1.000000000
vn 0.000000000 0.000000000 1.000000000
vn 0.000000000 -0.000000000 -1.000000000
vn 0.000000000 -0.000000000 1.000000000
vn 0.000000000 0.000000000 -1.000000000
vn 0.000000000 0.000000000 1.000000000
vn 0.000000000 -0.000000000 -1.000000000
vn 0.000000000 0.000000000 1.000000000
vn 0.000000000 0.000000000 -1.000000000
vn 0.000000000 -0.000000000 1.000000000
vn 0.000000000 0.000000000 -1.000000000
vn 0.000000000 -0.000000000 1.000000000
vn 0.000000000 0.000000000 -1.000000000
vn 0.000000000 0.000000000 1.000000000
vn 0.000000000 -0.000000000 -1.000000000
vn 0.000000000 -0.000000000 1.000000000
vn 0.000000000 0.000000000 -1.000000000
vn 0.000000000 0.000000000 1.000000000
vn 0.000000000 -0.000000000 -1.000000000
vn 0.000000000 0.000000000 1.000000000
vn 0.000000000 0.000000000 -1.000000000
vn 0.000000000 -0.000000000 1.000000000
vn 0.000000000 0.000000000 -1.000000000
vn 0.000000000 0.000000000 1.000000000
vn 0.000000000 -0.000000000 -1.000000000
vn 0.000000000 -0.000000000 1.000000000
vn 0.000000000 0.000000000 -1.000000000
vn 0.000000000 0.000000000 1.000000000
vn 0.000000000 -0.000000000 -1.000000000
vn 0.000000000 0.000000000 1.000000000
vn 0.000000000 0.000000000 -1.000000000
vn 0.000000000 -0.000000000 1.000000000
vn 0.000000000 0.000000000 -1.000000000
vn 0.000000000 0.000000000 1.000000000
vn 0.000000000 0.000000000 -1.000000000
vn 0.000000000 0.000000000 1.000000000
vn 0.000000000 -0.000000000 -1.000000000
vn 0.000000000 -0.000000000 1.000000000
vn 0.000000000 0.000000000 -1.000000000
vn 0.000000000 0.000000000 1.000000000
vn 0.000000000 0.000000000 -1.000000000
vn 0.000000000 0.000000000 1.000000000
vn 0.000000000 -0.000000000 -1.000000000
vn 0.000000000 0.000000000 1.000000000
vn 0.000000000 0.000000000 -1.000000000
vn 0.000000000 -0.000000000 1.000000000
vn 0.000000000 0.000000000 -1.000000000
vn 0.000000000 -0.000000000 1.000000000
vn 0.000000000 0.000000000 -1.000000000
vn -0.000000000 0.000000000 1.000000000
vn 0.000000000 -0.000000000 -1.000000000
vn 0.000000000 0.000000000 1.000000000
vn 0.000000000 0.000000000 -1.000000000
vn 0.000000000 0.000000000 1.000000000
vn 0.000000000 0.000000000 -1.000000000
vn 0.000000000 0.000000000 1.000000000
vn 0.000000000 -0.000000000 -1.000000000
vn 0.000000000 0.000000000 1.000000000
vn 0.000000000 0.000000000 -1.000000000
vn 0.000000000 0.000000000 1.000000000
vn 0.000000000 -0.000000000 -1.000000000
vn 0.000000000 0.000000000 1.000000000
vn 0.000000000 0.000000000 -1.000000000
vn 0.000000000 0.000000000 1.000000000
vn 0.000000000 -0.000000000 -1.000000000
vn 0.000000000 0.000000000 1.000000000
vn 0.000000000 0.000000000 -1.000000000
vn 0.000000000 0.000000000 1.000000000
vn 0.000000000 -0.000000000 -1.000000000
vn 0.000000000 0.000000000 1.000000000
vn 0.000000000 0.000000000 -1.000000000
vn 0.000000000 0.000000000 1.000000000
vn 0.000000000 0.000000000 -1.000000000
vn -0.000000000 0.000000000 1.000000000
vn 0.000000000 -0.000000000 -1.000000000
vn 0.000000000 0.000000000 1.000000000
vn 0.000000000 0.000000000 -1.000000000
vn 0.000000000 0.000000000 1.000000000
vn 0.000000000 -0.000000000 -1.000000000
vn 0.000000000 0.000000000 1.000000000
vn 0.000000000 -0.000000000 -1.000000000
vn -0.000000000 0.000000000 1.000000000
vn 0.000000000 0.000000000 -1.000000000
vn 0.000000000 0.000000000 1.000000000
vn 0.000000000 -0.000000000 -1.000000000
vn 0.000000000 0.000000000 1.000000000
vn 0.000000000 -0.000000000 -1.000000000
vn -0.000000000 0.000000000 1.000000000
vn 0.000000000 0.000000000 -1.000000000
vn -0.000000000 0.000000000 1.000000000
vn 0.000000000 0.000000000 -1.000000000
vn -0.000000000 0.000000000 1.000000000
vn 0.000000000 0.000000000 -1.000000000
vn 0.000000000 0.000000000 1.000000000
vn 0.000000000 -0.000000000 -1.000000000
vn 0.000000000 -0.000000000 1.000000000
vn 0.000000000 0.000000000 -1.000000000
vn 0.000000000 0.000000000 1.000000000
vn 0.000000000 0.000000000 -1.000000000
vn 0.000000000 0.000000000 1.000000000
vn 0.000000000 0.000000000 -1.000000000
vn -0.000000000 0.000000000 1.000000000
vn 0.000000000 0.000000000 -1.000000000
vn 0.000000000 0.000000000 1.000000000
vn 0.000000000 0.000000000 -1.000000000
vn 0.000000000 0.000000000 1.000000000
vn 0.000000000 0.000000000 -1.000000000
vn 0.000000000 0.000000000 1.000000000
vn 0.000000000 0.000000000 -1.000000000
vn 0.000000000 0.000000000 1.000000000
vn 0.000000000 0.000000000 -1.000000000
vn 0.000000000 0.000000000 1.000000000
vn 0.000000000 0.000000000 -1.000000000
vn 0.000000000 0.000000000 1.000000000
vn 0.000000000 0.000000000 -1.000000000
vn 0.000000000 0.000000000 1.000000000
vn 0.000000000 0.000000000 -1.000000000
vn 0.000000000 0.000000000 1.000000000
vn -0.000000000 0.000000000 -1.000000000
vn 0.000000000 0.000000000 1.000000000
vn -0.000000000 0.000000000 -1.000000000
vn 0.000000000 0.000000000 1.000000000
vn 0.000000000 0.000000000 -1.000000000
vn 0.000000000 0.000000000 1.000000000
vn 0.000000000 0.000000000 -1.000000000
vn 0.000000000 0.000000000 1.000000000
vn 0.000000000 0.000000000 -1.000000000
vn 0.000000000 0.000000000 1.000000000
vn 0.000000000 0.000000000 -1.000000000
vn 0.000000000 0.000000000 1.000000000
vn 0.000000000 0.000000000 -1.000000000
vn 0.000000000 0.000000000 1.000000000
vn 0.000000000 0.000000000 -1.000000000
vn 0.000000000 0.000000000 1.000000000
vn 0.000000000 0.000000000 -1.000000000
vn 0.000000000 0.000000000 1.000000000
vn 0.000000000 0.000000000 -1.000000000
vn 0.000000000 0.000000000 1.000000000
vn 0.000000000 0.000000000 -1.000000000
vn 0.000000000 0.000000000 1.000000000
vn 0.000000000 0.000000000 -1.000000000
vn -0.000000000 0.000000000 1.000000000
vn 0.000000000 0.000000000 -1.000000000
vn -0.000000000 0.000000000 1.000000000
vn 0.000000000 0.000000000 -1.000000000
vn -0.000000000 0.000000000 1.000000000
vn 0.000000000 0.000000000 -1.000000000
vn 0.000000000 0.000000000 1.000000000
vn 0.000000000 -0.000000000 -1.000000000
vn 0.000000000 0.000000000 1.000000000
vn 0.000000000 0.000000000 -1.000000000
vn -0.000000000 0.000000000 1.000000000
vn 0.000000000 0.000000000 -1.000000000
vn 0.000000000 0.000000000 1.000000000
vn 0.000000000 -0.000000000 -1.000000000
vn 0.000000000 -0.000000000 1.000000000
vn 0.000000000 0.000000000 -1.000000000
vn 0.000000000 0.000000000 1.000000000
vn 0.000000000 -0.000000000 -1.000000000
vn 0.000000000 0.000000000 1.000000000
vn 0.000000000 0.000000000 -1.000000000
vn 0.000000000 -0.000000000 1.000000000
vn 0.000000000 0.000000000 -1.000000000
vn 0.000000000 0.000000000 1.000000000
vn 0.000000000 -0.000000000 -1.000000000
vn 0.000000000 -0.000000000 1.000000000
vn 0.000000000 0.000000000 -1.000000000
vn 0.000000000 0.000000000 1.000000000
vn 0.000000000 -0.000000000 -1.000000000
vn 0.000000000 0.000000000 1.000000000
vn 0.000000000 0.000000000 -1.000000000
vn -0.000000000 0.000000000 1.000000000
vn 0.000000000 -0.000000000 -1.000000000
vn 0.000000000 0.000000000 1.000000000
vn 0.000000000 0.000000000 -1.000000000
vn 0.000000000 0.000000000 1.000000000
vn 0.000000000 0.000000000 -1.000000000
vn 0.000000000 -0.000000000 1.000000000
vn 0.000000000 0.000000000 -1.000000000
vn 0.000000000 0.000000000 1.000000000
vn 0.000000000 0.000000000 -1.000000000
vn 0.000000000 -0.000000000 1.000000000
vn 0.000000000 0.000000000 -1.000000000
vn 0.000000000 -0.000000000 1.000000000
vn 0.000000000 0.000000000 -1.000000000
vn 0.000000000 0.000000000 1.000000000
vn 0.000000000 0.000000000 -1.000000000
vn 0.000000000 -0.000000000 1.000000000
vn 0.000000000 0.000000000 -1.000000000
vn 0.000000000 0.000000000 1.000000000
vn 0.000000000 -0.000000000 -1.000000000
vn 0.000000000 0.000000000 1.000000000
vn 0.000000000 0.000000000 -1.000000000
vn 0.000000000 0.000000000 1.000000000
vn 0.000000000 0.000000000 -1.000000000
vn 0.000000000 0.000000000 1.000000000
vn 0.000000000 0.000000000 -1.000000000
vn 0.000000000 0.000000000 1.000000000
vn 0.000000000 0.000000000 -1.000000000
vn 0.000000000 0.000000000 1.000000000
vn 0.000000000 0.000000000 -1.000000000
vn 0.000000000 0.000000000 1.000000000
vn 0.000000000 0.000000000 -1.000000000
vn 0.000000000 0.000000000 1.000000000
vn 0.000000000 0.000000000 -1.000000000
vn 0.000000000 0.000000000 1.000000000
vn 0.000000000 0.000000000 -1.000000000
vn 0.000000000 0.000000000 1.000000000
vn 0.000000000 0.000000000 -1.000000000
vn 0.000000000 0.000000000 1.000000000
vn 0.000000000 0.000000000 -1.000000000
vn 0.000000000 0.000000000 1.000000000
vn 0.000000000 0.000000000 -1.000000000
vn 0.000000000 0.000000000 1.000000000
vn 0.000000000 0.000000000 -1.000000000
vn 0.000000000 0.000000000 1.000000000
vn 0.000000000 0.000000000 -1.000000000
vn 0.000000000 0.000000000 1.000000000
vn 0.000000000 0.000000000 -1.000000000
vn 0.000000000 0.000000000 1.000000000
vn 0.000000000 0.000000000 -1.000000000
vn 0.000000000 0.000000000 1.000000000
vn 0.000000000 0.000000000 -1.000000000
vn 0.000000000 0.000000000 1.000000000
vn 0.000000000 0.000000000 -1.000000000
vn 0.000000000 0.000000000 1.000000000
vn 0.000000000 0.000000000 -1.000000000
vn 0.000000000 0.000000000 1.000000000
vn 0.000000000 0.000000000 -1.000000000
vn 0.000000000 0.000000000 1.000000000
vn 0.000000000 0.000000000 -1.000000000
vn 0.000000000 0.000000000 1.000000000
vn 0.000000000 0.000000000 -1.000000000
vn 0.000000000 0.000000000 1.000000000
vn 0.000000000 0.000000000 -1.000000000
vn 0.000000000 0.000000000 1.000000000
vn -0.000000000 0.000000000 -1.000000000
vn 0.000000000 0.000000000 1.000000000
vn 0.000000000 -0.000000000 -1.000000000
vn 0.000000000 0.000000000 1.000000000
vn -0.000000000 0.000000000 -1.000000000
vn 0.000000000 0.000000000 1.000000000
vn 0.000000000 0.000000000 -1.000000000
vn 0.000000000 0.000000000 1.000000000
vn 0.000000000 0.000000000 -1.000000000
vn 0.000000000 0.000000000 1.000000000
vn 0.000000000 0.000000000 -1.000000000
vn 0.000000000 0.000000000 1.000000000
vn 0.000000000 0.000000000 -1.000000000
vn 0.000000000 0.000000000 1.000000000
vn 0.000000000 0.000000000 -1.000000000
vn 0.000000000 0.000000000 1.000000000
vn 0.000000000 0.000000000 -1.000000000
vn 0.000000000 0.000000000 1.000000000
vn 0.000000000 0.000000000 -1.000000000
vn 0.000000000 0.000000000 1.000000000
vn 0.000000000 0.000000000 -1.000000000
vn 0.000000000 0.000000000 1.000000000
vn 0.000000000 0.000000000 -1.000000000
vn 0.000000000 0.000000000 1.000000000
vn 0.000000000 0.000000000 -1.000000000
vn 0.000000000 0.000000000 1.000000000
vn 0.000000000 0.000000000 -1.000000000
vn 0.000000000 0.000000000 1.000000000
vn 0.000000000 0.000000000 -1.000000000
vn 0.000000000 0.000000000 1.000000000
vn 0.000000000 0.000000000 -1.000000000
vn 0.000000000 0.000000000 1.000000000
vn 0.000000000 0.000000000 -1.000000000
vn 0.000000000 0.000000000 1.000000000
vn -0.000000000 0.000000000 -1.000000000
vn 0.000000000 0.000000000 1.000000000
vn 0.000000000 0.000000000 -1.000000000
vn 0.000000000 0.000000000 1.000000000
vn -0.000000000 0.000000000 -1.000000000
vn 0.000000000 0.000000000 1.000000000
vn 0.000000000 0.000000000 -1.000000000
vn 0.000000000 0.000000000 1.000000000
vn 0.000000000 0.000000000 -1.000000000
vn 0.000000000 0.000000000 1.000000000
vn 0.000000000 0.000000000 -1.000000000
vn 0.000000000 0.000000000 1.000000000
vn 0.000000000 0.000000000 -1.000000000
vn 0.000000000 0.000000000 1.000000000
vn 0.000000000 0.000000000 -1.000000000
vn 0.000000000 0.000000000 1.000000000
vn 0.000000000 0.000000000 -1.000000000
vn -0.000000000 0.000000000 1.000000000
vn 0.000000000 0.000000000 -1.000000000
vn -0.000000000 0.000000000 1.000000000
vn 0.000000000 0.000000000 -1.000000000
vn 0.000000000 0.000000000 1.000000000
vn 0.000000000 -0.000000000 -1.000000000
vn 0.000000000 0.000000000 1.000000000
vn 0.000000000 0.000000000 -1.000000000
vn -0.000000000 0.000000000 1.000000000
vn 0.000000000 0.000000000 -1.000000000
vn -0.000000000 0.000000000 1.000000000
vn 0.000000000 0.000000000 -1.000000000
vn 0.000000000 0.000000000 1.000000000
vn 0.000000000 -0.000000000 -1.000000000
vn 0.000000000 0.000000000 1.000000000
vn 0.000000000 0.000000000 -1.000000000
vn 0.000000000 -0.000000000 1.000000000
vn 0.000000000 0.000000000 -1.000000000
vn 0.000000000 0.000000000 1.000000000
vn 0.000000000 -0.000000000 -1.000000000
vn 0.000000000 -0.000000000 1.000000000
vn 0.000000000 0.000000000 -1.000000000
vn 0.000000000 0.000000000 1.000000000
vn 0.000000000 -0.000000000 -1.000000000
vn 0.000000000 -0.000000000 1.000000000
vn 0.000000000 0.000000000 -1.000000000
vn 0.000000000 0.000000000 1.000000000
vn 0.000000000 -0.000000000 -1.000000000
vn 0.000000000 -0.000000000 1.000000000
vn 0.000000000 0.000000000 -1.000000000
vn 0.000000000 0.000000000 1.000000000
vn 0.000000000 -0.000000000 -1.000000000
vn 0.000000000 0.000000000 1.000000000
vn 0.000000000 0.000000000 -1.000000000
vn 0.000000000 0.000000000 1.000000000
vn 0.000000000 -0.000000000 -1.000000000
vn 0.000000000 -0.000000000 1.000000000
vn 0.000000000 0.000000000 -1.000000000
vn 0.000000000 0.000000000 1.000000000
vn 0.000000000 -0.000000000 -1.000000000
vn 0.000000000 0.000000000 1.000000000
vn 0.000000000 0.000000000 -1.000000000
vn 0.000000000 -0.000000000 1.000000000
vn 0.000000000 0.000000000 -1.000000000
vn 0.000000000 -0.000000000 1.000000000
vn 0.000000000 0.000000000 -1.000000000
vn 0.000000000 -0.000000000 1.000000000
vn 0.000000000 0.000000000 -1.000000000
vn 0.000000000 -0.000000000 1.000000000
vn 0.000000000 0.000000000 -1.000000000
vn 0.000000000 0.000000000 1.000000000
vn 0.000000000 0.000000000 -1.000000000
vn 0.000000000 0.000000000 1.000000000
vn 0.000000000 0.000000000 -1.000000000
vn 0.000000000 0.000000000 1.000000000
vn 0.000000000 0.000000000 -1.000000000
vn 0.000000000 -0.000000000 1.000000000
vn 0.000000000 0.000000000 -1.000000000
vn 0.000000000 -0.000000000 1.000000000
vn 0.000000000 0.000000000 -1.000000000
vn 0.000000000 -0.000000000 1.000000000
vn 0.000000000 0.000000000 -1.000000000
vn 0.000000000 0.000000000 1.000000000
vn 0.000000000 -0.000000000 -1.000000000
vn 0.000000000 -0.000000000 1.000000000
vn 0.000000000 0.000000000 -1.000000000
vn 0.000000000 -0.000000000 1.000000000
vn 0.000000000 0.000000000 -1.000000000
vn -0.000000000 0.000000000 1.000000000
vn 0.000000000 -0.000000000 -1.000000000
vn 0.000000000 -0.000000000 1.000000000
vn 0.000000000 0.000000000 -1.000000000
vn 0.000000000 0.000000000 1.000000000
vn 0.000000000 -0.000000000 -1.000000000
vn 0.000000000 -0.000000000 1.000000000
vn 0.000000000 0.000000000 -1.000000000
vn 0.000000000 -0.000000000 1.000000000
vn 0.000000000 0.000000000 -1.000000000
vn 0.000000000 -0.000000000 1.000000000
vn 0.000000000 0.000000000 -1.000000000
vn 0.000000000 -0.000000000 1.000000000
vn 0.000000000 0.000000000 -1.000000000
vn 0.000000000 0.000000000 1.000000000
vn 0.000000000 0.000000000 -1.000000000
vn 0.000000000 -0.000000000 1.000000000
vn 0.000000000 0.000000000 -1.000000000
vn 0.000000000 0.000000000 1.000000000
vn 0.000000000 -0.000000000 -1.000000000
vn 0.000000000 0.000000000 1.000000000
vn 0.000000000 0.000000000 -1.000000000
vn 0.000000000 0.000000000 1.000000000
vn 0.000000000 0.000000000 -1.000000000
vn 0.000000000 0.000000000 1.000000000
vn 0.000000000 0.000000000 -1.000000000
vn 0.000000000 0.000000000 1.000000000
vn 0.000000000 0.000000000 -1.000000000
vn 0.000000000 0.000000000 1.000000000
vn 0.000000000 0.000000000 -1.000000000
vn 0.000000000 0.000000000 1.000000000
vn 0.000000000 0.000000000 -1.000000000
vn 0.000000000 0.000000000 1.000000000
vn 0.000000000 0.000000000 -1.000000000
vn 0.000000000 0.000000000 1.000000000
vn 0.000000000 0.000000000 -1.000000000
vn 0.000000000 0.000000000 1.000000000
vn 0.000000000 0.000000000 -1.000000000
vn 0.000000000 0.000000000 1.000000000
vn 0.000000000 0.000000000 -1.000000000
vn 0.000000000 0.000000000 1.000000000
vn 0.000000000 0.000000000 -1.000000000
vn 0.000000000 0.000000000 1.000000000
vn 0.000000000 0.000000000 -1.000000000
vn 0.000000000 0.000000000 1.000000000
vn 0.000000000 0.000000000 -1.000000000
vn 0.000000000 0.000000000 1.000000000
vn 0.000000000 0.000000000 -1.000000000
vn 0.000000000 0.000000000 1.000000000
vn -0.000000000 0.000000000 -1.000000000
vn 0.000000000 0.000000000 1.000000000
vn 0.000000000 0.000000000 -1.000000000
vn 0.000000000 0.000000000 1.000000000
vn -0.000000000 0.000000000 -1.000000000
vn -0.000000000 0.000000000 1.000000000
vn 0.000000000 0.000000000 -1.000000000
vn 0.000000000 0.000000000 1.000000000
vn 0.000000000 -0.000000000 -1.000000000
vn -0.000000000 0.000000000 1.000000000
vn 0.000000000 0.000000000 -1.000000000
vn 0.000000000 0.000000000 1.000000000
vn 0.000000000 -0.000000000 -1.000000000
vn 0.000000000 0.000000000 1.000000000
vn 0.000000000 0.000000000 -1.000000000
vn 0.000000000 0.000000000 1.000000000
vn 0.000000000 0.000000000 -1.000000000
vn 0.000000000 0.000000000 1.000000000
vn 0.000000000 0.000000000 -1.000000000
vn 0.000000000 0.000000000 1.000000000
vn 0.000000000 0.000000000 -1.000000000
vn 0.000000000 0.000000000 1.000000000
vn -0.000000000 0.000000000 -1.000000000
vn 0.000000000 0.000000000 1.000000000
vn 0.000000000 0.000000000 -1.000000000
vn 0.000000000 0.000000000 1.000000000
vn 0.000000000 0.000000000 -1.000000000
vn 0.000000000 0.000000000 1.000000000
vn 0.000000000 0.000000000 -1.000000000
vn 0.000000000 0.000000000 1.000000000
vn 0.000000000 0.000000000 -1.000000000
vn 0.000000000 0.000000000 1.000000000
vn 0.000000000 0.000000000 -1.000000000
vn 0.000000000 0.000000000 1.000000000
vn 0.000000000 0.000000000 -1.000000000
vn 0.000000000 0.000000000 1.000000000
vn 0.000000000 0.000000000 -1.000000000
vn 0.000000000 0.000000000 1.000000000
vn 0.000000000 0.000000000 -1.000000000
vn 0.000000000 0.000000000 1.000000000
vn 0.000000000 0.000000000 -1.000000000
vn 0.000000000 0.000000000 1.000000000
vn 0.000000000 0.000000000 -1.000000000
vn 0.000000000 0.000000000 1.000000000
vn 0.000000000 0.000000000 -1.000000000
vn 0.000000000 0.000000000 1.000000000
vn 0.000000000 0.000000000 -1.000000000
vn -0.000000000 0.000000000 1.000000000
vn 0.000000000 0.000000000 -1.000000000
vn -0.000000000 0.000000000 1.000000000
vn 0.000000000 0.000000000 -1.000000000
vn 0.000000000 0.000000000 1.000000000
vn 0.000000000 -0.000000000 -1.000000000
vn 0.000000000 -0.000000000 1.000000000
vn 0.000000000 0.000000000 -1.000000000
vn 0.000000000 0.000000000 1.000000000
vn 0.000000000 -0.000000000 -1.000000000
vn 0.000000000 -0.000000000 1.000000000
vn 0.000000000 0.000000000 -1.000000000
vn 0.000000000 0.000000000 1.000000000
vn 0.000000000 -0.000000000 -1.000000000
vn 0.000000000 0.000000000 1.000000000
vn 0.000000000 0.000000000 -1.000000000
vn 0.000000000 0.000000000 1.000000000
vn 0.000000000 0.000000000 -1.000000000
vn 0.000000000 0.000000000 1.000000000
vn 0.000000000 0.000000000 -1.000000000
vn 0.000000000 0.000000000 1.000000000
vn 0.000000000 0.000000000 -1.000000000
vn 0.000000000 0.000000000 1.000000000
vn 0.000000000 0.000000000 -1.000000000
vn 0.000000000 -0.000000000 1.000000000
vn 0.000000000 0.000000000 -1.000000000
vn 0.000000000 0.000000000 1.000000000
vn 0.000000000 0.000000000 -1.000000000
vn 0.000000000 0.000000000 1.000000000
vn 0.000000000 0.000000000 -1.000000000
vn 0.000000000 0.000000000 1.000000000
vn 0.000000000 0.000000000 -1.000000000
vn 0.000000000 0.000000000 1.000000000
vn 0.000000000 0.000000000 -1.000000000
vn 0.000000000 0.000000000 1.000000000
vn 0.000000000 -0.000000000 -1.000000000
vn 0.000000000 0.000000000 1.000000000
vn 0.000000000 0.000000000 -1.000000000
vn -0.000000000 0.000000000 1.000000000
vn 0.000000000 0.000000000 -1.000000000
vn -0.000000000 0.000000000 1.000000000
vn 0.000000000 0.000000000 -1.000000000
vn -0.000000000 0.000000000 1.000000000
vn -0.000000000 0.000000000 -1.000000000
vn 0.000000000 0.000000000 1.000000000
vn 0.000000000 0.000000000 -1.000000000
vn 0.000000000 0.000000000 1.000000000
vn 0.000000000 0.000000000 -1.000000000
vn 0.000000000 0.000000000 1.000000000
vn 0.000000000 0.000000000 -1.000000000
vn 0.000000000 0.000000000 1.000000000
vn 0.000000000 0.000000000 -1.000000000
vn 0.000000000 0.000000000 1.000000000
vn 0.000000000 0.000000000 -1.000000000
vn 0.000000000 0.000000000 1.000000000
vn 0.000000000 0.000000000 -1.000000000
vn 0.000000000 0.000000000 1.000000000
vn 0.000000000 0.000000000 -1.000000000
vn 0.000000000 0.000000000 1.000000000
vn 0.000000000 0.000000000 -1.000000000
vn 0.000000000 0.000000000 1.000000000
vn 0.000000000 0.000000000 -1.000000000
vn 0.000000000 0.000000000 1.000000000
vn 0.000000000 0.000000000 -1.000000000
vn 0.000000000 0.000000000 1.000000000
vn 0.000000000 0.000000000 -1.000000000
vn 0.000000000 0.000000000 1.000000000
vn -0.000000000 0.000000000 -1.000000000
vn 0.000000000 0.000000000 1.000000000
vn 0.000000000 0.000000000 -1.000000000
vn -0.000000000 0.000000000 1.000000000
vn 0.000000000 -0.000000000 -1.000000000
vn 0.000000000 0.000000000 1.000000000
vn 0.000000000 0.000000000 -1.000000000
vn 0.000000000 0.000000000 1.000000000
vn 0.000000000 0.000000000 -1.000000000
vn 0.000000000 0.000000000 1.000000000
vn 0.000000000 0.000000000 -1.000000000
vn 0.000000000 0.000000000 1.000000000
vn 0.000000000 0.000000000 -1.000000000
vn 0.000000000 0.000000000 1.000000000
vn -0.000000000 0.000000000 -1.000000000
vn 0.000000000 0.000000000 1.000000000
vn 0.000000000 0.000000000 -1.000000000
vn 0.000000000 0.000000000 1.000000000
vn 0.000000000 0.000000000 -1.000000000
vn 0.000000000 0.000000000 1.000000000
vn 0.000000000 0.000000000 -1.000000000
vn 0.000000000 0.000000000 1.000000000
vn 0.000000000 0.000000000 -1.000000000
vn 0.000000000 0.000000000 1.000000000
vn 0.000000000 0.000000000 -1.000000000
vn 0.000000000 0.000000000 1.000000000
vn 0.000000000 0.000000000 -1.000000000
vn 0.000000000 0.000000000 1.000000000
vn 0.000000000 0.000000000 -1.000000000
vn 0.000000000 -0.000000000 1.000000000
vn 0.000000000 0.000000000 -1.000000000
vn 0.000000000 0.000000000 1.000000000
vn 0.000000000 0.000000000 -1.000000000
vn 0.000000000 0.000000000 1.000000000
vn -0.000000000 0.000000000 -1.000000000
vn 0.000000000 0.000000000 1.000000000
vn 0.000000000 0.000000000 -1.000000000
vn 0.000000000 0.000000000 1.000000000
vn 0.000000000 0.000000000 -1.000000000
vn 0.000000000 0.000000000 1.000000000
vn 0.000000000 0.000000000 -1.000000000
vn 0.000000000 -0.000000000 1.000000000
vn 0.000000000 0.000000000 -1.000000000
vn 0.000000000 0.000000000 1.000000000
vn 0.000000000 0.000000000 -1.000000000
vn 0.000000000 0.000000000 1.000000000
vn 0.000000000 0.000000000 -1.000000000
vn 0.000000000 0.000000000 1.000000000
vn 0.000000000 0.000000000 -1.000000000
vn 0.000000000 0.000000000 1.000000000
vn -0.000000000 0.000000000 -1.000000000
vn 0.000000000 0.000000000 1.000000000
vn 0.000000000 0.000000000 -1.000000000
vn 0.000000000 0.000000000 1.000000000
vn -0.000000000 0.000000000 -1.000000000
vn -0.000000000 0.000000000 1.000000000
vn 0.000000000 -0.000000000 -1.000000000
vn -0.000000000 0.000000000 1.000000000
vn 0.000000000 0.000000000 -1.000000000
vn 0.000000000 0.000000000 1.000000000
vn 0.000000000 -0.000000000 -1.000000000
vn -0.000000000 0.000000000 1.000000000
vn 0.000000000 0.000000000 -1.000000000
vn 0.000000000 0.000000000 1.000000000
vn 0.000000000 0.000000000 -1.000000000
vn 0.000000000 0.000000000 1.000000000
vn 0.000000000 0.000000000 -1.000000000
vn 0.000000000 0.000000000 1.000000000
vn -0.000000000 0.000000000 -1.000000000
vn -0.000000000 0.000000000 1.000000000
vn 0.000000000 -0.000000000 -1.000000000
vn -0.000000000 0.000000000 1.000000000
vn 0.000000000 0.000000000 -1.000000000
f 1//1 2//1 3//1 4//1
f 2//2 5//2 6//2 3//2
f 5//3 7//3 8//3 6//3
f 7//4 9//4 10//4 8//4
f 9//5 11//5 12//5 10//5
f 11//6 13//6 14//6 12//6
f 13//7 15//7 16//7 14//7
f 15//8 17//8 18//8 16//8
f 17//9 19//9 20//9 18//9
f 19//10 21//10 22//10 20//10
f 21//11 23//11 24//11 22//11
f 23//12 25//12 26//12 24//12
f 25//13 27//13 28//13 26//13
f 27//14 29//14 30//14 28//14
f 29//15 31//15 32//15 30//15
f 31//16 33//16 34//16 32//16
f 33//17 35//17 36//17 34//17
f 35//18 37//18 38//18 36//18
f 37//19 39//19 40//19 38//19
f 39//20 41//20 42//20 40//20
f 41//21 43//21 44//21 42//21
f 43//22 45//22 46//22 44//22
f 45//23 47//23 48//23 46//23
f 47//24 49//24 50//24 48//24
f 49//25 51//25 52//25 50//25
f 51//26 53//26 54//26 52//26
f 53//27 55//27 56//27 54//27
f 55//28 57//28 58//28 56//28
f 57//29 59//29 60//29 58//29
f 59//30 61//30 62//30 60//30
f 61//31 63//31 64//31 62//31
f 63//32 65//32 66//32 64//32
f 65//33 67//33 68//33 66//33
f 67//34 69//34 70//34 68//34
f 69//35 71//35 72//35 70//35
f 71//36 73//36 74//36 72//36
f 73//37 75//37 76//37 74//37
f 75//38 77//38 78//38 76//38
f 77//39 79//39 80//39 78//39
f 79//40 81//40 82//40 80//40
f 81//41 83//41 84//41 82//41
f 83//42 85//42 86//42 84//42
f 85//43 87//43 88//43 86//43
f 87//44 89//44 90//44 88//44
f 89//45 91//45 92//45 90//45
f 91//46 93//46 94//46 92//46
f 93//47 95//47 96//47 94//47
f 95//48 97//48 98//48 96//48
f 97//49 99//49 100//49 98//49
f 99//50 101//50 102//50 100//50
f 101//51 103//51 104//51 102//51
f 103//52 105//52 106//52 104//52
f 105//53 107//53 108//53 106//53
f 107//54 109//54 110//54 108//54
f 109//55 111//55 112//55 110//55
f 111//56 113//56 114//56 112//56
f 113//57 115//57 116//57 114//57
f 115//58 117//58 118//58 116//58
f 117//59 119//59 120//59 118//59
f 119//60 121//60 122//60 120//60
f 121//61 123//61 124//61 122//61
f 123//62 125//62 126//62 124//62
f 125//63 127//63 128//63 126//63
f 127//64 129//64 130//64 128//64
f 129//65 131//65 132//65 130//65
f 131//66 133//66 134//66 132//66
f 133//67 135//67 136//67 134//67
f 135//68 137//68 138//68 136//68
f 137//69 139//69 140//69 138//69
f 139//70 141//70 142//70 140//70
f 141//71 143//71 144//71 142//71
f 143//72 145//72 146//72 144//72
f 145//73 147//73 148//73 146//73
f 147//74 149//74 150//74 148//74
f 149//75 151//75 152//75 150//75
f 151//76 153//76 154//76 152//76
f 153//77 155//77 156//77 154//77
f 155//78 157//78 158//78 156//78
f 157//79 159//79 160//79 158//79
f 159//80 161//80 162//80 160//80
f 161//81 163//81 164//81 162//81
f 163//82 165//82 166//82 164//82
f 165//83 167//83 168//83 166//83
f 167//84 169//84 170//84 168//84
f 169//85 171//85 172//85 170//85
f 171//86 173//86 174//86 172//86
f 173//87 175//87 176//87 174//87
f 175//88 177//88 178//88 176//88
f 177//89 179//89 180//89 178//89
f 179//90 181//90 182//90 180//90
f 181//91 183//91 184//91 182//91
f 183//92 185//92 186//92 184//92
f 185//93 187//93 188//93 186//93
f 187//94 189//94 190//94 188//94
f 189//95 191//95 192//95 190//95
f 191//96 193//96 194//96 192//96
f 193//97 195//97 196//97 194//97
f 195//98 197//98 198//98 196//98
f 197//99 199//99 200//99 198//99
f 199//100 201//100 202//100 200//100
f 201//101 203//101 204//101 202//101
f 203//102 205//102 206//102 204//102
f 205//103 207//103 208//103 206//103
f 207//104 209//104 210//104 208//104
f 209//105 211//105 212//105 210//105
f 211//106 213//106 214//106 212//106
f 213//107 215//107 216//107 214//107
f 215//108 217//108 218//108 216//108
f 217//109 219//109 220//109 218//109
f 219//110 221//110 222//110 220//110
f 221//111 223//111 224//111 222//111
f 223//112 225//112 226//112 224//112
f 225//113 227//113 228//113 226//113
f 227//114 229//114 230//114 228//114
f 229//115 231//115 232//115 230//115
f 231//116 233//116 234//116 232//116
f 233//117 235//117 236//117 234//117
f 235//118 237//118 238//118 236//118
f 237//119 239//119 240//119 238//119
f 239//120 241//120 242//120 240//120
f 241//121 243//121 244//121 242//121
f 243//122 245//122 246//122 244//122
f 245//123 247//123 248//123 246//123
f 247//124 249//124 250//124 248//124
f 249//125 251//125 252//125 250//125
f 251//126 253//126 254//126 252//126
f 253//127 255//127 256//127 254//127
f 255//128 257//128 258//128 256//128
f 257//129 259//129 260//129 258//129
f 259//130 261//130 262//130 260//130
f 261//131 263//131 264//131 262//131
f 263//132 265//132 266//132 264//132
f 265//133 267//133 268//133 266//133
f 267//134 269//134 270//134 268//134
f 269//135 271//135 272//135 270//135
f 271//136 273//136 274//136 272//136
f 273//137 275//137 276//137 274//137
f 275//138 277//138 278//138 276//138
f 277//139 279//139 280//139 278//139
f 279//140 281//140 282//140 280//140
f 281//141 283//141 284//141 282//141
f 283//142 285//142 286//142 284//142
f 285//143 287//143 288//143 286//143
f 287//144 289//144 290//144 288//144
f 289//145 291//145 292//145 290//145
f 291//146 293//146 294//146 292//146
f 293//147 295//147 296//147 294//147
f 295//148 297//148 298//148 296//148
f 297//149 299//149 300//149 298//149
f 299//150 301//150 302//150 300//150
f 301//151 303//151 304//151 302//151
f 303//152 305//152 306//152 304//152
f 305//153 307//153 308//153 306//153
f 307//154 309//154 310//154 308//154
f 309//155 311//155 312//155 310//155
f 311//156 313//156 314//156 312//156
f 313//157 315//157 316//157 314//157
f 315//158 317//158 318//158 316//158
f 317//159 319//159 320//159 318//159
f 319//160 321//160 322//160 320//160
f 321//161 323//161 324//161 322//161
f 323//162 325//162 326//162 324//162
f 325//163 327//163 328//163 326//163
f 327//164 329//164 330//164 328//164
f 329//165 331//165 332//165 330//165
f 331//166 333//166 334//166 332//166
f 333//167 335//167 336//167 334//167
f 335//168 337//168 338//168 336//168
f 337//169 339//169 340//169 338//169
f 339//170 341//170 342//170 340//170
f 341//171 343//171 344//171 342//171
f 343//172 345//172 346//172 344//172
f 345//173 347//173 348//173 346//173
f 347//174 349//174 350//174 348//174
f 349//175 351//175 352//175 350//175
f 351//176 353//176 354//176 352//176
f 353//177 355//177 356//177 354//177
f 355//178 357//178 358//178 356//178
f 357//179 359//179 360//179 358//179
f 359//180 361//180 362//180 360//180
f 361//181 363//181 364//181 362//181
f 363//182 365//182 366//182 364//182
f 365//183 367//183 368//183 366//183
f 367//184 369//184 370//184 368//184
f 369//185 371//185 372//185 370//185
f 371//186 373//186 374//186 372//186
f 373//187 375//187 376//187 374//187
f 375//188 377//188 378//188 376//188
f 377//189 379//189 380//189 378//189
f 379//190 381//190 382//190 380//190
f 381//191 383//191 384//191 382//191
f 383//192 385//192 386//192 384//192
f 385//193 387//193 388//193 386//193
f 387//194 389//194 390//194 388//194
f 389//195 391//195 392//195 390//195
f 391//196 393//196 394//196 392//196
f 393//197 395//197 396//197 394//197
f 395//198 397//198 398//198 396//198
f 397//199 399//199 400//199 398//199
f 399//200 401//200 402//200 400//200
f 401//201 403//201 404//201 402//201
f 403//202 405//202 406//202 404//202
f 405//203 407//203 408//203 406//203
f 407//204 409//204 410//204 408//204
f 409//205 411//205 412//205 410//205
f 411//206 413//206 414//206 412//206
f 413//207 415//207 416//207 414//207
f 415//208 417//208 418//208 416//208
f 417//209 419//209 420//209 418//209
f 419//210 421//210 422//210 420//210
f 421//211 423//211 424//211 422//211
f 423//212 425//212 426//212 424//212
f 425//213 427//213 428//213 426//213
f 427//214 429//214 430//214 428//214
f 429//215 431//215 432//215 430//215
f 431//216 433//216 434//216 432//216
f 433//217 435//217 436//217 434//217
f 435//218 437//218 438//218 436//218
f 437//219 439//219 440//219 438//219
f 439//220 441//220 442//220 440//220
f 441//221 443//221 444//221 442//221
f 443//222 445//222 446//222 444//222
f 445//223 447//223 448//223 446//223
f 447//224 449//224 450//224 448//224
f 449//225 451//225 452//225 450//225
f 451//226 453//226 454//226 452//226
f 453//227 455//227 456//227 454//227
f 455//228 457//228 458//228 456//228
f 457//229 459//229 460//229 458//229
f 459//230 461//230 462//230 460//230
f 461//231 463//231 464//231 462//231
f 463//232 465//232 466//232 464//232
f 465//233 467//233 468//233 466//233
f 467//234 469//234 470//234 468//234
f 469//235 471//235 472//235 470//235
f 471//236 473//236 474//236 472//236
f 473//237 475//237 476//237 474//237
f 475//238 477//238 478//238 476//238
f 477//239 479//239 480//239 478//239
f 479//240 481//240 482//240 480//240
f 481//241 483//241 484//241 482//241
f 483//242 485//242 486//242 484//242
f 485//243 487//243 488//243 486//243
f 487//244 489//244 490//244 488//244
f 489//245 491//245 492//245 490//245
f 491//246 493//246 494//246 492//246
f 493//247 495//247 496//247 494//247
f 495//248 497//248 498//248 496//248
f 497//249 499//249 500//249 498//249
f 499//250 501//250 502//250 500//250
f 501//251 503//251 504//251 502//251
f 503//252 505//252 506//252 504//252
f 505//253 507//253 508//253 506//253
f 507//254 509//254 510//254 508//254
f 509//255 511//255 512//255 510//255
f 511//256 513//256 514//256 512//256
f 513//257 515//257 516//257 514//257
f 515//258 517//258 518//258 516//258
f 517//259 519//259 520//259 518//259
f 519//260 521//260 522//260 520//260
f 521//261 523//261 524//261 522//261
f 523//262 525//262 526//262 524//262
f 525//263 527//263 528//263 526//263
f 527//264 529//264 530//264 528//264
f 529//265 531//265 532//265 530//265
f 531//266 533//266 534//266 532//266
f 533//267 535//267 536//267 534//267
f 535//268 537//268 538//268 536//268
f 537//269 539//269 540//269 538//269
f 539//270 541//270 542//270 540//270
f 541//271 543//271 544//271 542//271
f 543//272 545//272 546//272 544//272
f 545//273 547//273 548//273 546//273
f 547//274 549//274 550//274 548//274
f 549//275 551//275 552//275 550//275
f 551//276 553//276 554//276 552//276
f 553//277 555//277 556//277 554//277
f 555//278 557//278 558//278 556//278
f 557//279 559//279 560//279 558//279
f 559//280 561//280 562//280 560//280
f 561//281 563//281 564//281 562//281
f 563//282 565//282 566//282 564//282
f 565//283 567//283 568//283 566//283
f 567//284 569//284 570//284 568//284
f 569//285 571//285 572//285 570//285
f 571//286 573//286 574//286 572//286
f 573//287 575//287 576//287 574//287
f 575//288 577//288 578//288 576//288
f 577//289 579//289 580//289 578//289
f 579//290 581//290 582//290 580//290
f 581//291 583//291 584//291 582//291
f 583//292 585//292 586//292 584//292
f 585//293 587//293 588//293 586//293
f 587//294 589//294 590//294 588//294
f 589//295 591//295 592//295 590//295
f 591//296 593//296 594//296 592//296
f 593//297 595//297 596//297 594//297
f 595//298 597//298 598//298 596//298
f 597//299 599//299 600//299 598//299
f 599//300 601//300 602//300 600//300
f 601//301 603//301 604//301 602//301
f 603//302 605//302 606//302 604//302
f 605//303 607//303 608//303 606//303
f 607//304 609//304 610//304 608//304
f 609//305 611//305 612//305 610//305
f 611//306 613//306 614//306 612//306
f 613//307 615//307 616//307 614//307
f 615//308 617//308 618//308 616//308
f 617//309 619//309 620//309 618//309
f 619//310 621//310 622//310 620//310
f 621//311 623//311 624//311 622//311
f 623//312 625//312 626//312 624//312
f 625//313 627//313 628//313 626//313
f 627//314 629//314 630//314 628//314
f 629//315 631//315 632//315 630//315
f 631//316 633//316 634//316 632//316
f 633//317 635//317 636//317 634//317
f 635//318 637//318 638//318 636//318
f 637//319 639//319 640//319 638//319
f 639//320 641//320 642//320 640//320
f 641//321 643//321 644//321 642//321
f 643//322 645//322 646//322 644//322
f 645//323 647//323 648//323 646//323
f 647//324 649//324 650//324 648//324
f 649//325 651//325 652//325 650//325
f 651//326 653//326 654//326 652//326
f 653//327 655//327 656//327 654//327
f 655//328 657//328 658//328 656//328
f 657//329 659//329 660//329 658//329
f 659//330 661//330 662//330 660//330
f 661//331 663//331 664//331 662//331
f 663//332 665//332 666//332 664//332
f 665//333 667//333 668//333 666//333
f 667//334 669//334 670//334 668//334
f 669//335 671//335 672//335 670//335
f 671//336 673//336 674//336 672//336
f 673//337 675//337 676//337 674//337
f 675//338 677//338 678//338 676//338
f 677//339 679//339 680//339 678//339
f 679//340 681//340 682//340 680//340
f 681//341 683//341 684//341 682//341
f 683//342 685//342 686//342 684//342
f 685//343 687//343 688//343 686//343
f 687//344 689//344 690//344 688//344
f 689//345 691//345 692//345 690//345
f 691//346 693//346 694//346 692//346
f 693//347 695//347 696//347 694//347
f 695//348 697//348 698//348 696//348
f 697//349 699//349 700//349 698//349
f 699//350 701//350 702//350 700//350
f 701//351 703//351 704//351 702//351
f 703//352 705//352 706//352 704//352
f 705//353 707//353 708//353 706//353
f 707//354 709//354 710//354 708//354
f 709//355 711//355 712//355 710//355
f 711//356 713//356 714//356 712//356
f 713//357 715//357 716//357 714//357
f 715//358 717//358 718//358 716//358
f 717//359 719//359 720//359 718//359
f 719//360 721//360 722//360 720//360
f 721//361 723//361 724//361 722//361
f 723//362 725//362 726//362 724//362
f 725//363 727//363 728//363 726//363
f 727//364 729//364 730//364 728//364
f 729//365 731//365 732//365 730//365
f 731//366 733//366 734//366 732//366
f 733//367 735//367 736//367 734//367
f 735//368 737//368 738//368 736//368
f 737//369 739//369 740//369 738//369
f 739//370 741//370 742//370 740//370
f 741//371 743//371 744//371 742//371
f 743//372 745//372 746//372 744//372
f 745//373 747//373 748//373 746//373
f 747//374 749//374 750//374 748//374
f 749//375 751//375 752//375 750//375
f 751//376 753//376 754//376 752//376
f 753//377 755//377 756//377 754//377
f 755//378 757//378 758//378 756//378
f 757//379 759//379 760//379 758//379
f 759//380 761//380 762//380 760//380
f 761//381 763//381 764//381 762//381
f 763//382 765//382 766//382 764//382
f 765//383 767//383 768//383 766//383
f 767//384 769//384 770//384 768//384
f 769//385 771//385 772//385 770//385
f 771//386 773//386 774//386 772//386
f 773//387 775//387 776//387 774//387
f 775//388 777//388 778//388 776//388
f 777//389 779//389 780//389 778//389
f 779//390 781//390 782//390 780//390
f 781//391 783//391 784//391 782//391
f 783//392 785//392 786//392 784//392
f 785//393 787//393 788//393 786//393
f 787//394 789//394 790//394 788//394
f 789//395 791//395 792//395 790//395
f 791//396 793//396 794//396 792//396
f 793//397 795//397 796//397 794//397
f 795//398 797//398 798//398 796//398
f 797//399 799//399 800//399 798//399
f 799//400 801//400 802//400 800//400
f 801//401 803//401 804//401 802//401
f 803//402 805//402 806//402 804//402
f 805//403 807//403 808//403 806//403
f 807//404 809//404 810//404 808//404
f 809//405 811//405 812//405 810//405
f 811//406 813//406 814//406 812//406
f 813//407 815//407 816//407 814//407
f 815//408 817//408 818//408 816//408
f 817//409 819//409 820//409 818//409
f 819//410 821//410 822//410 820//410
f 821//411 823//411 824//411 822//411
f 823//412 825//412 826//412 824//412
f 825//413 827//413 828//413 826//413
f 827//414 829//414 830//414 828//414
f 829//415 831//415 832//415 830//415
f 831//416 833//416 834//416 832//416
f 833//417 835//417 836//417 834//417
f 835//418 837//418 838//418 836//418
f 837//419 839//419 840//419 838//419
f 839//420 841//420 842//420 840//420
f 841//421 843//421 844//421 842//421
f 843//422 845//422 846//422 844//422
f 845//423 847//423 848//423 846//423
f 847//424 849//424 850//424 848//424
f 849//425 851//425 852//425 850//425
f 851//426 853//426 854//426 852//426
f 853//427 855//427 856//427 854//427
f 855//428 857//428 858//428 856//428
f 857//429 859//429 860//429 858//429
f 859//430 861//430 862//430 860//430
f 861//431 863//431 864//431 862//431
f 863//432 865//432 866//432 864//432
f 865//433 867//433 868//433 866//433
f 867//434 869//434 870//434 868//434
f 869//435 871//435 872//435 870//435
f 871//436 873//436 874//436 872//436
f 873//437 875//437 876//437 874//437
f 875//438 877//438 878//438 876//438
f 877//439 879//439 880//439 878//439
f 879//440 881//440 882//440 880//440
f 881//441 883//441 884//441 882//441
f 883//442 885//442 886//442 884//442
f 885//443 887//443 888//443 886//443
f 887//444 889//444 890//444 888//444
f 889//445 891//445 892//445 890//445
f 891//446 893//446 894//446 892//446
f 893//447 895//447 896//447 894//447
f 895//448 897//448 898//448 896//448
f 897//449 899//449 900//449 898//449
f 899//450 901//450 902//450 900//450
f 901//451 903//451 904//451 902//451
f 903//452 905//452 906//452 904//452
f 905//453 907//453 908//453 906//453
f 907//454 909//454 910//454 908//454
f 909//455 911//455 912//455 910//455
f 911//456 913//456 914//456 912//456
f 913//457 915//457 916//457 914//457
f 915//458 917//458 918//458 916//458
f 917//459 919//459 920//459 918//459
f 919//460 921//460 922//460 920//460
f 921//461 923//461 924//461 922//461
f 923//462 925//462 926//462 924//462
f 925//463 927//463 928//463 926//463
f 927//464 929//464 930//464 928//464
f 929//465 931//465 932//465 930//465
f 931//466 933//466 934//466 932//466
f 933//467 935//467 936//467 934//467
f 935//468 937//468 938//468 936//468
f 937//469 939//469 940//469 938//469
f 939//470 941//470 942//470 940//470
f 941//471 943//471 944//471 942//471
f 943//472 945//472 946//472 944//472
f 945//473 947//473 948//473 946//473
f 947//474 949//474 950//474 948//474
f 949//475 951//475 952//475 950//475
f 951//476 953//476 954//476 952//476
f 953//477 955//477 956//477 954//477
f 955//478 957//478 958//478 956//478
f 957//479 959//479 960//479 958//479
f 959//480 961//480 962//480 960//480
f 961//481 963//481 964//481 962//481
f 963//482 965//482 966//482 964//482
f 965//483 967//483 968//483 966//483
f 967//484 969//484 970//484 968//484
f 969//485 971//485 972//485 970//485
f 971//486 973//486 974//486 972//486
f 973//487 975//487 976//487 974//487
f 975//488 977//488 978//488 976//488
f 977//489 979//489 980//489 978//489
f 979//490 981//490 982//490 980//490
f 981//491 983//491 984//491 982//491
f 983//492 985//492 986//492 984//492
f 985//493 987//493 988//493 986//493
f 987//494 989//494 990//494 988//494
f 989//495 991//495 992//495 990//495
f 991//496 993//496 994//496 992//496
f 993//497 995//497 996//497 994//497
f 995//498 997//498 998//498 996//498
f 997//499 999//499 1000//499 998//499
f 999//500 1001//500 1002//500 1000//500
f 1001//501 1003//501 1004//501 1002//501
f 1003//502 1005//502 1006//502 1004//502
f 1005//503 1007//503 1008//503 1006//503
f 1007//504 1009//504 1010//504 1008//504
f 1009//505 1011//505 1012//505 1010//505
f 1011//506 1013//506 1014//506 1012//506
f 1013//507 1015//507 1016//507 1014//507
f 1015//508 1017//508 1018//508 1016//508
f 1017//509 1019//509 1020//509 1018//509
f 1019//510 1021//510 1022//510 1020//510
f 1021//511 1023//511 1024//511 1022//511
f 1023//512 1025//512 1026//512 1024//512
f 1025//513 1027//513 1028//513 1026//513
f 1027//514 1029//514 1030//514 1028//514
f 1029//515 1031//515 1032//515 1030//515
f 1031//516 1033//516 1034//516 1032//516
f 1033//517 1035//517 1036//517 1034//517
f 1035//518 1037//518 1038//518 1036//518
f 1037//519 1039//519 1040//519 1038//519
f 1039//520 1041//520 1042//520 1040//520
f 1041//521 1043//521 1044//521 1042//521
f 1043//522 1045//522 1046//522 1044//522
f 1045//523 1047//523 1048//523 1046//523
f 1047//524 1049//524 1050//524 1048//524
f 1049//525 1051//525 1052//525 1050//525
f 1051//526 1053//526 1054//526 1052//526
f 1053//527 1055//527 1056//527 1054//527
f 1055//528 1057//528 1058//528 1056//528
f 1057//529 1059//529 1060//529 1058//529
f 1059//530 1061//530 1062//530 1060//530
f 1061//531 1063//531 1064//531 1062//531
f 1063//532 1065//532 1066//532 1064//532
f 1065//533 1067//533 1068//533 1066//533
f 1067//534 1069//534 1070//534 1068//534
f 1069//535 1071//535 1072//535 1070//535
f 1071//536 1073//536 1074//536 1072//536
f 1073//537 1075//537 1076//537 1074//537
f 1075//538 1077//538 1078//538 1076//538
f 1077//539 1079//539 1080//539 1078//539
f 1079//540 1081//540 1082//540 1080//540
f 1081//541 1083//541 1084//541 1082//541
f 1083//542 1085//542 1086//542 1084//542
f 1085//543 1087//543 1088//543 1086//543
f 1087//544 1089//544 1090//544 1088//544
f 1089//545 1091//545 1092//545 1090//545
f 1091//546 1093//546 1094//546 1092//546
f 1093//547 1095//547 1096//547 1094//547
f 1095//548 1097//548 1098//548 1096//548
f 1097//549 1099//549 1100//549 1098//549
f 1099//550 1101//550 1102//550 1100//550
f 1101//551 1103//551 1104//551 1102//551
f 1103//552 1105//552 1106//552 1104//552
f 1105//553 1107//553 1108//553 1106//553
f 1107//554 1109//554 1110//554 1108//554
f 1109//555 1111//555 1112//555 1110//555
f 1111//556 1113//556 1114//556 1112//556
f 1113//557 1115//557 1116//557 1114//557
f 1115//558 1117//558 1118//558 1116//558
f 1117//559 1119//559 1120//559 1118//559
f 1119//560 1121//560 1122//560 1120//560
f 1121//561 1123//561 1124//561 1122//561
f 1123//562 1125//562 1126//562 1124//562
f 1125//563 1127//563 1128//563 1126//563
f 1127//564 1129//564 1130//564 1128//564
f 1129//565 1131//565 1132//565 1130//565
f 1131//566 1133//566 1134//566 1132//566
f 1133//567 1135//567 1136//567 1134//567
f 1135//568 1137//568 1138//568 1136//568
f 1137//569 1139//569 1140//569 1138//569
f 1139//570 1141//570 1142//570 1140//570
f 1141//571 1143//571 1144//571 1142//571
f 1143//572 1145//572 1146//572 1144//572
f 1145//573 1147//573 1148//573 1146//573
f 1147//574 1149//574 1150//574 1148//574
f 1149//575 1151//575 1152//575 1150//575
f 1151//576 1153//576 1154//576 1152//576
f 1153//577 1155//577 1156//577 1154//577
f 1155//578 1157//578 1158//578 1156//578
f 1157//579 1159//579 1160//579 1158//579
f 1159//580 1161//580 1162//580 1160//580
f 1161//581 1163//581 1164//581 1162//581
f 1163//582 1165//582 1166//582 1164//582
f 1165//583 1167//583 1168//583 1166//583
f 1167//584 1169//584 1170//584 1168//584
f 1169//585 1171//585 1172//585 1170//585
f 1171//586 1173//586 1174//586 1172//586
f 1173//587 1175//587 1176//587 1174//587
f 1175//588 1177//588 1178//588 1176//588
f 1177//589 1179//589 1180//589 1178//589
f 1179//590 1181//590 1182//590 1180//590
f 1181//591 1183//591 1184//591 1182//591
f 1183//592 1185//592 1186//592 1184//592
f 1185//593 1187//593 1188//593 1186//593
f 1187//594 1189//594 1190//594 1188//594
f 1189//595 1191//595 1192//595 1190//595
f 1191//596 1193//596 1194//596 1192//596
f 1193//597 1195//597 1196//597 1194//597
f 1195//598 1197//598 1198//598 1196//598
f 1197//599 1199//599 1200//599 1198//599
f 1199//600 1201//600 1202//600 1200//600
f 1201//601 1203//601 1204//601 1202//601
f 1203//602 1205//602 1206//602 1204//602
f 1205//603 1207//603 1208//603 1206//603
f 1207//604 1209//604 1210//604 1208//604
f 1209//605 1211//605 1212//605 1210//605
f 1211//606 1213//606 1214//606 1212//606
f 1213//607 1215//607 1216//607 1214//607
f 1215//608 1217//608 1218//608 1216//608
f 1217//609 1219//609 1220//609 1218//609
f 1219//610 1221//610 1222//610 1220//610
f 1221//611 1223//611 1224//611 1222//611
f 1223//612 1225//612 1226//612 1224//612
f 1225//613 1227//613 1228//613 1226//613
f 1227//614 1229//614 1230//614 1228//614
f 1229//615 1231//615 1232//615 1230//615
f 1231//616 1233//616 1234//616 1232//616
f 1233//617 1235//617 1236//617 1234//617
f 1235//618 1237//618 1238//618 1236//618
f 1237//619 1239//619 1240//619 1238//619
f 1239//620 1241//620 1242//620 1240//620
f 1241//621 1243//621 1244//621 1242//621
f 1243//622 1245//622 1246//622 1244//622
f 1245//623 1247//623 1248//623 1246//623
f 1247//624 1249//624 1250//624 1248//624
f 1249//625 1251//625 1252//625 1250//625
f 1251//626 1253//626 1254//626 1252//626
f 1253//627 1255//627 1256//627 1254//627
f 1255//628 1257//628 1258//628 1256//628
f 1257//629 1259//629 1260//629 1258//629
f 1259//630 1261//630 1262//630 1260//630
f 1261//631 1263//631 1264//631 1262//631
f 1263//632 1265//632 1266//632 1264//632
f 1265//633 1267//633 1268//633 1266//633
f 1267//634 1269//634 1270//634 1268//634
f 1269//635 1271//635 1272//635 1270//635
f 1271//636 1273//636 1274//636 1272//636
f 1273//637 1275//637 1276//637 1274//637
f 1275//638 1277//638 1278//638 1276//638
f 1277//639 1279//639 1280//639 1278//639
f 1279//640 1281//640 1282//640 1280//640
f 1281//641 1283//641 1284//641 1282//641
f 1283//642 1285//642 1286//642 1284//642
f 1285//643 1287//643 1288//643 1286//643
f 1287//644 1289//644 1290//644 1288//644
f 1289//645 1291//645 1292//645 1290//645
f 1291//646 1293//646 1294//646 1292//646
f 1293//647 1295//647 1296//647 1294//647
f 1295//648 1297//648 1298//648 1296//648
f 1297//649 1299//649 1300//649 1298//649
f 1299//650 1301//650 1302//650 1300//650
f 1301//651 1303//651 1304//651 1302//651
f 1303//652 1305//652 1306//652 1304//652
f 1305//653 1307//653 1308//653 1306//653
f 1307//654 1309//654 1310//654 1308//654
f 1309//655 1311//655 1312//655 1310//655
f 1311//656 1313//656 1314//656 1312//656
f 1313//657 1315//657 1316//657 1314//657
f 1315//658 1317//658 1318//658 1316//658
f 1317//659 1319//659 1320//659 1318//659
f 1319//660 1321//660 1322//660 1320//660
f 1321//661 1323//661 1324//661 1322//661
f 1323//662 1325//662 1326//662 1324//662
f 1325//663 1327//663 1328//663 1326//663
f 1327//664 1329//664 1330//664 1328//664
f 1329//665 1331//665 1332//665 1330//665
f 1331//666 1333//666 1334//666 1332//666
f 1333//667 1335//667 1336//667 1334//667
f 1335//668 1337//668 1338//668 1336//668
f 1337//669 1339//669 1340//669 1338//669
f 1339//670 1341//670 1342//670 1340//670
f 1341//671 1343//671 1344//671 1342//671
f 1343//672 1345//672 1346//672 1344//672
f 1345//673 1347//673 1348//673 1346//673
f 1347//674 1349//674 1350//674 1348//674
f 1349//675 1351//675 1352//675 1350//675
f 1351//676 1353//676 1354//676 1352//676
f 1353//677 1355//677 1356//677 1354//677
f 1355//678 1357//678 1358//678 1356//678
f 1357//679 1359//679 1360//679 1358//679
f 1359//680 1361//680 1362//680 1360//680
f 1361//681 1363//681 1364//681 1362//681
f 1363//682 1365//682 1366//682 1364//682
f 1365//683 1367//683 1368//683 1366//683
f 1367//684 1369//684 1370//684 1368//684
f 1369//685 1371//685 1372//685 1370//685
f 1371//686 1373//686 1374//686 1372//686
f 1373//687 1375//687 1376//687 1374//687
f 1375//688 1377//688 1378//688 1376//688
f 1377//689 1379//689 1380//689 1378//689
f 1379//690 1381//690 1382//690 1380//690
f 1381//691 1383//691 1384//691 1382//691
f 1383//692 1385//692 1386//692 1384//692
f 1385//693 1387//693 1388//693 1386//693
f 1387//694 1389//694 1390//694 1388//694
f 1389//695 1391//695 1392//695 1390//695
f 1391//696 1393//696 1394//696 1392//696
f 1393//697 1395//697 1396//697 1394//697
f 1395//698 1397//698 1398//698 1396//698
f 1397//699 1399//699 1400//699 1398//699
f 1399//700 1401//700 1402//700 1400//700
f 1401//701 1403//701 1404//701 1402//701
f 1403//702 1405//702 1406//702 1404//702
f 1405//703 1407//703 1408//703 1406//703
f 1407//704 1409//704 1410//704 1408//704
f 1409//705 1411//705 1412//705 1410//705
f 1411//706 1413//706 1414//706 1412//706
f 1413//707 1415//707 1416//707 1414//707
f 1415//708 1417//708 1418//708 1416//708
f 1417//709 1419//709 1420//709 1418//709
f 1419//710 1421//710 1422//710 1420//710
f 1421//711 1423//711 1424//711 1422//711
f 1423//712 1425//712 1426//712 1424//712
f 1425//713 1427//713 1428//713 1426//713
f 1427//714 1429//714 1430//714 1428//714
f 1429//715 1431//715 1432//715 1430//715
f 1431//716 1433//716 1434//716 1432//716
f 1433//717 1435//717 1436//717 1434//717
f 1435//718 1437//718 1438//718 1436//718
f 1437//719 1439//719 1440//719 1438//719
f 1439//720 1441//720 1442//720 1440//720
f 1441//721 1443//721 1444//721 1442//721
f 1443//722 1445//722 1446//722 1444//722
f 1445//723 1447//723 1448//723 1446//723
f 1447//724 1449//724 1450//724 1448//724
f 1449//725 1451//725 1452//725 1450//725
f 1451//726 1453//726 1454//726 1452//726
f 1453//727 1455//727 1456//727 1454//727
f 1455//728 1457//728 1458//728 1456//728
f 1457//729 1459//729 1460//729 1458//729
f 1459//730 1461//730 1462//730 1460//730
f 1461//731 1463//731 1464//731 1462//731
f 1463//732 1465//732 1466//732 1464//732
f 1465//733 1467//733 1468//733 1466//733
f 1467//734 1469//734 1470//734 1468//734
f 1469//735 1471//735 1472//735 1470//735
f 1471//736 1473//736 1474//736 1472//736
f 1473//737 1475//737 1476//737 1474//737
f 1475//738 1477//738 1478//738 1476//738
f 1477//739 1479//739 1480//739 1478//739
f 1479//740 1481//740 1482//740 1480//740
f 1481//741 1483//741 1484//741 1482//741
f 1483//742 1485//742 1486//742 1484//742
f 1485//743 1487//743 1488//743 1486//743
f 1487//744 1489//744 1490//744 1488//744
f 1489//745 1491//745 1492//745 1490//745
f 1491//746 1493//746 1494//746 1492//746
f 1493//747 1495//747 1496//747 1494//747
f 1495//748 1497//748 1498//748 1496//748
f 1497//749 1499//749 1500//749 1498//749
f 1499//750 1501//750 1502//750 1500//750
f 1501//751 1503//751 1504//751 1502//751
f 1503//752 1505//752 1506//752 1504//752
f 1505//753 1507//753 1508//753 1506//753
f 1507//754 1509//754 1510//754 1508//754
f 1509//755 1511//755 1512//755 1510//755
f 1511//756 1513//756 1514//756 1512//756
f 1513//757 1515//757 1516//757 1514//757
f 1515//758 1517//758 1518//758 1516//758
f 1517//759 1519//759 1520//759 1518//759
f 1519//760 1521//760 1522//760 1520//760
f 1521//761 1523//761 1524//761 1522//761
f 1523//762 1525//762 1526//762 1524//762
f 1525//763 1527//763 1528//763 1526//763
f 1527//764 1529//764 1530//764 1528//764
f 1529//765 1531//765 1532//765 1530//765
f 1531//766 1533//766 1534//766 1532//766
f 1533//767 1535//767 1536//767 1534//767
f 1535//768 1537//768 1538//768 1536//768
f 1537//769 1539//769 1540//769 1538//769
f 1539//770 1541//770 1542//770 1540//770
f 1541//771 1543//771 1544//771 1542//771
f 1543//772 1545//772 1546//772 1544//772
f 1545//773 1547//773 1548//773 1546//773
f 1547//774 1549//774 1550//774 1548//774
f 1549//775 1551//775 1552//775 1550//775
f 1551//776 1553//776 1554//776 1552//776
f 1553//777 1555//777 1556//777 1554//777
f 1555//778 1557//778 1558//778 1556//778
f 1557//779 1559//779 1560//779 1558//779
f 1559//780 1561//780 1562//780 1560//780
f 1561//781 1563//781 1564//781 1562//781
f 1563//782 1565//782 1566//782 1564//782
f 1565//783 1567//783 1568//783 1566//783
f 1567//784 1569//784 1570//784 1568//784
f 1569//785 1571//785 1572//785 1570//785
f 1571//786 1573//786 1574//786 1572//786
f 1573//787 1575//787 1576//787 1574//787
f 1575//788 1577//788 1578//788 1576//788
f 1577//789 1579//789 1580//789 1578//789
f 1579//790 1581//790 1582//790 1580//790
f 1581//791 1583//791 1584//791 1582//791
f 1583//792 1585//792 1586//792 1584//792
f 1585//793 1587//793 1588//793 1586//793
f 1587//794 1589//794 1590//794 1588//794
f 1589//795 1591//795 1592//795 1590//795
f 1591//796 1593//796 1594//796 1592//796
f 1593//797 1595//797 1596//797 1594//797
f 1595//798 1597//798 1598//798 1596//798
f 1597//799 1599//799 1600//799 1598//799
f 1599//800 1601//800 1602//800 1600//800
f 1601//801 1603//801 1604//801 1602//801
f 1603//802 1605//802 1606//802 1604//802
f 1605//803 1607//803 1608//803 1606//803
f 1607//804 1609//804 1610//804 1608//804
f 1609//805 1611//805 1612//805 1610//805
f 1611//806 1613//806 1614//806 1612//806
f 1613//807 1615//807 1616//807 1614//807
f 1615//808 1617//808 1618//808 1616//808
f 1617//809 1619//809 1620//809 1618//809
f 1619//810 1621//810 1622//810 1620//810
f 1621//811 1623//811 1624//811 1622//811
f 1623//812 1625//812 1626//812 1624//812
f 1625//813 1627//813 1628//813 1626//813
f 1627//814 1629//814 1630//814 1628//814
f 1629//815 1631//815 1632//815 1630//815
f 1631//816 1633//816 1634//816 1632//816
f 1633//817 1635//817 1636//817 1634//817
f 1635//818 1637//818 1638//818 1636//818
f 1637//819 1639//819 1640//819 1638//819
f 1639//820 1641//820 1642//820 1640//820
f 1641//821 1643//821 1644//821 1642//821
f 1643//822 1645//822 1646//822 1644//822
f 1645//823 1647//823 1648//823 1646//823
f 1647//824 1649//824 1650//824 1648//824
f 1649//825 1651//825 1652//825 1650//825
f 1651//826 1653//826 1654//826 1652//826
f 1653//827 1655//827 1656//827 1654//827
f 1655//828 1657//828 1658//828 1656//828
f 1657//829 1659//829 1660//829 1658//829
f 1659//830 1661//830 1662//830 1660//830
f 1661//831 1663//831 1664//831 1662//831
f 1663//832 1665//832 1666//832 1664//832
f 1665//833 1667//833 1668//833 1666//833
f 1667//834 1669//834 1670//834 1668//834
f 1669//835 1671//835 1672//835 1670//835
f 1671//836 1673//836 1674//836 1672//836
f 1673//837 1675//837 1676//837 1674//837
f 1675//838 1677//838 1678//838 1676//838
f 1677//839 1679//839 1680//839 1678//839
f 1679//840 1681//840 1682//840 1680//840
f 1681//841 1683//841 1684//841 1682//841
f 1683//842 1685//842 1686//842 1684//842
f 1685//843 1687//843 1688//843 1686//843
f 1687//844 1689//844 1690//844 1688//844
f 1689//845 1691//845 1692//845 1690//845
f 1691//846 1693//846 1694//846 1692//846
f 1693//847 1695//847 1696//847 1694//847
f 1695//848 1697//848 1698//848 1696//848
f 1697//849 1699//849 1700//849 1698//849
f 1699//850 1701//850 1702//850 1700//850
f 1701//851 1703//851 1704//851 1702//851
f 1703//852 1705//852 1706//852 1704//852
f 1705//853 1707//853 1708//853 1706//853
f 1707//854 1709//854 1710//854 1708//854
f 1709//855 1711//855 1712//855 1710//855
f 1711//856 1713//856 1714//856 1712//856
f 1713//857 1715//857 1716//857 1714//857
f 1715//858 1717//858 1718//858 1716//858
f 1717//859 1719//859 1720//859 1718//859
f 1719//860 1721//860 1722//860 1720//860
f 1721//861 1723//861 1724//861 1722//861
f 1723//862 1725//862 1726//862 1724//862
f 1725//863 1727//863 1728//863 1726//863
f 1727//864 1729//864 1730//864 1728//864
f 1729//865 1731//865 1732//865 1730//865
f 1731//866 1733//866 1734//866 1732//866
f 1733//867 1735//867 1736//867 1734//867
f 1735//868 1737//868 1738//868 1736//868
f 1737//869 1739//869 1740//869 1738//869
f 1739//870 1741//870 1742//870 1740//870
f 1741//871 1743//871 1744//871 1742//871
f 1743//872 1745//872 1746//872 1744//872
f 1745//873 1747//873 1748//873 1746//873
f 1747//874 1749//874 1750//874 1748//874
f 1749//875 1751//875 1752//875 1750//875
f 1751//876 1753//876 1754//876 1752//876
f 1753//877 1755//877 1756//877 1754//877
f 1755//878 1757//878 1758//878 1756//878
f 1757//879 1759//879 1760//879 1758//879
f 1759//880 1761//880 1762//880 1760//880
f 1761//881 1763//881 1764//881 1762//881
f 1763//882 1765//882 1766//882 1764//882
f 1765//883 1767//883 1768//883 1766//883
f 1767//884 1769//884 1770//884 1768//884
f 1769//885 1771//885 1772//885 1770//885
f 1771//886 1773//886 1774//886 1772//886
f 1773//887 1775//887 1776//887 1774//887
f 1775//888 1777//888 1778//888 1776//888
f 1777//889 1779//889 1780//889 1778//889
f 1779//890 1781//890 1782//890 1780//890
f 1781//891 1783//891 1784//891 1782//891
f 1783//892 1785//892 1786//892 1784//892
f 1785//893 1787//893 1788//893 1786//893
f 1787//894 1789//894 1790//894 1788//894
f 1789//895 1791//895 1792//895 1790//895
f 1791//896 1793//896 1794//896 1792//896
f 1793//897 1795//897 1796//897 1794//897
f 1795//898 1797//898 1798//898 1796//898
f 1797//899 1799//899 1800//899 1798//899
f 1799//900 1801//900 1802//900 1800//900
f 1801//901 1803//901 1804//901 1802//901
f 1803//902 1805//902 1806//902 1804//902
f 1805//903 1807//903 1808//903 1806//903
f 1807//904 1809//904 1810//904 1808//904
f 1809//905 1811//905 1812//905 1810//905
f 1811//906 1813//906 1814//906 1812//906
f 1813//907 1815//907 1816//907 1814//907
f 1815//908 1817//908 1818//908 1816//908
f 1817//909 1819//909 1820//909 1818//909
f 1819//910 1821//910 1822//910 1820//910
f 1821//911 1823//911 1824//911 1822//911
f 1823//912 1825//912 1826//912 1824//912
f 1825//913 1827//913 1828//913 1826//913
f 1827//914 1829//914 1830//914 1828//914
f 1829//915 1831//915 1832//915 1830//915
f 1831//916 1833//916 1834//916 1832//916
f 1833//917 1835//917 1836//917 1834//917
f 1835//918 1837//918 1838//918 1836//918
f 1837//919 1839//919 1840//919 1838//919
f 1839//920 1841//920 1842//920 1840//920
f 1841//921 1843//921 1844//921 1842//921
f 1843//922 1845//922 1846//922 1844//922
f 1845//923 1847//923 1848//923 1846//923
f 1847//924 1849//924 1850//924 1848//924
f 1849//925 1851//925 1852//925 1850//925
f 1851//926 1853//926 1854//926 1852//926
f 1853//927 1855//927 1856//927 1854//927
f 1855//928 1857//928 1858//928 1856//928
f 1857//929 1859//929 1860//929 1858//929
f 1859//930 1861//930 1862//930 1860//930
f 1861//931 1863//931 1864//931 1862//931
f 1863//932 1865//932 1866//932 1864//932
f 1865//933 1867//933 1868//933 1866//933
f 1867//934 1869//934 1870//934 1868//934
f 1869//935 1871//935 1872//935 1870//935
f 1871//936 1873//936 1874//936 1872//936
f 1873//937 1875//937 1876//937 1874//937
f 1875//938 1877//938 1878//938 1876//938
f 1877//939 1879//939 1880//939 1878//939
f 1879//940 1881//940 1882//940 1880//940
f 1881//941 1883//941 1884//941 1882//941
f 1883//942 1885//942 1886//942 1884//942
f 1885//943 1887//943 1888//943 1886//943
f 1887//944 1889//944 1890//944 1888//944
f 1889//945 1891//945 1892//945 1890//945
f 1891//946 1893//946 1894//946 1892//946
f 1893//947 1895//947 1896//947 1894//947
f 1895//948 1897//948 1898//948 1896//948
f 1897//949 1899//949 1900//949 1898//949
f 1899//950 1901//950 1902//950 1900//950
f 1901//951 1903//951 1904//951 1902//951
f 1903//952 1905//952 1906//952 1904//952
f 1905//953 1907//953 1908//953 1906//953
f 1907//954 1909//954 1910//954 1908//954
f 1909//955 1911//955 1912//955 1910//955
f 1911//956 1913//956 1914//956 1912//956
f 1913//957 1915//957 1916//957 1914//957
f 1915//958 1917//958 1918//958 1916//958
f 1917//959 1919//959 1920//959 1918//959
f 1919//960 1921//960 1922//960 1920//960
f 1921//961 1923//961 1924//961 1922//961
f 1923//962 1925//962 1926//962 1924//962
f 1925//963 1927//963 1928//963 1926//963
f 1927//964 1929//964 1930//964 1928//964
f 1929//965 1931//965 1932//965 1930//965
f 1931//966 1//966 4//966 1932//966
f 1933//967 1934//967 1935//967 1936//967
f 1934//968 1937//968 1938//968 1935//968
f 1937//969 1939//969 1940//969 1938//969
f 1939//970 1941//970 1942//970 1940//970
f 1941//971 1943//971 1944//971 1942//971
f 1943//972 1945//972 1946//972 1944//972
f 1945//973 1947//973 1948//973 1946//973
f 1947//974 1949//974 1950//974 1948//974
f 1949//975 1951//975 1952//975 1950//975
f 1951//976 1953//976 1954//976 1952//976
f 1953//977 1955//977 1956//977 1954//977
f 1955//978 1957//978 1958//978 1956//978
f 1957//979 1959//979 1960//979 1958//979
f 1959//980 1961//980 1962//980 1960//980
f 1961//981 1963//981 1964//981 1962//981
f 1963//982 1965//982 1966//982 1964//982
f 1965//983 1967//983 1968//983 1966//983
f 1967//984 1969//984 1970//984 1968//984
f 1969//985 1971//985 1972//985 1970//985
f 1971//986 1973//986 1974//986 1972//986
f 1973//987 1933//987 1936//987 1974//987
f 1975//988 1976//988 1977//988 1978//988
f 1976//989 1979//989 1980//989 1977//989
f 1979//990 1981//990 1982//990 1980//990
f 1981//991 1983//991 1984//991 1982//991
f 1983//992 1985//992 1986//992 1984//992
f 1985//993 1987//993 1988//993 1986//993
f 1987//994 1989//994 1990//994 1988//994
f 1989//995 1991//995 1992//995 1990//995
f 1991//996 1993//996 1994//996 1992//996
f 1993//997 1995//997 1996//997 1994//997
f 1995//998 1997//998 1998//998 1996//998
f 1997//999 1999//999 2000//999 1998//999
f 1999//1000 2001//1000 2002//1000 2000//1000
f 2001//1001 2003//1001 2004//1001 2002//1001
f 2003//1002 2005//1002 2006//1002 2004//1002
f 2005//1003 2007//1003 2008//1003 2006//1003
f 2007//1004 2009//1004 2010//1004 2008//1004
f 2009//1005 2011//1005 2012//1005 2010//1005
f 2011//1006 2013//1006 2014//1006 2012//1006
f 2013//1007 2015//1007 2016//1007 2014//1007
f 2015//1008 2017//1008 2018//1008 2016//1008
f 2017//1009 1975//1009 1978//1009 2018//1009
f 2019//1010 2020//1010 2021//1010 2022//1010
f 2020//1011 2023//1011 2024//1011 2021//1011
f 2023//1012 2025//1012 2026//1012 2024//1012
f 2025//1013 2027//1013 2028//1013 2026//1013
f 2027//1014 2029//1014 2030//1014 2028//1014
f 2029//1015 2031//1015 2032//1015 2030//1015
f 2031//1016 2033//1016 2034//1016 2032//1016
f 2033//1017 2035//1017 2036//1017 2034//1017
f 2035//1018 2019//1018 2022//1018 2036//1018
f 2037//1019 2038//1019 2039//1019 2040//1019
f 2038//1020 2041//1020 2042//1020 2039//1020
f 2041//1021 2043//1021 2044//1021 2042//1021
f 2043//1022 2045//1022 2046//1022 2044//1022
f 2045//1023 2047//1023 2048//1023 2046//1023
f 2047//1024 2049//1024 2050//1024 2048//1024
f 2049//1025 2051//1025 2052//1025 2050//1025
f 2051//1026 2053//1026 2054//1026 2052//1026
f 2053//1027 2055//1027 2056//1027 2054//1027
f 2055//1028 2057//1028 2058//1028 2056//1028
f 2057//1029 2059//1029 2060//1029 2058//1029
f 2059//1030 2061//1030 2062//1030 2060//1030
f 2061//1031 2063//1031 2064//1031 2062//1031
f 2063//1032 2037//1032 2040//1032 2064//1032
f 2065//1033 2066//1033 2067//1033 2068//1033
f 2066//1034 2069//1034 2070//1034 2067//1034
f 2069//1035 2071//1035 2072//1035 2070//1035
f 2071//1036 2073//1036 2074//1036 2072//1036
f 2073//1037 2065//1037 2068//1037 2074//1037
f 2075//1038 2076//1038 2077//1038 2078//1038
f 2076//1039 2079//1039 2080//1039 2077//1039
f 2079//1040 2081//1040 2082//1040 2080//1040
f 2081//1041 2075//1041 2078//1041 2082//1041
f 2083//1042 2084//1042 2085//1042 2086//1042
f 2084//1043 2087//1043 2088//1043 2085//1043
f 2087//1044 2083//1044 2086//1044 2088//1044
f 2089//1045 2090//1045 2091//1045 2092//1045
f 2090//1046 2093//1046 2094//1046 2091//1046
f 2093//1047 2089//1047 2092//1047 2094//1047
f 2095//1048 2096//1048 2097//1048 2098//1048
f 2096//1049 2099//1049 2100//1049 2097//1049
f 2099//1050 2095//1050 2098//1050 2100//1050
f 2101//1051 2102//1051 2103//1051 2104//1051
f 2102//1052 2105//1052 2106//1052 2103//1052
f 2105//1053 2101//1053 2104//1053 2106//1053
f 2107//1054 2108//1054 2109//1054 2110//1054
f 2108//1055 2111//1055 2112//1055 2109//1055
f 2111//1056 2107//1056 2110//1056 2112//1056
f 2113//1057 2114//1057 2115//1057 2116//1057
f 2114//1058 2117//1058 2118//1058 2115//1058
f 2117//1059 2113//1059 2116//1059 2118//1059
f 2119//1060 2120//1060 2121//1060 2122//1060
f 2120//1061 2123//1061 2124//1061 2121//1061
f 2123//1062 2119//1062 2122//1062 2124//1062
f 2125//1063 2126//1063 2127//1063 2128//1063
f 2126//1064 2129//1064 2130//1064 2127//1064
f 2129//1065 2131//1065 2132//1065 2130//1065
f 2131//1066 2125//1066 2128//1066 2132//1066
f 2133//1067 2134//1067 2135//1067 2136//1067
f 2134//1068 2137//1068 2138//1068 2135//1068
f 2137//1069 2139//1069 2140//1069 2138//1069
f 2139//1070 2141//1070 2142//1070 2140//1070
f 2141//1071 2143//1071 2144//1071 2142//1071
f 2143//1072 2145//1072 2146//1072 2144//1072
f 2145//1073 2147//1073 2148//1073 2146//1073
f 2147//1074 2133//1074 2136//1074 2148//1074
f 2149//1075 2150//1075 2151//1075 2152//1075
f 2150//1076 2153//1076 2154//1076 2151//1076
f 2153//1077 2155//1077 2156//1077 2154//1077
f 2155//1078 2157//1078 2158//1078 2156//1078
f 2157//1079 2159//1079 2160//1079 2158//1079
f 2159//1080 2161//1080 2162//1080 2160//1080
f 2161//1081 2163//1081 2164//1081 2162//1081
f 2163//1082 2165//1082 2166//1082 2164//1082
f 2165//1083 2149//1083 2152//1083 2166//1083
f 2167//1084 2168//1084 2169//1084 2170//1084
f 2168//1085 2171//1085 2172//1085 2169//1085
f 2171//1086 2173//1086 2174//1086 2172//1086
f 2173//1087 2175//1087 2176//1087 2174//1087
f 2175//1088 2177//1088 2178//1088 2176//1088
f 2177//1089 2179//1089 2180//1089 2178//1089
f 2179//1090 2181//1090 2182//1090 2180//1090
f 2181//1091 2183//1091 2184//1091 2182//1091
f 2183//1092 2167//1092 2170//1092 2184//1092
f 2185//1093 2186//1093 2187//1093 2188//1093
f 2186//1094 2189//1094 2190//1094 2187//1094
f 2189//1095 2191//1095 2192//1095 2190//1095
f 2191//1096 2193//1096 2194//1096 2192//1096
f 2193//1097 2195//1097 2196//1097 2194//1097
f 2195//1098 2197//1098 2198//1098 2196//1098
f 2197//1099 2199//1099 2200//1099 2198//1099
f 2199//1100 2185//1100 2188//1100 2200//1100
f 2201//1101 2202//1101 2203//1101 2204//1101
f 2202//1102 2205//1102 2206//1102 2203//1102
f 2205//1103 2207//1103 2208//1103 2206//1103
f 2207//1104 2209//1104 2210//1104 2208//1104
f 2209//1105 2211//1105 2212//1105 2210//1105
f 2211//1106 2213//1106 2214//1106 2212//1106
f 2213//1107 2215//1107 2216//1107 2214//1107
f 2215//1108 2201//1108 2204//1108 2216//1108
f 2217//1109 2218//1109 2219//1109 2220//1109
f 2218//1110 2221//1110 2222//1110 2219//1110
f 2221//1111 2223//1111 2224//1111 2222//1111
f 2223//1112 2225//1112 2226//1112 2224//1112
f 2225//1113 2227//1113 2228//1113 2226//1113
f 2227//1114 2217//1114 2220//1114 2228//1114
f 2229//1115 2230//1115 2231//1115 2232//1115
f 2230//1116 2233//1116 2234//1116 2231//1116
f 2233//1117 2235//1117 2236//1117 2234//1117
f 2235//1118 2229//1118 2232//1118 2236//1118
f 2237//1119 2238//1119 2239//1119 2240//1119
f 2238//1120 2241//1120 2242//1120 2239//1120
f 2241//1121 2243//1121 2244//1121 2242//1121
f 2243//1122 2237//1122 2240//1122 2244//1122
f 2245//1123 2246//1123 2247//1123 2248//1123
f 2246//1124 2249//1124 2250//1124 2247//1124
f 2249//1125 2245//1125 2248//1125 2250//1125
f 2251//1126 2252//1126 2253//1126 2254//1126
f 2252//1127 2255//1127 2256//1127 2253//1127
f 2255//1128 2257//1128 2258//1128 2256//1128
f 2257//1129 2251//1129 2254//1129 2258//1129
f 2259//1130 2260//1130 2261//1130 2262//1130
f 2260//1131 2263//1131 2264//1131 2261//1131
f 2263//1132 2259//1132 2262//1132 2264//1132
f 2265//1133 2266//1133 2267//1133 2268//1133
f 2266//1134 2269//1134 2270//1134 2267//1134
f 2269//1135 2265//1135 2268//1135 2270//1135
f 2271//1136 2272//1136 2273//1136 2274//1136
f 2272//1137 2275//1137 2276//1137 2273//1137
f 2275//1138 2271//1138 2274//1138 2276//1138
f 2277//1139 2278//1139 2279//1139 2280//1139
f 2278//1140 2281//1140 2282//1140 2279//1140
f 2281//1141 2277//1141 2280//1141 2282//1141
f 2283//1142 2284//1142 2285//1142 2286//1142
f 2284//1143 2287//1143 2288//1143 2285//1143
f 2287//1144 2283//1144 2286//1144 2288//1144
f 2289//1145 2290//1145 2291//1145 2292//1145
f 2290//1146 2293//1146 2294//1146 2291//1146
f 2293//1147 2295//1147 2296//1147 2294//1147
f 2295//1148 2289//1148 2292//1148 2296//1148
f 2297//1149 2298//1149 2299//1149 2300//1149
f 2298//1150 2301//1150 2302//1150 2299//1150
f 2301//1151 2297//1151 2300//1151 2302//1151
f 2303//1152 2304//1152 2305//1152 2306//1152
f 2304//1153 2307//1153 2308//1153 2305//1153
f 2307//1154 2303//1154 2306//1154 2308//1154
f 2309//1155 2310//1155 2311//1155 2312//1155
f 2310//1156 2313//1156 2314//1156 2311//1156
f 2313//1157 2309//1157 2312//1157 2314//1157
f 2315//1158 2316//1158 2317//1158 2318//1158
f 2316//1159 2319//1159 2320//1159 2317//1159
f 2319//1160 2321//1160 2322//1160 2320//1160
f 2321//1161 2315//1161 2318//1161 2322//1161
f 2323//1162 2324//1162 2325//1162 2326//1162
f 2324//1163 2327//1163 2328//1163 2325//1163
f 2327//1164 2323//1164 2326//1164 2328//1164
f 2329//1165 2330//1165 2331//1165 2332//1165
f 2330//1166 2333//1166 2334//1166 2331//1166
f 2333//1167 2329//1167 2332//1167 2334//1167
f 2335//1168 2336//1168 2337//1168 2338//1168
f 2336//1169 2339//1169 2340//1169 2337//1169
f 2339//1170 2335//1170 2338//1170 2340//1170
f 2341//1171 2342//1171 2343//1171 2344//1171
f 2342//1172 2345//1172 2346//1172 2343//1172
f 2345//1173 2341//1173 2344//1173 2346//1173
f 2347//1174 2348//1174 2349//1174 2350//1174
f 2348//1175 2351//1175 2352//1175 2349//1175
f 2351//1176 2347//1176 2350//1176 2352//1176
f 2353//1177 2354//1177 2355//1177 2356//1177
f 2354//1178 2357//1178 2358//1178 2355//1178
f 2357//1179 2359//1179 2360//1179 2358//1179
f 2359//1180 2353//1180 2356//1180 2360//1180
f 2361//1181 2362//1181 2363//1181 2364//1181
f 2362//1182 2365//1182 2366//1182 2363//1182
f 2365//1183 2361//1183 2364//1183 2366//1183
f 2367//1184 2368//1184 2369//1184 2370//1184
f 2368//1185 2371//1185 2372//1185 2369//1185
f 2371//1186 2367//1186 2370//1186 2372//1186
f 2373//1187 2374//1187 2375//1187 2376//1187
f 2374//1188 2377//1188 2378//1188 2375//1188
f 2377//1189 2373//1189 2376//1189 2378//1189
f 2379//1190 2380//1190 2381//1190 2382//1190
f 2380//1191 2383//1191 2384//1191 2381//1191
f 2383//1192 2385//1192 2386//1192 2384//1192
f 2385//1193 2379//1193 2382//1193 2386//1193
f 2387//1194 2388//1194 2389//1194 2390//1194
f 2388//1195 2391//1195 2392//1195 2389//1195
f 2391//1196 2387//1196 2390//1196 2392//1196
f 2393//1197 2394//1197 2395//1197 2396//1197
f 2394//1198 2397//1198 2398//1198 2395//1198
f 2397//1199 2393//1199 2396//1199 2398//1199
f 2399//1200 2400//1200 2401//1200 2402//1200
f 2400//1201 2403//1201 2404//1201 2401//1201
f 2403//1202 2399//1202 2402//1202 2404//1202
f 2405//1203 2406//1203 2407//1203 2408//1203
f 2406//1204 2409//1204 2410//1204 2407//1204
f 2409//1205 2405//1205 2408//1205 2410//1205
f 2411//1206 2412//1206 2413//1206 2414//1206
f 2412//1207 2415//1207 2416//1207 2413//1207
f 2415//1208 2411//1208 2414//1208 2416//1208
f 2417//1209 2418//1209 2419//1209 2420//1209
f 2418//1210 2421//1210 2422//1210 2419//1210
f 2421//1211 2423//1211 2424//1211 2422//1211
f 2423//1212 2417//1212 2420//1212 2424//1212
f 2425//1213 2426//1213 2427//1213 2428//1213
f 2426//1214 2429//1214 2430//1214 2427//1214
f 2429//1215 2425//1215 2428//1215 2430//1215
f 2431//1216 2432//1216 2433//1216 2434//1216
f 2432//1217 2435//1217 2436//1217 2433//1217
f 2435//1218 2431//1218 2434//1218 2436//1218
f 2437//1219 2438//1219 2439//1219 2440//1219
f 2438//1220 2441//1220 2442//1220 2439//1220
f 2441//1221 2437//1221 2440//1221 2442//1221
f 2443//1222 2444//1222 2445//1222 2446//1222
f 2444//1223 2447//1223 2448//1223 2445//1223
f 2447//1224 2449//1224 2450//1224 2448//1224
f 2449//1225 2443//1225 2446//1225 2450//1225
f 2451//1226 2452//1226 2453//1226 2454//1226
f 2452//1227 2455//1227 2456//1227 2453//1227
f 2455//1228 2451//1228 2454//1228 2456//1228
f 2457//1229 2458//1229 2459//1229 2460//1229
f 2458//1230 2461//1230 2462//1230 2459//1230
f 2461//1231 2457//1231 2460//1231 2462//1231
f 2463//1232 2464//1232 2465//1232 2466//1232
f 2464//1233 2467//1233 2468//1233 2465//1233
f 2467//1234 2469//1234 2470//1234 2468//1234
f 2469//1235 2471//1235 2472//1235 2470//1235
f 2471//1236 2463//1236 2466//1236 2472//1236
f 2473//1237 2474//1237 2475//1237 2476//1237
f 2474//1238 2477//1238 2478//1238 2475//1238
f 2477//1239 2479//1239 2480//1239 2478//1239
f 2479//1240 2473//1240 2476//1240 2480//1240
f 2481//1241 2482//1241 2483//1241 2484//1241
f 2482//1242 2485//1242 2486//1242 2483//1242
f 2485//1243 2487//1243 2488//1243 2486//1243
f 2487//1244 2481//1244 2484//1244 2488//1244
f 2489//1245 2490//1245 2491//1245 2492//1245
f 2490//1246 2493//1246 2494//1246 2491//1246
f 2493//1247 2489//1247 2492//1247 2494//1247
f 2495//1248 2496//1248 2497//1248 2498//1248
f 2496//1249 2499//1249 2500//1249 2497//1249
f 2499//1250 2501//1250 2502//1250 2500//1250
f 2501//1251 2495//1251 2498//1251 2502//1251
f 2503//1252 2504//1252 2505//1252 2506//1252
f 2504//1253 2507//1253 2508//1253 2505//1253
f 2507//1254 2503//1254 2506//1254 2508//1254
f 2509//1255 2510//1255 2511//1255 2512//1255
f 2510//1256 2513//1256 2514//1256 2511//1256
f 2513//1257 2509//1257 2512//1257 2514//1257
f 2515//1258 2516//1258 2517//1258 2518//1258
f 2516//1259 2519//1259 2520//1259 2517//1259
f 2519//1260 2521//1260 2522//1260 2520//1260
f 2521//1261 2515//1261 2518//1261 2522//1261
f 2523//1262 2524//1262 2525//1262 2526//1262
f 2524//1263 2527//1263 2528//1263 2525//1263
f 2527//1264 2523//1264 2526//1264 2528//1264
f 2529//1265 2530//1265 2531//1265 2532//1265
f 2530//1266 2533//1266 2534//1266 2531//1266
f 2533//1267 2529//1267 2532//1267 2534//1267
f 2535//1268 2536//1268 2537//1268 2538//1268
f 2536//1269 2539//1269 2540//1269 2537//1269
f 2539//1270 2535//1270 2538//1270 2540//1270
f 2541//1271 2542//1271 2543//1271 2544//1271
f 2542//1272 2545//1272 2546//1272 2543//1272
f 2545//1273 2547//1273 2548//1273 2546//1273
f 2547//1274 2541//1274 2544//1274 2548//1274
f 2549//1275 2550//1275 2551//1275 2552//1275
f 2550//1276 2553//1276 2554//1276 2551//1276
f 2553//1277 2549//1277 2552//1277 2554//1277
f 2555//1278 2556//1278 2557//1278 2558//1278
f 2556//1279 2559//1279 2560//1279 2557//1279
f 2559//1280 2555//1280 2558//1280 2560//1280
f 2561//1281 2562//1281 2563//1281 2564//1281
f 2562//1282 2565//1282 2566//1282 2563//1282
f 2565//1283 2561//1283 2564//1283 2566//1283
f 2567//1284 2568//1284 2569//1284 2570//1284
f 2568//1285 2571//1285 2572//1285 2569//1285
f 2571//1286 2567//1286 2570//1286 2572//1286
f 2573//1287 2574//1287 2575//1287 2576//1287
f 2574//1288 2577//1288 2578//1288 2575//1288
f 2577//1289 2573//1289 2576//1289 2578//1289
f 2579//1290 2580//1290 2581//1290 2582//1290
f 2580//1291 2583//1291 2584//1291 2581//1291
f 2583//1292 2579//1292 2582//1292 2584//1292
f 2585//1293 2586//1293 2587//1293 2588//1293
f 2586//1294 2589//1294 2590//1294 2587//1294
f 2589//1295 2585//1295 2588//1295 2590//1295
f 2591//1296 2592//1296 2593//1296 2594//1296
f 2592//1297 2595//1297 2596//1297 2593//1297
f 2595//1298 2591//1298 2594//1298 2596//1298
f 2597//1299 2598//1299 2599//1299 2600//1299
f 2598//1300 2601//1300 2602//1300 2599//1300
f 2601//1301 2597//1301 2600//1301 2602//1301
f 2603//1302 2604//1302 2605//1302 2606//1302
f 2604//1303 2607//1303 2608//1303 2605//1303
f 2607//1304 2603//1304 2606//1304 2608//1304
f 2609//1305 2610//1305 2611//1305 2612//1305
f 2610//1306 2613//1306 2614//1306 2611//1306
f 2613//1307 2609//1307 2612//1307 2614//1307
f 2615//1308 2616//1308 2617//1308 2618//1308
f 2616//1309 2619//1309 2620//1309 2617//1309
f 2619//1310 2615//1310 2618//1310 2620//1310
f 2621//1311 2622//1311 2623//1311 2624//1311
f 2622//1312 2625//1312 2626//1312 2623//1312
f 2625//1313 2627//1313 2628//1313 2626//1313
f 2627//1314 2621//1314 2624//1314 2628//1314
f 2629//1315 2630//1315 2631//1315 2632//1315
f 2630//1316 2633//1316 2634//1316 2631//1316
f 2633//1317 2629//1317 2632//1317 2634//1317
f 214//1318 210//1318 212//1318
f 211//1319 209//1319 213//1319
f 216//1320 210//1320 214//1320
f 213//1321 209//1321 215//1321
f 226//1322 218//1322 220//1322
f 219//1323 217//1323 225//1323
f 222//1324 226//1324 220//1324
f 219//1325 225//1325 221//1325
f 224//1326 226//1326 222//1326
f 221//1327 225//1327 223//1327
f 244//1328 238//1328 240//1328
f 239//1329 237//1329 243//1329
f 242//1330 244//1330 240//1330
f 239//1331 243//1331 241//1331
f 848//1332 894//1332 846//1332
f 845//1333 893//1333 847//1333
f 850//1334 894//1334 848//1334
f 847//1335 893//1335 849//1335
f 854//1336 850//1336 852//1336
f 851//1337 849//1337 853//1337
f 866//1338 858//1338 860//1338
f 859//1339 857//1339 865//1339
f 864//1340 866//1340 860//1340
f 859//1341 865//1341 863//1341
f 862//1342 864//1342 860//1342
f 859//1343 863//1343 861//1343
f 1496//1344 1492//1344 1494//1344
f 1493//1345 1491//1345 1495//1345
f 2190//1346 1932//1346 4//1346
f 1//1347 1931//1347 2189//1347
f 2187//1348 2190//1348 4//1348
f 1//1349 2189//1349 2186//1349
f 2203//1350 2187//1350 4//1350
f 1//1351 2186//1351 2202//1351
f 2204//1352 2203//1352 4//1352
f 1//1353 2202//1353 2201//1353
f 6//1354 2204//1354 4//1354
f 1//1355 2201//1355 5//1355
f 3//1356 6//1356 4//1356
f 1//1357 5//1357 2//1357
f 192//1358 186//1358 188//1358
f 187//1359 185//1359 191//1359
f 190//1360 192//1360 188//1360
f 187//1361 191//1361 189//1361
f 202//1362 204//1362 206//1362
f 205//1363 203//1363 201//1363
f 136//1364 202//1364 206//1364
f 205//1365 201//1365 135//1365
f 208//1366 136//1366 206//1366
f 205//1367 135//1367 207//1367
f 386//1368 136//1368 208//1368
f 207//1369 135//1369 385//1369
f 384//1370 386//1370 208//1370
f 207//1371 385//1371 383//1371
f 256//1372 384//1372 208//1372
f 207//1373 383//1373 255//1373
f 254//1374 256//1374 208//1374
f 207//1375 255//1375 253//1375
f 250//1376 254//1376 208//1376
f 207//1377 253//1377 249//1377
f 236//1378 250//1378 208//1378
f 207//1379 249//1379 235//1379
f 234//1380 236//1380 208//1380
f 207//1381 235//1381 233//1381
f 232//1382 234//1382 208//1382
f 207//1383 233//1383 231//1383
f 230//1384 232//1384 208//1384
f 207//1385 231//1385 229//1385
f 228//1386 230//1386 208//1386
f 207//1387 229//1387 227//1387
f 218//1388 228//1388 208//1388
f 207//1389 227//1389 217//1389
f 216//1390 218//1390 208//1390
f 207//1391 217//1391 215//1391
f 210//1392 216//1392 208//1392
f 207//1393 215//1393 209//1393
f 226//1394 228//1394 218//1394
f 217//1395 227//1395 225//1395
f 248//1396 250//1396 236//1396
f 235//1397 249//1397 247//1397
f 238//1398 248//1398 236//1398
f 235//1399 247//1399 237//1399
f 246//1400 248//1400 238//1400
f 237//1401 247//1401 245//1401
f 244//1402 246//1402 238//1402
f 237//1403 245//1403 243//1403
f 898//1404 842//1404 844//1404
f 843//1405 841//1405 897//1405
f 896//1406 898//1406 844//1406
f 843//1407 897//1407 895//1407
f 1210//1408 1202//1408 1204//1408
f 1203//1409 1201//1409 1209//1409
f 1206//1410 1210//1410 1204//1410
f 1203//1411 1209//1411 1205//1411
f 884//1412 892//1412 856//1412
f 855//1413 891//1413 883//1413
f 882//1414 884//1414 856//1414
f 855//1415 883//1415 881//1415
f 858//1416 882//1416 856//1416
f 855//1417 881//1417 857//1417
f 878//1418 882//1418 858//1418
f 857//1419 881//1419 877//1419
f 874//1420 876//1420 858//1420
f 857//1421 875//1421 873//1421
f 866//1422 874//1422 858//1422
f 857//1423 873//1423 865//1423
f 872//1424 874//1424 866//1424
f 865//1425 873//1425 871//1425
f 868//1426 872//1426 866//1426
f 865//1427 871//1427 867//1427
f 1496//1428 1488//1428 1490//1428
f 1489//1429 1487//1429 1495//1429
f 1492//1430 1496//1430 1490//1430
f 1489//1431 1495//1431 1491//1431
f 1498//1432 1488//1432 1496//1432
f 1495//1433 1487//1433 1497//1433
f 1930//1434 1926//1434 1928//1434
f 1927//1435 1925//1435 1929//1435
f 1924//1436 1930//1436 1932//1436
f 1931//1437 1929//1437 1923//1437
f 2135//1438 1924//1438 1932//1438
f 1931//1439 1923//1439 2134//1439
f 2136//1440 2135//1440 1932//1440
f 1931//1441 2134//1441 2133//1441
f 2154//1442 2136//1442 1932//1442
f 1931//1443 2133//1443 2153//1443
f 2151//1444 2154//1444 1932//1444
f 1931//1445 2153//1445 2150//1445
f 2169//1446 2151//1446 1932//1446
f 1931//1447 2150//1447 2168//1447
f 2190//1448 2169//1448 1932//1448
f 1931//1449 2168//1449 2189//1449
f 2170//1450 2169//1450 2190//1450
f 2189//1451 2168//1451 2167//1451
f 2192//1452 2170//1452 2190//1452
f 2189//1453 2167//1453 2191//1453
f 2203//1454 2188//1454 2187//1454
f 2186//1455 2185//1455 2202//1455
f 2206//1456 2188//1456 2203//1456
f 2202//1457 2185//1457 2205//1457
f 8//1458 2216//1458 2204//1458
f 2201//1459 2215//1459 7//1459
f 6//1460 8//1460 2204//1460
f 2201//1461 7//1461 5//1461
f 182//1462 184//1462 186//1462
f 185//1463 183//1463 181//1463
f 192//1464 182//1464 186//1464
f 185//1465 181//1465 191//1465
f 194//1466 182//1466 192//1466
f 191//1467 181//1467 193//1467
f 196//1468 198//1468 200//1468
f 199//1469 197//1469 195//1469
f 164//1470 196//1470 200//1470
f 199//1471 195//1471 163//1471
f 162//1472 164//1472 200//1472
f 199//1473 163//1473 161//1473
f 202//1474 162//1474 200//1474
f 199//1475 161//1475 201//1475
f 136//1476 160//1476 202//1476
f 201//1477 159//1477 135//1477
f 158//1478 160//1478 136//1478
f 135//1479 159//1479 157//1479
f 138//1480 158//1480 136//1480
f 135//1481 157//1481 137//1481
f 386//1482 134//1482 136//1482
f 135//1483 133//1483 385//1483
f 100//1484 134//1484 386//1484
f 385//1485 133//1485 99//1485
f 440//1486 100//1486 386//1486
f 385//1487 99//1487 439//1487
f 388//1488 440//1488 386//1488
f 385//1489 439//1489 387//1489
f 360//1490 382//1490 384//1490
f 383//1491 381//1491 359//1491
f 346//1492 360//1492 384//1492
f 383//1493 359//1493 345//1493
f 256//1494 346//1494 384//1494
f 383//1495 345//1495 255//1495
f 344//1496 346//1496 256//1496
f 255//1497 345//1497 343//1497
f 334//1498 344//1498 256//1498
f 255//1499 343//1499 333//1499
f 250//1500 252//1500 254//1500
f 253//1501 251//1501 249//1501
f 270//1502 282//1502 284//1502
f 283//1503 281//1503 269//1503
f 300//1504 294//1504 296//1504
f 295//1505 293//1505 299//1505
f 298//1506 300//1506 296//1506
f 295//1507 299//1507 297//1507
f 900//1508 840//1508 842//1508
f 841//1509 839//1509 899//1509
f 898//1510 900//1510 842//1510
f 841//1511 899//1511 897//1511
f 1212//1512 1200//1512 1202//1512
f 1201//1513 1199//1513 1211//1513
f 1210//1514 1212//1514 1202//1514
f 1201//1515 1211//1515 1209//1515
f 1206//1516 1208//1516 1210//1516
f 1209//1517 1207//1517 1205//1517
f 886//1518 888//1518 890//1518
f 889//1519 887//1519 885//1519
f 892//1520 886//1520 890//1520
f 889//1521 885//1521 891//1521
f 884//1522 886//1522 892//1522
f 891//1523 885//1523 883//1523
f 878//1524 880//1524 882//1524
f 881//1525 879//1525 877//1525
f 868//1526 870//1526 872//1526
f 871//1527 869//1527 867//1527
f 1508//1528 1476//1528 1478//1528
f 1477//1529 1475//1529 1507//1529
f 1480//1530 1508//1530 1478//1530
f 1477//1531 1507//1531 1479//1531
f 1506//1532 1508//1532 1480//1532
f 1479//1533 1507//1533 1505//1533
f 1482//1534 1506//1534 1480//1534
f 1479//1535 1505//1535 1481//1535
f 1504//1536 1506//1536 1482//1536
f 1481//1537 1505//1537 1503//1537
f 1502//1538 1504//1538 1482//1538
f 1481//1539 1503//1539 1501//1539
f 1484//1540 1502//1540 1482//1540
f 1481//1541 1501//1541 1483//1541
f 1486//1542 1500//1542 1484//1542
f 1483//1543 1499//1543 1485//1543
f 1498//1544 1500//1544 1486//1544
f 1485//1545 1499//1545 1497//1545
f 1488//1546 1498//1546 1486//1546
f 1485//1547 1497//1547 1487//1547
f 1474//1548 1476//1548 1508//1548
f 1507//1549 1475//1549 1473//1549
f 1472//1550 1474//1550 1508//1550
f 1507//1551 1473//1551 1471//1551
f 1510//1552 1472//1552 1508//1552
f 1507//1553 1471//1553 1509//1553
f 1516//1554 1512//1554 1514//1554
f 1513//1555 1511//1555 1515//1555
f 1548//1556 1550//1556 1552//1556
f 1551//1557 1549//1557 1547//1557
f 1556//1558 1548//1558 1552//1558
f 1551//1559 1547//1559 1555//1559
f 1554//1560 1556//1560 1552//1560
f 1551//1561 1555//1561 1553//1561
f 1542//1562 1558//1562 1560//1562
f 1559//1563 1557//1563 1541//1563
f 1540//1564 1542//1564 1560//1564
f 1559//1565 1541//1565 1539//1565
f 1952//1566 1540//1566 1560//1566
f 1559//1567 1539//1567 1951//1567
f 1562//1568 1952//1568 1560//1568
f 1559//1569 1951//1569 1561//1569
f 1950//1570 1952//1570 1562//1570
f 1561//1571 1951//1571 1949//1571
f 1566//1572 1950//1572 1562//1572
f 1561//1573 1949//1573 1565//1573
f 1564//1574 1566//1574 1562//1574
f 1561//1575 1565//1575 1563//1575
f 1938//1576 1580//1576 1582//1576
f 1581//1577 1579//1577 1937//1577
f 1992//1578 1935//1578 1582//1578
f 1581//1579 1934//1579 1991//1579
f 1584//1580 1992//1580 1582//1580
f 1581//1581 1991//1581 1583//1581
f 1990//1582 1992//1582 1584//1582
f 1583//1583 1991//1583 1989//1583
f 1588//1584 1990//1584 1584//1584
f 1583//1585 1989//1585 1587//1585
f 1586//1586 1588//1586 1584//1586
f 1583//1587 1587//1587 1585//1587
f 1602//1588 1604//1588 1606//1588
f 1605//1589 1603//1589 1601//1589
f 1980//1590 1602//1590 1606//1590
f 1605//1591 1601//1591 1979//1591
f 1977//1592 1980//1592 1606//1592
f 1605//1593 1979//1593 1976//1593
f 1608//1594 1977//1594 1606//1594
f 1605//1595 1976//1595 1607//1595
f 1634//1596 1977//1596 1608//1596
f 1607//1597 1976//1597 1633//1597
f 1632//1598 1634//1598 1608//1598
f 1607//1599 1633//1599 1631//1599
f 1612//1600 1632//1600 1608//1600
f 1607//1601 1631//1601 1611//1601
f 1610//1602 1612//1602 1608//1602
f 1607//1603 1611//1603 1609//1603
f 1660//1604 1656//1604 1658//1604
f 1657//1605 1655//1605 1659//1605
f 1670//1606 1664//1606 1666//1606
f 1665//1607 1663//1607 1669//1607
f 1668//1608 1670//1608 1666//1608
f 1665//1609 1669//1609 1667//1609
f 1930//1610 1924//1610 1926//1610
f 1925//1611 1923//1611 1929//1611
f 1918//1612 1922//1612 1924//1612
f 1923//1613 1921//1613 1917//1613
f 1916//1614 1918//1614 1924//1614
f 1923//1615 1917//1615 1915//1615
f 2135//1616 1916//1616 1924//1616
f 1923//1617 1915//1617 2134//1617
f 2138//1618 1916//1618 2135//1618
f 2134//1619 1915//1619 2137//1619
f 2156//1620 2148//1620 2136//1620
f 2133//1621 2147//1621 2155//1621
f 2154//1622 2156//1622 2136//1622
f 2133//1623 2155//1623 2153//1623
f 2172//1624 2152//1624 2151//1624
f 2150//1625 2149//1625 2171//1625
f 2169//1626 2172//1626 2151//1626
f 2150//1627 2171//1627 2168//1627
f 2192//1628 2184//1628 2170//1628
f 2167//1629 2183//1629 2191//1629
f 2182//1630 2184//1630 2192//1630
f 2191//1631 2183//1631 2181//1631
f 2194//1632 2182//1632 2192//1632
f 2191//1633 2181//1633 2193//1633
f 2180//1634 2182//1634 2194//1634
f 2193//1635 2181//1635 2179//1635
f 2196//1636 2180//1636 2194//1636
f 2193//1637 2179//1637 2195//1637
f 1896//1638 2180//1638 2196//1638
f 2195//1639 2179//1639 1895//1639
f 2198//1640 1896//1640 2196//1640
f 2195//1641 1895//1641 2197//1641
f 28//1642 1896//1642 2198//1642
f 2197//1643 1895//1643 27//1643
f 2208//1644 28//1644 2198//1644
f 2197//1645 27//1645 2207//1645
f 2206//1646 2208//1646 2198//1646
f 2197//1647 2207//1647 2205//1647
f 2200//1648 2206//1648 2198//1648
f 2197//1649 2205//1649 2199//1649
f 2188//1650 2206//1650 2200//1650
f 2199//1651 2205//1651 2185//1651
f 2214//1652 2210//1652 2212//1652
f 2211//1653 2209//1653 2213//1653
f 10//1654 2214//1654 2216//1654
f 2215//1655 2213//1655 9//1655
f 8//1656 10//1656 2216//1656
f 2215//1657 9//1657 7//1657
f 12//1658 2214//1658 10//1658
f 9//1659 2213//1659 11//1659
f 16//1660 12//1660 14//1660
f 13//1661 11//1661 15//1661
f 18//1662 12//1662 16//1662
f 15//1663 11//1663 17//1663
f 50//1664 46//1664 48//1664
f 47//1665 45//1665 49//1665
f 44//1666 46//1666 50//1666
f 49//1667 45//1667 43//1667
f 52//1668 44//1668 50//1668
f 49//1669 43//1669 51//1669
f 42//1670 44//1670 52//1670
f 51//1671 43//1671 41//1671
f 40//1672 42//1672 52//1672
f 51//1673 41//1673 39//1673
f 166//1674 180//1674 182//1674
f 181//1675 179//1675 165//1675
f 164//1676 166//1676 182//1676
f 181//1677 165//1677 163//1677
f 196//1678 164//1678 182//1678
f 181//1679 163//1679 195//1679
f 194//1680 196//1680 182//1680
f 181//1681 195//1681 193//1681
f 152//1682 148//1682 150//1682
f 149//1683 147//1683 151//1683
f 146//1684 148//1684 152//1684
f 151//1685 147//1685 145//1685
f 144//1686 146//1686 152//1686
f 151//1687 145//1687 143//1687
f 154//1688 144//1688 152//1688
f 151//1689 143//1689 153//1689
f 138//1690 156//1690 158//1690
f 157//1691 155//1691 137//1691
f 140//1692 156//1692 138//1692
f 137//1693 155//1693 139//1693
f 144//1694 140//1694 142//1694
f 141//1695 139//1695 143//1695
f 134//1696 130//1696 132//1696
f 131//1697 129//1697 133//1697
f 106//1698 130//1698 134//1698
f 133//1699 129//1699 105//1699
f 100//1700 106//1700 134//1700
f 133//1701 105//1701 99//1701
f 102//1702 106//1702 100//1702
f 99//1703 105//1703 101//1703
f 78//1704 98//1704 100//1704
f 99//1705 97//1705 77//1705
f 76//1706 78//1706 100//1706
f 99//1707 77//1707 75//1707
f 1846//1708 76//1708 100//1708
f 99//1709 75//1709 1845//1709
f 1844//1710 1846//1710 100//1710
f 99//1711 1845//1711 1843//1711
f 1842//1712 1844//1712 100//1712
f 99//1713 1843//1713 1841//1713
f 440//1714 1842//1714 100//1714
f 99//1715 1841//1715 439//1715
f 1840//1716 1842//1716 440//1716
f 439//1717 1841//1717 1839//1717
f 1402//1718 1840//1718 440//1718
f 439//1719 1839//1719 1401//1719
f 442//1720 1402//1720 440//1720
f 439//1721 1401//1721 441//1721
f 388//1722 438//1722 440//1722
f 439//1723 437//1723 387//1723
f 436//1724 438//1724 388//1724
f 387//1725 437//1725 435//1725
f 432//1726 436//1726 388//1726
f 387//1727 435//1727 431//1727
f 390//1728 432//1728 388//1728
f 387//1729 431//1729 389//1729
f 414//1730 432//1730 390//1730
f 389//1731 431//1731 413//1731
f 408//1732 414//1732 390//1732
f 389//1733 413//1733 407//1733
f 400//1734 408//1734 390//1734
f 389//1735 407//1735 399//1735
f 394//1736 400//1736 390//1736
f 389//1737 399//1737 393//1737
f 392//1738 394//1738 390//1738
f 389//1739 393//1739 391//1739
f 362//1740 380//1740 382//1740
f 381//1741 379//1741 361//1741
f 360//1742 362//1742 382//1742
f 381//1743 361//1743 359//1743
f 346//1744 358//1744 360//1744
f 359//1745 357//1745 345//1745
f 348//1746 358//1746 346//1746
f 345//1747 357//1747 347//1747
f 334//1748 342//1748 344//1748
f 343//1749 341//1749 333//1749
f 264//1750 332//1750 334//1750
f 333//1751 331//1751 263//1751
f 274//1752 280//1752 272//1752
f 271//1753 279//1753 273//1753
f 262//1754 258//1754 260//1754
f 259//1755 257//1755 261//1755
f 288//1756 268//1756 286//1756
f 285//1757 267//1757 287//1757
f 294//1758 288//1758 290//1758
f 289//1759 287//1759 293//1759
f 292//1760 294//1760 290//1760
f 289//1761 293//1761 291//1761
f 302//1762 288//1762 294//1762
f 293//1763 287//1763 301//1763
f 618//1764 620//1764 622//1764
f 621//1765 619//1765 617//1765
f 616//1766 618//1766 622//1766
f 621//1767 617//1767 615//1767
f 614//1768 616//1768 622//1768
f 621//1769 615//1769 613//1769
f 624//1770 614//1770 622//1770
f 621//1771 613//1771 623//1771
f 612//1772 614//1772 624//1772
f 623//1773 613//1773 611//1773
f 610//1774 612//1774 624//1774
f 623//1775 611//1775 609//1775
f 608//1776 610//1776 624//1776
f 623//1777 609//1777 607//1777
f 626//1778 608//1778 624//1778
f 623//1779 607//1779 625//1779
f 906//1780 838//1780 840//1780
f 839//1781 837//1781 905//1781
f 904//1782 906//1782 840//1782
f 839//1783 905//1783 903//1783
f 902//1784 904//1784 840//1784
f 839//1785 903//1785 901//1785
f 900//1786 902//1786 840//1786
f 839//1787 901//1787 899//1787
f 1214//1788 1198//1788 1200//1788
f 1199//1789 1197//1789 1213//1789
f 1212//1790 1214//1790 1200//1790
f 1199//1791 1213//1791 1211//1791
f 1454//1792 1456//1792 1458//1792
f 1457//1793 1455//1793 1453//1793
f 1452//1794 1454//1794 1458//1794
f 1457//1795 1453//1795 1451//1795
f 1510//1796 1470//1796 1472//1796
f 1471//1797 1469//1797 1509//1797
f 1512//1798 1470//1798 1510//1798
f 1509//1799 1469//1799 1511//1799
f 1520//1800 1470//1800 1512//1800
f 1511//1801 1469//1801 1519//1801
f 1518//1802 1520//1802 1512//1802
f 1511//1803 1519//1803 1517//1803
f 1516//1804 1518//1804 1512//1804
f 1511//1805 1517//1805 1515//1805
f 1462//1806 1522//1806 1524//1806
f 1523//1807 1521//1807 1461//1807
f 1444//1808 1462//1808 1524//1808
f 1523//1809 1461//1809 1443//1809
f 1526//1810 1444//1810 1524//1810
f 1523//1811 1443//1811 1525//1811
f 1556//1812 1546//1812 1548//1812
f 1547//1813 1545//1813 1555//1813
f 1544//1814 1546//1814 1556//1814
f 1555//1815 1545//1815 1543//1815
f 1558//1816 1542//1816 1544//1816
f 1543//1817 1541//1817 1557//1817
f 1952//1818 1538//1818 1540//1818
f 1539//1819 1537//1819 1951//1819
f 1532//1820 1538//1820 1952//1820
f 1951//1821 1537//1821 1531//1821
f 1568//1822 1948//1822 1950//1822
f 1949//1823 1947//1823 1567//1823
f 1566//1824 1568//1824 1950//1824
f 1949//1825 1567//1825 1565//1825
f 1574//1826 1570//1826 1572//1826
f 1571//1827 1569//1827 1573//1827
f 1576//1828 1570//1828 1574//1828
f 1573//1829 1569//1829 1575//1829
f 1942//1830 1576//1830 1578//1830
f 1577//1831 1575//1831 1941//1831
f 1940//1832 1942//1832 1578//1832
f 1577//1833 1941//1833 1939//1833
f 1580//1834 1940//1834 1578//1834
f 1577//1835 1939//1835 1579//1835
f 1938//1836 1940//1836 1580//1836
f 1579//1837 1939//1837 1937//1837
f 1966//1838 1968//1838 1970//1838
f 1969//1839 1967//1839 1965//1839
f 1972//1840 1966//1840 1970//1840
f 1969//1841 1965//1841 1971//1841
f 1992//1842 1936//1842 1935//1842
f 1934//1843 1933//1843 1991//1843
f 1974//1844 1936//1844 1992//1844
f 1991//1845 1933//1845 1973//1845
f 1964//1846 1974//1846 1992//1846
f 1991//1847 1973//1847 1963//1847
f 1588//1848 1988//1848 1990//1848
f 1989//1849 1987//1849 1587//1849
f 1596//1850 1592//1850 1594//1850
f 1593//1851 1591//1851 1595//1851
f 1598//1852 1592//1852 1596//1852
f 1595//1853 1591//1853 1597//1853
f 1982//1854 1600//1854 1602//1854
f 1601//1855 1599//1855 1981//1855
f 1980//1856 1982//1856 1602//1856
f 1601//1857 1981//1857 1979//1857
f 1634//1858 1978//1858 1977//1858
f 1976//1859 1975//1859 1633//1859
f 2018//1860 1978//1860 1634//1860
f 1633//1861 1975//1861 2017//1861
f 1612//1862 1630//1862 1632//1862
f 1631//1863 1629//1863 1611//1863
f 1614//1864 1630//1864 1612//1864
f 1611//1865 1629//1865 1613//1865
f 1618//1866 1620//1866 1622//1866
f 1621//1867 1619//1867 1617//1867
f 1624//1868 1618//1868 1622//1868
f 1621//1869 1617//1869 1623//1869
f 2026//1870 2028//1870 1656//1870
f 1655//1871 2027//1871 2025//1871
f 2024//1872 2026//1872 1656//1872
f 1655//1873 2025//1873 2023//1873
f 1662//1874 2024//1874 1656//1874
f 1655//1875 2023//1875 1661//1875
f 1660//1876 1662//1876 1656//1876
f 1655//1877 1661//1877 1659//1877
f 2024//1878 1662//1878 2021//1878
f 2020//1879 1661//1879 2023//1879
f 2054//1880 2022//1880 2021//1880
f 2020//1881 2019//1881 2053//1881
f 2056//1882 2022//1882 2054//1882
f 2053//1883 2019//1883 2055//1883
f 2042//1884 2050//1884 2052//1884
f 2051//1885 2049//1885 2041//1885
f 1664//1886 2042//1886 2052//1886
f 2051//1887 2041//1887 1663//1887
f 2039//1888 2042//1888 1664//1888
f 1663//1889 2041//1889 2038//1889
f 1670//1890 2039//1890 1664//1890
f 1663//1891 2038//1891 1669//1891
f 1672//1892 2039//1892 1670//1892
f 1669//1893 2038//1893 1671//1893
f 1694//1894 1680//1894 1682//1894
f 1681//1895 1679//1895 1693//1895
f 1692//1896 1694//1896 1682//1896
f 1681//1897 1693//1897 1691//1897
f 1684//1898 1692//1898 1682//1898
f 1681//1899 1691//1899 1683//1899
f 1690//1900 1692//1900 1684//1900
f 1683//1901 1691//1901 1689//1901
f 1688//1902 1690//1902 1684//1902
f 1683//1903 1689//1903 1687//1903
f 1686//1904 1688//1904 1684//1904
f 1683//1905 1687//1905 1685//1905
f 1918//1906 1920//1906 1922//1906
f 1921//1907 1919//1907 1917//1907
f 2138//1908 1914//1908 1916//1908
f 1915//1909 1913//1909 2137//1909
f 2140//1910 1914//1910 2138//1910
f 2137//1911 1913//1911 2139//1911
f 2128//1912 1914//1912 2140//1912
f 2139//1913 1913//1913 2125//1913
f 2142//1914 2128//1914 2140//1914
f 2139//1915 2125//1915 2141//1915
f 1900//1916 2128//1916 2142//1916
f 2141//1917 2125//1917 1899//1917
f 2160//1918 1898//1918 2144//1918
f 2143//1919 1897//1919 2159//1919
f 2146//1920 2160//1920 2144//1920
f 2143//1921 2159//1921 2145//1921
f 2158//1922 2146//1922 2148//1922
f 2147//1923 2145//1923 2157//1923
f 2156//1924 2158//1924 2148//1924
f 2147//1925 2157//1925 2155//1925
f 2146//1926 2158//1926 2160//1926
f 2159//1927 2157//1927 2145//1927
f 2162//1928 1898//1928 2160//1928
f 2159//1929 1897//1929 2161//1929
f 2178//1930 1898//1930 2162//1930
f 2161//1931 1897//1931 2177//1931
f 2176//1932 2178//1932 2162//1932
f 2161//1933 2177//1933 2175//1933
f 2164//1934 2176//1934 2162//1934
f 2161//1935 2175//1935 2163//1935
f 2176//1936 2164//1936 2166//1936
f 2165//1937 2163//1937 2175//1937
f 2174//1938 2176//1938 2166//1938
f 2165//1939 2175//1939 2173//1939
f 2152//1940 2174//1940 2166//1940
f 2165//1941 2173//1941 2149//1941
f 2172//1942 2174//1942 2152//1942
f 2149//1943 2173//1943 2171//1943
f 2180//1944 1896//1944 2178//1944
f 2177//1945 1895//1945 2179//1945
f 30//1946 1894//1946 1896//1946
f 1895//1947 1893//1947 29//1947
f 2210//1948 26//1948 28//1948
f 27//1949 25//1949 2209//1949
f 2208//1950 2210//1950 28//1950
f 27//1951 2209//1951 2207//1951
f 2214//1952 26//1952 2210//1952
f 2209//1953 25//1953 2213//1953
f 12//1954 26//1954 2214//1954
f 2213//1955 25//1955 11//1955
f 18//1956 26//1956 12//1956
f 11//1957 25//1957 17//1957
f 22//1958 26//1958 18//1958
f 17//1959 25//1959 21//1959
f 20//1960 22//1960 18//1960
f 17//1961 21//1961 19//1961
f 26//1962 22//1962 24//1962
f 23//1963 21//1963 25//1963
f 64//1964 60//1964 62//1964
f 61//1965 59//1965 63//1965
f 66//1966 60//1966 64//1966
f 63//1967 59//1967 65//1967
f 176//1968 172//1968 174//1968
f 173//1969 171//1969 175//1969
f 178//1970 172//1970 176//1970
f 175//1971 171//1971 177//1971
f 170//1972 172//1972 178//1972
f 177//1973 171//1973 169//1973
f 180//1974 170//1974 178//1974
f 177//1975 169//1975 179//1975
f 168//1976 170//1976 180//1976
f 179//1977 169//1977 167//1977
f 166//1978 168//1978 180//1978
f 179//1979 167//1979 165//1979
f 66//1980 68//1980 70//1980
f 69//1981 67//1981 65//1981
f 58//1982 66//1982 70//1982
f 69//1983 65//1983 57//1983
f 56//1984 58//1984 70//1984
f 69//1985 57//1985 55//1985
f 72//1986 56//1986 70//1986
f 69//1987 55//1987 71//1987
f 88//1988 84//1988 86//1988
f 85//1989 83//1989 87//1989
f 90//1990 84//1990 88//1990
f 87//1991 83//1991 89//1991
f 92//1992 84//1992 90//1992
f 89//1993 83//1993 91//1993
f 118//1994 120//1994 122//1994
f 121//1995 119//1995 117//1995
f 124//1996 118//1996 122//1996
f 121//1997 117//1997 123//1997
f 116//1998 126//1998 128//1998
f 127//1999 125//1999 115//1999
f 114//2000 116//2000 128//2000
f 127//2001 115//2001 113//2001
f 112//2002 114//2002 128//2002
f 127//2003 113//2003 111//2003
f 130//2004 112//2004 128//2004
f 127//2005 111//2005 129//2005
f 110//2006 112//2006 130//2006
f 129//2007 111//2007 109//2007
f 106//2008 110//2008 130//2008
f 129//2009 109//2009 105//2009
f 108//2010 110//2010 106//2010
f 105//2011 109//2011 107//2011
f 102//2012 104//2012 106//2012
f 105//2013 103//2013 101//2013
f 78//2014 96//2014 98//2014
f 97//2015 95//2015 77//2015
f 80//2016 96//2016 78//2016
f 77//2017 95//2017 79//2017
f 1880//2018 74//2018 76//2018
f 75//2019 73//2019 1879//2019
f 1848//2020 1880//2020 76//2020
f 75//2021 1879//2021 1847//2021
f 1846//2022 1848//2022 76//2022
f 75//2023 1847//2023 1845//2023
f 1402//2024 1838//2024 1840//2024
f 1839//2025 1837//2025 1401//2025
f 1744//2026 1838//2026 1402//2026
f 1401//2027 1837//2027 1743//2027
f 1742//2028 1744//2028 1402//2028
f 1401//2029 1743//2029 1741//2029
f 1740//2030 1742//2030 1402//2030
f 1401//2031 1741//2031 1739//2031
f 1738//2032 1740//2032 1402//2032
f 1401//2033 1739//2033 1737//2033
f 1728//2034 1738//2034 1402//2034
f 1401//2035 1737//2035 1727//2035
f 1420//2036 1728//2036 1402//2036
f 1401//2037 1727//2037 1419//2037
f 1418//2038 1420//2038 1402//2038
f 1401//2039 1419//2039 1417//2039
f 1404//2040 1418//2040 1402//2040
f 1401//2041 1417//2041 1403//2041
f 442//2042 1400//2042 1402//2042
f 1401//2043 1399//2043 441//2043
f 494//2044 1400//2044 442//2044
f 441//2045 1399//2045 493//2045
f 470//2046 494//2046 442//2046
f 441//2047 493//2047 469//2047
f 466//2048 470//2048 442//2048
f 441//2049 469//2049 465//2049
f 444//2050 466//2050 442//2050
f 441//2051 465//2051 443//2051
f 464//2052 466//2052 444//2052
f 443//2053 465//2053 463//2053
f 446//2054 464//2054 444//2054
f 443//2055 463//2055 445//2055
f 432//2056 434//2056 436//2056
f 435//2057 433//2057 431//2057
f 420//2058 430//2058 432//2058
f 431//2059 429//2059 419//2059
f 414//2060 420//2060 432//2060
f 431//2061 419//2061 413//2061
f 418//2062 420//2062 414//2062
f 413//2063 419//2063 417//2063
f 416//2064 418//2064 414//2064
f 413//2065 417//2065 415//2065
f 410//2066 412//2066 414//2066
f 413//2067 411//2067 409//2067
f 408//2068 410//2068 414//2068
f 413//2069 409//2069 407//2069
f 400//2070 406//2070 408//2070
f 407//2071 405//2071 399//2071
f 402//2072 406//2072 400//2072
f 399//2073 405//2073 401//2073
f 394//2074 398//2074 400//2074
f 399//2075 397//2075 393//2075
f 396//2076 398//2076 394//2076
f 393//2077 397//2077 395//2077
f 364//2078 378//2078 380//2078
f 379//2079 377//2079 363//2079
f 362//2080 364//2080 380//2080
f 379//2081 363//2081 361//2081
f 356//2082 352//2082 354//2082
f 353//2083 351//2083 355//2083
f 350//2084 356//2084 358//2084
f 357//2085 355//2085 349//2085
f 348//2086 350//2086 358//2086
f 357//2087 349//2087 347//2087
f 308//2088 318//2088 320//2088
f 319//2089 317//2089 307//2089
f 322//2090 308//2090 320//2090
f 319//2091 307//2091 321//2091
f 306//2092 326//2092 304//2092
f 303//2093 325//2093 305//2093
f 626//2094 606//2094 608//2094
f 607//2095 605//2095 625//2095
f 628//2096 606//2096 626//2096
f 625//2097 605//2097 627//2097
f 658//2098 662//2098 664//2098
f 663//2099 661//2099 657//2099
f 668//2100 658//2100 664//2100
f 663//2101 657//2101 667//2101
f 666//2102 668//2102 664//2102
f 663//2103 667//2103 665//2103
f 676//2104 672//2104 674//2104
f 673//2105 671//2105 675//2105
f 824//2106 820//2106 822//2106
f 821//2107 819//2107 823//2107
f 832//2108 828//2108 830//2108
f 829//2109 827//2109 831//2109
f 834//2110 828//2110 832//2110
f 831//2111 827//2111 833//2111
f 908//2112 834//2112 836//2112
f 835//2113 833//2113 907//2113
f 838//2114 906//2114 836//2114
f 835//2115 905//2115 837//2115
f 1216//2116 1196//2116 1198//2116
f 1197//2117 1195//2117 1215//2117
f 1214//2118 1216//2118 1198//2118
f 1197//2119 1215//2119 1213//2119
f 1218//2120 1196//2120 1216//2120
f 1215//2121 1195//2121 1217//2121
f 1194//2122 1196//2122 1218//2122
f 1217//2123 1195//2123 1193//2123
f 1220//2124 1194//2124 1218//2124
f 1217//2125 1193//2125 1219//2125
f 1226//2126 1222//2126 1224//2126
f 1223//2127 1221//2127 1225//2127
f 1460//2128 1448//2128 1450//2128
f 1449//2129 1447//2129 1459//2129
f 1446//2130 1448//2130 1460//2130
f 1459//2131 1447//2131 1445//2131
f 1444//2132 1446//2132 1460//2132
f 1459//2133 1445//2133 1443//2133
f 1462//2134 1444//2134 1460//2134
f 1459//2135 1443//2135 1461//2135
f 1526//2136 1442//2136 1444//2136
f 1443//2137 1441//2137 1525//2137
f 1956//2138 1442//2138 1526//2138
f 1525//2139 1441//2139 1955//2139
f 1954//2140 1956//2140 1526//2140
f 1525//2141 1955//2141 1953//2141
f 1530//2142 1954//2142 1526//2142
f 1525//2143 1953//2143 1529//2143
f 1528//2144 1530//2144 1526//2144
f 1525//2145 1529//2145 1527//2145
f 1538//2146 1532//2146 1534//2146
f 1533//2147 1531//2147 1537//2147
f 1536//2148 1538//2148 1534//2148
f 1533//2149 1537//2149 1535//2149
f 1954//2150 1530//2150 1532//2150
f 1531//2151 1529//2151 1953//2151
f 1958//2152 1442//2152 1956//2152
f 1955//2153 1441//2153 1957//2153
f 1996//2154 1442//2154 1958//2154
f 1957//2155 1441//2155 1995//2155
f 1994//2156 1996//2156 1958//2156
f 1957//2157 1995//2157 1993//2157
f 1962//2158 1994//2158 1958//2158
f 1957//2159 1993//2159 1961//2159
f 1960//2160 1962//2160 1958//2160
f 1957//2161 1961//2161 1959//2161
f 1974//2162 1964//2162 1966//2162
f 1965//2163 1963//2163 1973//2163
f 1972//2164 1974//2164 1966//2164
f 1965//2165 1973//2165 1971//2165
f 2004//2166 2006//2166 2008//2166
f 2007//2167 2005//2167 2003//2167
f 1424//2168 1442//2168 1996//2168
f 1995//2169 1441//2169 1423//2169
f 1998//2170 1424//2170 1996//2170
f 1995//2171 1423//2171 1997//2171
f 1650//2172 1424//2172 1998//2172
f 1997//2173 1423//2173 1649//2173
f 1648//2174 1650//2174 1998//2174
f 1997//2175 1649//2175 1647//2175
f 2000//2176 1648//2176 1998//2176
f 1997//2177 1647//2177 1999//2177
f 2010//2178 2000//2178 2002//2178
f 2001//2179 1999//2179 2009//2179
f 2016//2180 2012//2180 2014//2180
f 2013//2181 2011//2181 2015//2181
f 2018//2182 2012//2182 2016//2182
f 2015//2183 2011//2183 2017//2183
f 1646//2184 1636//2184 1638//2184
f 1637//2185 1635//2185 1645//2185
f 1642//2186 1644//2186 1640//2186
f 1639//2187 1643//2187 1641//2187
f 1652//2188 2032//2188 2034//2188
f 2033//2189 2031//2189 1651//2189
f 1726//2190 1652//2190 2034//2190
f 2033//2191 1651//2191 1725//2191
f 2036//2192 1726//2192 2034//2192
f 2033//2193 1725//2193 2035//2193
f 1724//2194 1726//2194 2036//2194
f 2035//2195 1725//2195 1723//2195
f 2067//2196 1724//2196 2036//2196
f 2035//2197 1723//2197 2066//2197
f 1700//2198 2067//2198 2036//2198
f 2035//2199 2066//2199 1699//2199
f 2060//2200 1700//2200 2036//2200
f 2035//2201 1699//2201 2059//2201
f 2058//2202 2060//2202 2036//2202
f 2035//2203 2059//2203 2057//2203
f 2056//2204 2058//2204 2036//2204
f 2035//2205 2057//2205 2055//2205
f 2022//2206 2056//2206 2036//2206
f 2035//2207 2055//2207 2019//2207
f 2062//2208 1700//2208 2060//2208
f 2059//2209 1699//2209 2061//2209
f 2050//2210 2046//2210 2048//2210
f 2047//2211 2045//2211 2049//2211
f 2042//2212 2046//2212 2050//2212
f 2049//2213 2045//2213 2041//2213
f 2044//2214 2046//2214 2042//2214
f 2041//2215 2045//2215 2043//2215
f 1674//2216 2040//2216 2039//2216
f 2038//2217 2037//2217 1673//2217
f 1672//2218 1674//2218 2039//2218
f 2038//2219 1673//2219 1671//2219
f 1698//2220 1678//2220 1680//2220
f 1679//2221 1677//2221 1697//2221
f 1696//2222 1698//2222 1680//2222
f 1679//2223 1697//2223 1695//2223
f 1694//2224 1696//2224 1680//2224
f 1679//2225 1695//2225 1693//2225
f 2092//2226 1908//2226 1910//2226
f 1909//2227 1907//2227 2089//2227
f 2080//2228 2092//2228 1910//2228
f 1909//2229 2089//2229 2079//2229
f 2077//2230 2080//2230 1910//2230
f 1909//2231 2079//2231 2076//2231
f 1912//2232 2077//2232 1910//2232
f 1909//2233 2076//2233 1911//2233
f 2078//2234 2077//2234 1912//2234
f 1911//2235 2076//2235 2075//2235
f 2088//2236 2078//2236 1912//2236
f 1911//2237 2075//2237 2087//2237
f 2085//2238 2088//2238 1912//2238
f 1911//2239 2087//2239 2084//2239
f 2098//2240 2086//2240 2085//2240
f 2084//2241 2083//2241 2095//2241
f 2100//2242 2098//2242 2085//2242
f 2084//2243 2095//2243 2099//2243
f 2097//2244 2100//2244 2085//2244
f 2084//2245 2099//2245 2096//2245
f 2106//2246 2097//2246 2085//2246
f 2084//2247 2096//2247 2105//2247
f 2104//2248 2097//2248 2106//2248
f 2105//2249 2096//2249 2101//2249
f 2112//2250 2103//2250 2106//2250
f 2105//2251 2102//2251 2111//2251
f 2110//2252 2103//2252 2112//2252
f 2111//2253 2102//2253 2107//2253
f 2118//2254 2109//2254 2112//2254
f 2111//2255 2108//2255 2117//2255
f 2116//2256 2109//2256 2118//2256
f 2117//2257 2108//2257 2113//2257
f 2124//2258 2115//2258 2118//2258
f 2117//2259 2114//2259 2123//2259
f 2122//2260 2115//2260 2124//2260
f 2123//2261 2114//2261 2119//2261
f 2130//2262 2121//2262 2124//2262
f 2123//2263 2120//2263 2129//2263
f 1914//2264 2130//2264 2124//2264
f 2123//2265 2129//2265 1913//2265
f 2127//2266 2130//2266 1914//2266
f 1913//2267 2129//2267 2126//2267
f 2128//2268 2127//2268 1914//2268
f 1913//2269 2126//2269 2125//2269
f 1902//2270 2132//2270 2128//2270
f 2125//2271 2131//2271 1901//2271
f 1900//2272 1902//2272 2128//2272
f 2125//2273 1901//2273 1899//2273
f 1904//2274 1906//2274 1908//2274
f 1907//2275 1905//2275 1903//2275
f 2092//2276 1904//2276 1908//2276
f 1907//2277 1903//2277 2089//2277
f 2091//2278 1904//2278 2092//2278
f 2089//2279 1903//2279 2090//2279
f 2080//2280 2094//2280 2092//2280
f 2089//2281 2093//2281 2079//2281
f 2082//2282 2094//2282 2080//2282
f 2079//2283 2093//2283 2081//2283
f 2091//2284 2082//2284 2078//2284
f 2075//2285 2081//2285 2090//2285
f 2086//2286 2091//2286 2078//2286
f 2075//2287 2090//2287 2083//2287
f 2088//2288 2086//2288 2078//2288
f 2075//2289 2083//2289 2087//2289
f 1904//2290 2091//2290 2086//2290
f 2083//2291 2090//2291 1903//2291
f 2098//2292 1904//2292 2086//2292
f 2083//2293 1903//2293 2095//2293
f 2104//2294 1904//2294 2098//2294
f 2095//2295 1903//2295 2101//2295
f 2097//2296 2104//2296 2098//2296
f 2095//2297 2101//2297 2096//2297
f 2110//2298 1904//2298 2104//2298
f 2101//2299 1903//2299 2107//2299
f 2103//2300 2110//2300 2104//2300
f 2101//2301 2107//2301 2102//2301
f 1902//2302 1904//2302 2110//2302
f 2107//2303 1903//2303 1901//2303
f 2116//2304 1902//2304 2110//2304
f 2107//2305 1901//2305 2113//2305
f 2109//2306 2116//2306 2110//2306
f 2107//2307 2113//2307 2108//2307
f 2122//2308 1902//2308 2116//2308
f 2113//2309 1901//2309 2119//2309
f 2115//2310 2122//2310 2116//2310
f 2113//2311 2119//2311 2114//2311
f 2132//2312 1902//2312 2122//2312
f 2119//2313 1901//2313 2131//2313
f 2121//2314 2132//2314 2122//2314
f 2119//2315 2131//2315 2120//2315
f 2130//2316 2132//2316 2121//2316
f 2120//2317 2131//2317 2129//2317
f 2094//2318 2082//2318 2091//2318
f 2090//2319 2081//2319 2093//2319
f 2219//2320 1782//2320 1784//2320
f 1783//2321 1781//2321 2218//2321
f 1786//2322 2220//2322 1784//2322
f 1783//2323 2217//2323 1785//2323
f 1788//2324 2220//2324 1786//2324
f 1785//2325 2217//2325 1787//2325
f 30//2326 1892//2326 1894//2326
f 1893//2327 1891//2327 29//2327
f 32//2328 1892//2328 30//2328
f 29//2329 1891//2329 31//2329
f 54//2330 36//2330 38//2330
f 37//2331 35//2331 53//2331
f 66//2332 58//2332 60//2332
f 59//2333 57//2333 65//2333
f 36//2334 54//2334 56//2334
f 55//2335 53//2335 35//2335
f 34//2336 36//2336 56//2336
f 55//2337 35//2337 33//2337
f 1884//2338 34//2338 56//2338
f 55//2339 33//2339 1883//2339
f 1882//2340 1884//2340 56//2340
f 55//2341 1883//2341 1881//2341
f 72//2342 1882//2342 56//2342
f 55//2343 1881//2343 71//2343
f 1880//2344 1882//2344 72//2344
f 71//2345 1881//2345 1879//2345
f 74//2346 1880//2346 72//2346
f 71//2347 1879//2347 73//2347
f 92//2348 82//2348 84//2348
f 83//2349 81//2349 91//2349
f 94//2350 82//2350 92//2350
f 91//2351 81//2351 93//2351
f 80//2352 94//2352 96//2352
f 95//2353 93//2353 79//2353
f 82//2354 94//2354 80//2354
f 79//2355 93//2355 81//2355
f 1848//2356 1878//2356 1880//2356
f 1879//2357 1877//2357 1847//2357
f 1876//2358 1878//2358 1848//2358
f 1847//2359 1877//2359 1875//2359
f 1858//2360 1854//2360 1856//2360
f 1855//2361 1853//2361 1857//2361
f 2587//2362 2582//2362 2588//2362
f 2585//2363 2579//2363 2586//2363
f 2593//2364 2590//2364 2588//2364
f 2585//2365 2589//2365 2592//2365
f 2594//2366 2593//2366 2588//2366
f 2585//2367 2592//2367 2591//2367
f 2599//2368 2596//2368 2594//2368
f 2591//2369 2595//2369 2598//2369
f 2600//2370 2599//2370 2594//2370
f 2591//2371 2598//2371 2597//2371
f 2606//2372 2600//2372 2594//2372
f 2591//2373 2597//2373 2603//2373
f 2605//2374 2600//2374 2606//2374
f 2603//2375 2597//2375 2604//2375
f 2611//2376 2608//2376 2606//2376
f 2603//2377 2607//2377 2610//2377
f 2612//2378 2611//2378 2606//2378
f 2603//2379 2610//2379 2609//2379
f 2624//2380 2612//2380 2606//2380
f 2603//2381 2609//2381 2621//2381
f 1838//2382 1834//2382 1836//2382
f 1835//2383 1833//2383 1837//2383
f 1832//2384 1834//2384 1838//2384
f 1837//2385 1833//2385 1831//2385
f 1764//2386 1832//2386 1838//2386
f 1837//2387 1831//2387 1763//2387
f 1744//2388 1764//2388 1838//2388
f 1837//2389 1763//2389 1743//2389
f 1762//2390 1764//2390 1744//2390
f 1743//2391 1763//2391 1761//2391
f 1748//2392 1762//2392 1744//2392
f 1743//2393 1761//2393 1747//2393
f 1746//2394 1748//2394 1744//2394
f 1743//2395 1747//2395 1745//2395
f 1728//2396 1736//2396 1738//2396
f 1737//2397 1735//2397 1727//2397
f 1730//2398 1736//2398 1728//2398
f 1727//2399 1735//2399 1729//2399
f 1420//2400 1726//2400 1728//2400
f 1727//2401 1725//2401 1419//2401
f 1652//2402 1726//2402 1420//2402
f 1419//2403 1725//2403 1651//2403
f 1424//2404 1652//2404 1420//2404
f 1419//2405 1651//2405 1423//2405
f 1422//2406 1424//2406 1420//2406
f 1419//2407 1423//2407 1421//2407
f 1406//2408 1416//2408 1418//2408
f 1417//2409 1415//2409 1405//2409
f 1404//2410 1406//2410 1418//2410
f 1417//2411 1405//2411 1403//2411
f 1378//2412 1398//2412 1400//2412
f 1399//2413 1397//2413 1377//2413
f 1376//2414 1378//2414 1400//2414
f 1399//2415 1377//2415 1375//2415
f 496//2416 1376//2416 1400//2416
f 1399//2417 1375//2417 495//2417
f 494//2418 496//2418 1400//2418
f 1399//2419 495//2419 493//2419
f 488//2420 492//2420 494//2420
f 493//2421 491//2421 487//2421
f 486//2422 488//2422 494//2422
f 493//2423 487//2423 485//2423
f 470//2424 486//2424 494//2424
f 493//2425 485//2425 469//2425
f 472//2426 486//2426 470//2426
f 469//2427 485//2427 471//2427
f 466//2428 468//2428 470//2428
f 469//2429 467//2429 465//2429
f 454//2430 462//2430 464//2430
f 463//2431 461//2431 453//2431
f 446//2432 454//2432 464//2432
f 463//2433 453//2433 445//2433
f 452//2434 454//2434 446//2434
f 445//2435 453//2435 451//2435
f 448//2436 452//2436 446//2436
f 445//2437 451//2437 447//2437
f 450//2438 452//2438 448//2438
f 447//2439 451//2439 449//2439
f 424//2440 428//2440 430//2440
f 429//2441 427//2441 423//2441
f 422//2442 424//2442 430//2442
f 429//2443 423//2443 421//2443
f 420//2444 422//2444 430//2444
f 429//2445 421//2445 419//2445
f 406//2446 402//2446 404//2446
f 403//2447 401//2447 405//2447
f 374//2448 376//2448 378//2448
f 377//2449 375//2449 373//2449
f 372//2450 374//2450 378//2450
f 377//2451 373//2451 371//2451
f 370//2452 372//2452 378//2452
f 377//2453 371//2453 369//2453
f 366//2454 370//2454 378//2454
f 377//2455 369//2455 365//2455
f 364//2456 366//2456 378//2456
f 377//2457 365//2457 363//2457
f 368//2458 370//2458 366//2458
f 365//2459 369//2459 367//2459
f 356//2460 350//2460 352//2460
f 351//2461 349//2461 355//2461
f 310//2462 316//2462 318//2462
f 317//2463 315//2463 309//2463
f 308//2464 310//2464 318//2464
f 317//2465 309//2465 307//2465
f 316//2466 312//2466 314//2466
f 313//2467 311//2467 315//2467
f 310//2468 312//2468 316//2468
f 315//2469 311//2469 309//2469
f 336//2470 338//2470 340//2470
f 339//2471 337//2471 335//2471
f 424//2472 426//2472 428//2472
f 427//2473 425//2473 423//2473
f 456//2474 458//2474 460//2474
f 459//2475 457//2475 455//2475
f 454//2476 456//2476 460//2476
f 459//2477 455//2477 453//2477
f 462//2478 454//2478 460//2478
f 459//2479 453//2479 461//2479
f 480//2480 476//2480 478//2480
f 477//2481 475//2481 479//2481
f 520//2482 514//2482 516//2482
f 515//2483 513//2483 519//2483
f 518//2484 520//2484 516//2484
f 515//2485 519//2485 517//2485
f 586//2486 588//2486 590//2486
f 589//2487 587//2487 585//2487
f 584//2488 586//2488 590//2488
f 589//2489 585//2489 583//2489
f 592//2490 584//2490 590//2490
f 589//2491 583//2491 591//2491
f 596//2492 592//2492 594//2492
f 593//2493 591//2493 595//2493
f 602//2494 604//2494 628//2494
f 627//2495 603//2495 601//2495
f 572//2496 602//2496 628//2496
f 627//2497 601//2497 571//2497
f 574//2498 602//2498 572//2498
f 571//2499 601//2499 573//2499
f 650//2500 646//2500 648//2500
f 647//2501 645//2501 649//2501
f 658//2502 660//2502 662//2502
f 661//2503 659//2503 657//2503
f 668//2504 656//2504 658//2504
f 657//2505 655//2505 667//2505
f 670//2506 656//2506 668//2506
f 667//2507 655//2507 669//2507
f 654//2508 670//2508 672//2508
f 671//2509 669//2509 653//2509
f 554//2510 654//2510 672//2510
f 671//2511 653//2511 553//2511
f 680//2512 554//2512 672//2512
f 671//2513 553//2513 679//2513
f 678//2514 680//2514 672//2514
f 671//2515 679//2515 677//2515
f 676//2516 678//2516 672//2516
f 671//2517 677//2517 675//2517
f 912//2518 814//2518 816//2518
f 815//2519 813//2519 911//2519
f 824//2520 818//2520 820//2520
f 819//2521 817//2521 823//2521
f 834//2522 908//2522 828//2522
f 827//2523 907//2523 833//2523
f 1220//2524 1192//2524 1194//2524
f 1193//2525 1191//2525 1219//2525
f 1222//2526 1192//2526 1220//2526
f 1219//2527 1191//2527 1221//2527
f 1226//2528 1192//2528 1222//2528
f 1221//2529 1191//2529 1225//2529
f 1330//2530 1300//2530 1328//2530
f 1327//2531 1299//2531 1329//2531
f 1276//2532 1272//2532 1274//2532
f 1273//2533 1271//2533 1275//2533
f 1334//2534 1296//2534 1332//2534
f 1331//2535 1295//2535 1333//2535
f 1338//2536 1294//2536 1336//2536
f 1335//2537 1293//2537 1337//2537
f 1346//2538 1292//2538 1338//2538
f 1337//2539 1291//2539 1345//2539
f 1348//2540 1292//2540 1346//2540
f 1345//2541 1291//2541 1347//2541
f 1342//2542 1344//2542 1340//2542
f 1339//2543 1343//2543 1341//2543
f 1436//2544 1440//2544 1442//2544
f 1441//2545 1439//2545 1435//2545
f 1434//2546 1436//2546 1442//2546
f 1441//2547 1435//2547 1433//2547
f 1432//2548 1434//2548 1442//2548
f 1441//2549 1433//2549 1431//2549
f 1426//2550 1432//2550 1442//2550
f 1441//2551 1431//2551 1425//2551
f 1424//2552 1426//2552 1442//2552
f 1441//2553 1425//2553 1423//2553
f 1408//2554 1412//2554 1414//2554
f 1413//2555 1411//2555 1407//2555
f 1416//2556 1408//2556 1414//2556
f 1413//2557 1407//2557 1415//2557
f 1406//2558 1408//2558 1416//2558
f 1415//2559 1407//2559 1405//2559
f 1378//2560 1396//2560 1398//2560
f 1397//2561 1395//2561 1377//2561
f 1380//2562 1396//2562 1378//2562
f 1377//2563 1395//2563 1379//2563
f 1372//2564 1374//2564 1376//2564
f 1375//2565 1373//2565 1371//2565
f 1370//2566 1372//2566 1376//2566
f 1375//2567 1371//2567 1369//2567
f 1366//2568 1370//2568 1376//2568
f 1375//2569 1369//2569 1365//2569
f 1360//2570 1366//2570 1376//2570
f 1375//2571 1365//2571 1359//2571
f 496//2572 1360//2572 1376//2572
f 1375//2573 1359//2573 495//2573
f 1156//2574 1360//2574 496//2574
f 495//2575 1359//2575 1155//2575
f 960//2576 1156//2576 496//2576
f 495//2577 1155//2577 959//2577
f 498//2578 960//2578 496//2578
f 495//2579 959//2579 497//2579
f 752//2580 960//2580 498//2580
f 497//2581 959//2581 751//2581
f 750//2582 752//2582 498//2582
f 497//2583 751//2583 749//2583
f 526//2584 750//2584 498//2584
f 497//2585 749//2585 525//2585
f 500//2586 526//2586 498//2586
f 497//2587 525//2587 499//2587
f 488//2588 490//2588 492//2588
f 491//2589 489//2589 487//2589
f 472//2590 484//2590 486//2590
f 485//2591 483//2591 471//2591
f 474//2592 484//2592 472//2592
f 471//2593 483//2593 473//2593
f 480//2594 474//2594 476//2594
f 475//2595 473//2595 479//2595
f 482//2596 474//2596 480//2596
f 479//2597 473//2597 481//2597
f 484//2598 474//2598 482//2598
f 481//2599 473//2599 483//2599
f 512//2600 506//2600 508//2600
f 507//2601 505//2601 511//2601
f 510//2602 512//2602 508//2602
f 507//2603 511//2603 509//2603
f 520//2604 512//2604 514//2604
f 513//2605 511//2605 519//2605
f 524//2606 512//2606 520//2606
f 519//2607 511//2607 523//2607
f 522//2608 524//2608 520//2608
f 519//2609 523//2609 521//2609
f 526//2610 528//2610 530//2610
f 529//2611 527//2611 525//2611
f 538//2612 526//2612 530//2612
f 529//2613 525//2613 537//2613
f 532//2614 538//2614 530//2614
f 529//2615 537//2615 531//2615
f 576//2616 582//2616 584//2616
f 583//2617 581//2617 575//2617
f 592//2618 576//2618 584//2618
f 583//2619 575//2619 591//2619
f 598//2620 576//2620 592//2620
f 591//2621 575//2621 597//2621
f 574//2622 600//2622 602//2622
f 601//2623 599//2623 573//2623
f 576//2624 600//2624 574//2624
f 573//2625 599//2625 575//2625
f 598//2626 600//2626 576//2626
f 575//2627 599//2627 597//2627
f 578//2628 582//2628 576//2628
f 575//2629 581//2629 577//2629
f 580//2630 582//2630 578//2630
f 577//2631 581//2631 579//2631
f 642//2632 636//2632 638//2632
f 637//2633 635//2633 641//2633
f 640//2634 642//2634 638//2634
f 637//2635 641//2635 639//2635
f 646//2636 642//2636 644//2636
f 643//2637 641//2637 645//2637
f 556//2638 642//2638 646//2638
f 645//2639 641//2639 555//2639
f 654//2640 556//2640 646//2640
f 645//2641 555//2641 653//2641
f 650//2642 654//2642 646//2642
f 645//2643 653//2643 649//2643
f 652//2644 654//2644 650//2644
f 649//2645 653//2645 651//2645
f 670//2646 654//2646 656//2646
f 655//2647 653//2647 669//2647
f 554//2648 556//2648 654//2648
f 653//2649 555//2649 553//2649
f 724//2650 552//2650 554//2650
f 553//2651 551//2651 723//2651
f 684//2652 724//2652 554//2652
f 553//2653 723//2653 683//2653
f 680//2654 684//2654 554//2654
f 553//2655 683//2655 679//2655
f 682//2656 684//2656 680//2656
f 679//2657 683//2657 681//2657
f 690//2658 694//2658 696//2658
f 695//2659 693//2659 689//2659
f 706//2660 690//2660 696//2660
f 695//2661 689//2661 705//2661
f 702//2662 706//2662 696//2662
f 695//2663 705//2663 701//2663
f 698//2664 702//2664 696//2664
f 695//2665 701//2665 697//2665
f 920//2666 800//2666 802//2666
f 801//2667 799//2667 919//2667
f 918//2668 920//2668 802//2668
f 801//2669 919//2669 917//2669
f 804//2670 918//2670 802//2670
f 801//2671 917//2671 803//2671
f 916//2672 918//2672 804//2672
f 803//2673 917//2673 915//2673
f 806//2674 916//2674 804//2674
f 803//2675 915//2675 805//2675
f 810//2676 806//2676 808//2676
f 807//2677 805//2677 809//2677
f 812//2678 806//2678 810//2678
f 809//2679 805//2679 811//2679
f 912//2680 914//2680 814//2680
f 813//2681 913//2681 911//2681
f 1252//2682 1186//2682 1250//2682
f 1249//2683 1185//2683 1251//2683
f 1186//2684 1252//2684 1254//2684
f 1253//2685 1251//2685 1185//2685
f 1256//2686 1186//2686 1254//2686
f 1253//2687 1185//2687 1255//2687
f 1184//2688 1256//2688 1258//2688
f 1257//2689 1255//2689 1183//2689
f 1262//2690 1180//2690 1260//2690
f 1259//2691 1179//2691 1261//2691
f 1178//2692 1180//2692 1262//2692
f 1261//2693 1179//2693 1177//2693
f 1266//2694 1178//2694 1262//2694
f 1261//2695 1177//2695 1265//2695
f 1264//2696 1266//2696 1262//2696
f 1261//2697 1265//2697 1263//2697
f 1176//2698 1178//2698 1268//2698
f 1267//2699 1177//2699 1175//2699
f 1272//2700 1174//2700 1176//2700
f 1175//2701 1173//2701 1271//2701
f 1270//2702 1272//2702 1176//2702
f 1175//2703 1271//2703 1269//2703
f 1276//2704 1174//2704 1272//2704
f 1271//2705 1173//2705 1275//2705
f 1278//2706 1174//2706 1276//2706
f 1275//2707 1173//2707 1277//2707
f 1284//2708 1170//2708 1172//2708
f 1171//2709 1169//2709 1283//2709
f 1282//2710 1284//2710 1172//2710
f 1171//2711 1283//2711 1281//2711
f 1280//2712 1282//2712 1172//2712
f 1171//2713 1281//2713 1279//2713
f 1286//2714 1170//2714 1284//2714
f 1283//2715 1169//2715 1285//2715
f 1170//2716 1286//2716 1288//2716
f 1287//2717 1285//2717 1169//2717
f 1074//2718 1080//2718 1082//2718
f 1081//2719 1079//2719 1073//2719
f 1072//2720 1074//2720 1082//2720
f 1081//2721 1073//2721 1071//2721
f 1084//2722 1072//2722 1082//2722
f 1081//2723 1071//2723 1083//2723
f 1092//2724 1072//2724 1084//2724
f 1083//2725 1071//2725 1091//2725
f 1090//2726 1092//2726 1084//2726
f 1083//2727 1091//2727 1089//2727
f 1086//2728 1090//2728 1084//2728
f 1083//2729 1089//2729 1085//2729
f 1348//2730 1168//2730 1290//2730
f 1289//2731 1167//2731 1347//2731
f 1292//2732 1348//2732 1290//2732
f 1289//2733 1347//2733 1291//2733
f 1144//2734 1146//2734 1148//2734
f 1147//2735 1145//2735 1143//2735
f 1142//2736 1144//2736 1148//2736
f 1147//2737 1143//2737 1141//2737
f 1150//2738 1142//2738 1148//2738
f 1147//2739 1141//2739 1149//2739
f 1164//2740 1166//2740 1350//2740
f 1349//2741 1165//2741 1163//2741
f 1162//2742 1164//2742 1350//2742
f 1349//2743 1163//2743 1161//2743
f 1160//2744 1162//2744 1350//2744
f 1349//2745 1161//2745 1159//2745
f 1352//2746 1160//2746 1350//2746
f 1349//2747 1159//2747 1351//2747
f 1158//2748 1352//2748 1354//2748
f 1353//2749 1351//2749 1157//2749
f 1356//2750 1158//2750 1354//2750
f 1353//2751 1157//2751 1355//2751
f 1156//2752 1158//2752 1356//2752
f 1355//2753 1157//2753 1155//2753
f 1358//2754 1156//2754 1356//2754
f 1355//2755 1155//2755 1357//2755
f 1360//2756 1156//2756 1358//2756
f 1357//2757 1155//2757 1359//2757
f 1136//2758 1154//2758 1156//2758
f 1155//2759 1153//2759 1135//2759
f 1134//2760 1136//2760 1156//2760
f 1155//2761 1135//2761 1133//2761
f 960//2762 1134//2762 1156//2762
f 1155//2763 1133//2763 959//2763
f 962//2764 1134//2764 960//2764
f 959//2765 1133//2765 961//2765
f 758//2766 958//2766 960//2766
f 959//2767 957//2767 757//2767
f 756//2768 758//2768 960//2768
f 959//2769 757//2769 755//2769
f 752//2770 756//2770 960//2770
f 959//2771 755//2771 751//2771
f 754//2772 756//2772 752//2772
f 751//2773 755//2773 753//2773
f 540//2774 748//2774 750//2774
f 749//2775 747//2775 539//2775
f 538//2776 540//2776 750//2776
f 749//2777 539//2777 537//2777
f 526//2778 538//2778 750//2778
f 749//2779 537//2779 525//2779
f 532//2780 536//2780 538//2780
f 537//2781 535//2781 531//2781
f 534//2782 536//2782 532//2782
f 531//2783 535//2783 533//2783
f 558//2784 560//2784 562//2784
f 561//2785 559//2785 557//2785
f 630//2786 564//2786 566//2786
f 565//2787 563//2787 629//2787
f 636//2788 632//2788 634//2788
f 633//2789 631//2789 635//2789
f 564//2790 632//2790 636//2790
f 635//2791 631//2791 563//2791
f 556//2792 564//2792 636//2792
f 635//2793 563//2793 555//2793
f 642//2794 556//2794 636//2794
f 635//2795 555//2795 641//2795
f 558//2796 564//2796 556//2796
f 555//2797 563//2797 557//2797
f 630//2798 632//2798 564//2798
f 563//2799 631//2799 629//2799
f 542//2800 548//2800 550//2800
f 549//2801 547//2801 541//2801
f 540//2802 542//2802 550//2802
f 549//2803 541//2803 539//2803
f 746//2804 540//2804 550//2804
f 549//2805 539//2805 745//2805
f 552//2806 746//2806 550//2806
f 549//2807 745//2807 551//2807
f 726//2808 746//2808 552//2808
f 551//2809 745//2809 725//2809
f 724//2810 726//2810 552//2810
f 551//2811 725//2811 723//2811
f 720//2812 722//2812 724//2812
f 723//2813 721//2813 719//2813
f 684//2814 720//2814 724//2814
f 723//2815 719//2815 683//2815
f 686//2816 720//2816 684//2816
f 683//2817 719//2817 685//2817
f 690//2818 692//2818 694//2818
f 693//2819 691//2819 689//2819
f 706//2820 688//2820 690//2820
f 689//2821 687//2821 705//2821
f 716//2822 688//2822 706//2822
f 705//2823 687//2823 715//2823
f 708//2824 716//2824 706//2824
f 705//2825 715//2825 707//2825
f 702//2826 704//2826 706//2826
f 705//2827 703//2827 701//2827
f 698//2828 700//2828 702//2828
f 701//2829 699//2829 697//2829
f 800//2830 796//2830 798//2830
f 797//2831 795//2831 799//2831
f 920//2832 796//2832 800//2832
f 799//2833 795//2833 919//2833
f 922//2834 796//2834 920//2834
f 919//2835 795//2835 921//2835
f 794//2836 796//2836 922//2836
f 921//2837 795//2837 793//2837
f 924//2838 794//2838 922//2838
f 921//2839 793//2839 923//2839
f 792//2840 794//2840 924//2840
f 923//2841 793//2841 791//2841
f 932//2842 928//2842 930//2842
f 929//2843 927//2843 931//2843
f 984//2844 1006//2844 1008//2844
f 1007//2845 1005//2845 983//2845
f 982//2846 984//2846 1008//2846
f 1007//2847 983//2847 981//2847
f 980//2848 982//2848 1008//2848
f 1007//2849 981//2849 979//2849
f 1042//2850 980//2850 1008//2850
f 1007//2851 979//2851 1041//2851
f 1010//2852 1042//2852 1008//2852
f 1007//2853 1041//2853 1009//2853
f 1028//2854 1030//2854 1022//2854
f 1021//2855 1029//2855 1027//2855
f 1024//2856 1028//2856 1022//2856
f 1021//2857 1027//2857 1023//2857
f 1076//2858 1078//2858 1080//2858
f 1079//2859 1077//2859 1075//2859
f 1074//2860 1076//2860 1080//2860
f 1079//2861 1075//2861 1073//2861
f 1092//2862 1070//2862 1072//2862
f 1071//2863 1069//2863 1091//2863
f 1094//2864 1070//2864 1092//2864
f 1091//2865 1069//2865 1093//2865
f 1086//2866 1088//2866 1090//2866
f 1089//2867 1087//2867 1085//2867
f 1124//2868 1116//2868 1118//2868
f 1117//2869 1115//2869 1123//2869
f 1122//2870 1124//2870 1118//2870
f 1117//2871 1123//2871 1121//2871
f 1120//2872 1122//2872 1118//2872
f 1117//2873 1121//2873 1119//2873
f 1152//2874 1140//2874 1150//2874
f 1149//2875 1139//2875 1151//2875
f 1352//2876 1158//2876 1160//2876
f 1159//2877 1157//2877 1351//2877
f 1138//2878 1152//2878 1154//2878
f 1153//2879 1151//2879 1137//2879
f 1136//2880 1138//2880 1154//2880
f 1153//2881 1137//2881 1135//2881
f 962//2882 1132//2882 1134//2882
f 1133//2883 1131//2883 961//2883
f 1130//2884 1132//2884 962//2884
f 961//2885 1131//2885 1129//2885
f 1128//2886 1130//2886 962//2886
f 961//2887 1129//2887 1127//2887
f 964//2888 1128//2888 962//2888
f 961//2889 1127//2889 963//2889
f 780//2890 956//2890 958//2890
f 957//2891 955//2891 779//2891
f 778//2892 780//2892 958//2892
f 957//2893 779//2893 777//2893
f 760//2894 778//2894 958//2894
f 957//2895 777//2895 759//2895
f 758//2896 760//2896 958//2896
f 957//2897 759//2897 757//2897
f 540//2898 746//2898 748//2898
f 747//2899 745//2899 539//2899
f 738//2900 744//2900 746//2900
f 745//2901 743//2901 737//2901
f 736//2902 738//2902 746//2902
f 745//2903 737//2903 735//2903
f 726//2904 736//2904 746//2904
f 745//2905 735//2905 725//2905
f 728//2906 736//2906 726//2906
f 725//2907 735//2907 727//2907
f 730//2908 736//2908 728//2908
f 727//2909 735//2909 729//2909
f 686//2910 718//2910 720//2910
f 719//2911 717//2911 685//2911
f 688//2912 718//2912 686//2912
f 685//2913 717//2913 687//2913
f 716//2914 718//2914 688//2914
f 687//2915 717//2915 715//2915
f 708//2916 714//2916 716//2916
f 715//2917 713//2917 707//2917
f 710//2918 714//2918 708//2918
f 707//2919 713//2919 709//2919
f 928//2920 932//2920 934//2920
f 933//2921 931//2921 927//2921
f 986//2922 1004//2922 1006//2922
f 1005//2923 1003//2923 985//2923
f 984//2924 986//2924 1006//2924
f 1005//2925 985//2925 983//2925
f 976//2926 978//2926 980//2926
f 979//2927 977//2927 975//2927
f 1044//2928 976//2928 980//2928
f 979//2929 975//2929 1043//2929
f 1042//2930 1044//2930 980//2930
f 979//2931 1043//2931 1041//2931
f 1012//2932 1040//2932 1010//2932
f 1009//2933 1039//2933 1011//2933
f 1032//2934 1018//2934 1020//2934
f 1019//2935 1017//2935 1031//2935
f 1060//2936 1062//2936 1064//2936
f 1063//2937 1061//2937 1059//2937
f 1058//2938 1060//2938 1064//2938
f 1063//2939 1059//2939 1057//2939
f 1056//2940 1058//2940 1064//2940
f 1063//2941 1057//2941 1055//2941
f 1066//2942 1056//2942 1064//2942
f 1063//2943 1055//2943 1065//2943
f 1054//2944 1056//2944 1066//2944
f 1065//2945 1055//2945 1053//2945
f 968//2946 1054//2946 1066//2946
f 1065//2947 1053//2947 967//2947
f 1098//2948 1100//2948 1096//2948
f 1095//2949 1099//2949 1097//2949
f 1106//2950 1108//2950 1110//2950
f 1109//2951 1107//2951 1105//2951
f 1112//2952 1106//2952 1110//2952
f 1109//2953 1105//2953 1111//2953
f 1114//2954 1104//2954 1112//2954
f 1111//2955 1103//2955 1113//2955
f 1126//2956 1114//2956 1116//2956
f 1115//2957 1113//2957 1125//2957
f 1124//2958 1126//2958 1116//2958
f 1115//2959 1125//2959 1123//2959
f 964//2960 1126//2960 1128//2960
f 1127//2961 1125//2961 963//2961
f 1104//2962 1126//2962 964//2962
f 963//2963 1125//2963 1103//2963
f 966//2964 1104//2964 964//2964
f 963//2965 1103//2965 965//2965
f 994//2966 996//2966 998//2966
f 997//2967 995//2967 993//2967
f 992//2968 994//2968 998//2968
f 997//2969 993//2969 991//2969
f 1104//2970 966//2970 1102//2970
f 1101//2971 965//2971 1103//2971
f 1114//2972 1126//2972 1104//2972
f 1103//2973 1125//2973 1113//2973
f 780//2974 954//2974 956//2974
f 955//2975 953//2975 779//2975
f 782//2976 954//2976 780//2976
f 779//2977 953//2977 781//2977
f 774//2978 776//2978 778//2978
f 777//2979 775//2979 773//2979
f 770//2980 774//2980 778//2980
f 777//2981 773//2981 769//2981
f 762//2982 770//2982 778//2982
f 777//2983 769//2983 761//2983
f 760//2984 762//2984 778//2984
f 777//2985 761//2985 759//2985
f 766//2986 770//2986 762//2986
f 761//2987 769//2987 765//2987
f 764//2988 766//2988 762//2988
f 761//2989 765//2989 763//2989
f 768//2990 770//2990 766//2990
f 765//2991 769//2991 767//2991
f 738//2992 742//2992 744//2992
f 743//2993 741//2993 737//2993
f 740//2994 742//2994 738//2994
f 737//2995 741//2995 739//2995
f 730//2996 734//2996 736//2996
f 735//2997 733//2997 729//2997
f 732//2998 734//2998 730//2998
f 729//2999 733//2999 731//2999
f 714//3000 710//3000 712//3000
f 711//3001 709//3001 713//3001
f 946//3002 788//3002 790//3002
f 789//3003 787//3003 945//3003
f 944//3004 946//3004 790//3004
f 789//3005 945//3005 943//3005
f 938//3006 944//3006 790//3006
f 789//3007 943//3007 937//3007
f 936//3008 938//3008 790//3008
f 789//3009 937//3009 935//3009
f 940//3010 944//3010 938//3010
f 937//3011 943//3011 939//3011
f 942//3012 944//3012 940//3012
f 939//3013 943//3013 941//3013
f 1044//3014 1046//3014 976//3014
f 975//3015 1045//3015 1043//3015
f 1014//3016 1038//3016 1012//3016
f 1011//3017 1037//3017 1013//3017
f 1034//3018 1016//3018 1018//3018
f 1017//3019 1015//3019 1033//3019
f 1032//3020 1034//3020 1018//3020
f 1017//3021 1033//3021 1031//3021
f 954//3022 782//3022 952//3022
f 951//3023 781//3023 953//3023
f 770//3024 772//3024 774//3024
f 773//3025 771//3025 769//3025
f 948//3026 786//3026 788//3026
f 787//3027 785//3027 947//3027
f 946//3028 948//3028 788//3028
f 787//3029 947//3029 945//3029
f 1050//3030 972//3030 974//3030
f 973//3031 971//3031 1049//3031
f 786//3032 950//3032 784//3032
f 783//3033 949//3033 785//3033
f 948//3034 950//3034 786//3034
f 785//3035 949//3035 947//3035
f 1152//3036 1138//3036 1140//3036
f 1139//3037 1137//3037 1151//3037
f 546//3038 548//3038 542//3038
f 541//3039 547//3039 545//3039
f 544//3040 546//3040 542//3040
f 541//3041 545//3041 543//3041
f 1256//3042 1184//3042 1186//3042
f 1185//3043 1183//3043 1255//3043
f 506//3044 524//3044 526//3044
f 525//3045 523//3045 505//3045
f 504//3046 506//3046 526//3046
f 525//3047 505//3047 503//3047
f 500//3048 504//3048 526//3048
f 525//3049 503//3049 499//3049
f 502//3050 504//3050 500//3050
f 499//3051 503//3051 501//3051
f 512//3052 524//3052 506//3052
f 505//3053 523//3053 511//3053
f 1362//3054 1366//3054 1360//3054
f 1359//3055 1365//3055 1361//3055
f 1364//3056 1366//3056 1362//3056
f 1361//3057 1365//3057 1363//3057
f 1436//3058 1438//3058 1440//3058
f 1439//3059 1437//3059 1435//3059
f 1428//3060 1430//3060 1432//3060
f 1431//3061 1429//3061 1427//3061
f 1426//3062 1428//3062 1432//3062
f 1431//3063 1427//3063 1425//3063
f 1386//3064 1390//3064 1392//3064
f 1391//3065 1389//3065 1385//3065
f 1384//3066 1386//3066 1392//3066
f 1391//3067 1385//3067 1383//3067
f 1394//3068 1384//3068 1392//3068
f 1391//3069 1383//3069 1393//3069
f 1380//3070 1384//3070 1394//3070
f 1393//3071 1383//3071 1379//3071
f 1396//3072 1380//3072 1394//3072
f 1393//3073 1379//3073 1395//3073
f 1382//3074 1384//3074 1380//3074
f 1379//3075 1383//3075 1381//3075
f 1386//3076 1388//3076 1390//3076
f 1389//3077 1387//3077 1385//3077
f 1366//3078 1368//3078 1370//3078
f 1369//3079 1367//3079 1365//3079
f 1408//3080 1410//3080 1412//3080
f 1411//3081 1409//3081 1407//3081
f 1188//3082 1246//3082 1248//3082
f 1247//3083 1245//3083 1187//3083
f 1244//3084 1246//3084 1188//3084
f 1187//3085 1245//3085 1243//3085
f 1242//3086 1244//3086 1188//3086
f 1187//3087 1243//3087 1241//3087
f 1240//3088 1242//3088 1188//3088
f 1187//3089 1241//3089 1239//3089
f 1238//3090 1240//3090 1188//3090
f 1187//3091 1239//3091 1237//3091
f 1232//3092 1234//3092 1236//3092
f 1235//3093 1233//3093 1231//3093
f 1230//3094 1232//3094 1236//3094
f 1235//3095 1231//3095 1229//3095
f 1650//3096 1652//3096 1424//3096
f 1423//3097 1651//3097 1649//3097
f 2070//3098 1722//3098 1724//3098
f 1723//3099 1721//3099 2069//3099
f 2067//3100 2070//3100 1724//3100
f 1723//3101 2069//3101 2066//3101
f 2064//3102 1678//3102 2062//3102
f 2061//3103 1677//3103 2063//3103
f 1676//3104 1678//3104 2064//3104
f 2063//3105 1677//3105 1675//3105
f 2040//3106 1676//3106 2064//3106
f 2063//3107 1675//3107 2037//3107
f 1674//3108 1676//3108 2040//3108
f 2037//3109 1675//3109 1673//3109
f 1704//3110 1712//3110 1714//3110
f 1713//3111 1711//3111 1703//3111
f 1716//3112 1704//3112 1714//3112
f 1713//3113 1703//3113 1715//3113
f 1702//3114 1704//3114 1716//3114
f 1715//3115 1703//3115 1701//3115
f 1718//3116 1702//3116 1716//3116
f 1715//3117 1701//3117 1717//3117
f 1730//3118 1732//3118 1734//3118
f 1733//3119 1731//3119 1729//3119
f 1736//3120 1730//3120 1734//3120
f 1733//3121 1729//3121 1735//3121
f 1722//3122 2072//3122 1720//3122
f 1719//3123 2071//3123 1721//3123
f 2070//3124 2072//3124 1722//3124
f 1721//3125 2071//3125 2069//3125
f 1710//3126 1706//3126 1708//3126
f 1707//3127 1705//3127 1709//3127
f 1712//3128 1706//3128 1710//3128
f 1709//3129 1705//3129 1711//3129
f 1718//3130 2068//3130 1702//3130
f 1701//3131 2065//3131 1717//3131
f 2074//3132 2068//3132 1718//3132
f 1717//3133 2065//3133 2073//3133
f 1752//3134 1748//3134 1750//3134
f 1749//3135 1747//3135 1751//3135
f 2231//3136 2239//3136 1780//3136
f 1779//3137 2238//3137 2230//3137
f 2222//3138 2231//3138 1780//3138
f 1779//3139 2230//3139 2221//3139
f 1782//3140 2219//3140 1780//3140
f 1779//3141 2218//3141 1781//3141
f 2232//3142 2224//3142 2226//3142
f 2225//3143 2223//3143 2229//3143
f 2250//3144 2232//3144 2226//3144
f 2225//3145 2229//3145 2249//3145
f 2228//3146 2250//3146 2226//3146
f 2225//3147 2249//3147 2227//3147
f 1788//3148 2228//3148 2220//3148
f 2217//3149 2227//3149 1787//3149
f 2247//3150 2228//3150 1788//3150
f 1787//3151 2227//3151 2246//3151
f 2261//3152 2247//3152 1788//3152
f 1787//3153 2246//3153 2260//3153
f 2273//3154 2261//3154 1788//3154
f 1787//3155 2260//3155 2272//3155
f 2285//3156 2273//3156 1788//3156
f 1787//3157 2272//3157 2284//3157
f 2306//3158 2285//3158 1788//3158
f 1787//3159 2284//3159 2303//3159
f 1866//3160 1862//3160 1864//3160
f 1863//3161 1861//3161 1865//3161
f 32//3162 1890//3162 1892//3162
f 1891//3163 1889//3163 31//3163
f 1884//3164 1890//3164 32//3164
f 31//3165 1889//3165 1883//3165
f 34//3166 1884//3166 32//3166
f 31//3167 1883//3167 33//3167
f 1888//3168 1890//3168 1884//3168
f 1883//3169 1889//3169 1887//3169
f 1886//3170 1888//3170 1884//3170
f 1883//3171 1887//3171 1885//3171
f 1854//3172 1872//3172 1874//3172
f 1873//3173 1871//3173 1853//3173
f 1852//3174 1854//3174 1874//3174
f 1873//3175 1853//3175 1851//3175
f 1850//3176 1852//3176 1874//3176
f 1873//3177 1851//3177 1849//3177
f 1858//3178 1872//3178 1854//3178
f 1853//3179 1871//3179 1857//3179
f 1860//3180 1872//3180 1858//3180
f 1857//3181 1871//3181 1859//3181
f 2546//3182 2548//3182 1820//3182
f 1819//3183 2547//3183 2545//3183
f 2552//3184 2546//3184 1820//3184
f 1819//3185 2545//3185 2549//3185
f 2558//3186 2552//3186 1820//3186
f 1819//3187 2549//3187 2555//3187
f 2564//3188 2558//3188 1820//3188
f 1819//3189 2555//3189 2561//3189
f 2570//3190 2564//3190 1820//3190
f 1819//3191 2561//3191 2567//3191
f 2582//3192 2570//3192 1820//3192
f 1819//3193 2567//3193 2579//3193
f 2576//3194 2570//3194 2582//3194
f 2579//3195 2567//3195 2573//3195
f 2581//3196 2576//3196 2582//3196
f 2579//3197 2573//3197 2580//3197
f 2587//3198 2584//3198 2582//3198
f 2579//3199 2583//3199 2586//3199
f 2520//3200 2584//3200 2587//3200
f 2586//3201 2583//3201 2519//3201
f 2590//3202 2520//3202 2587//3202
f 2586//3203 2519//3203 2589//3203
f 2593//3204 2520//3204 2590//3204
f 2589//3205 2519//3205 2592//3205
f 2596//3206 2520//3206 2593//3206
f 2592//3207 2519//3207 2595//3207
f 2599//3208 2520//3208 2596//3208
f 2595//3209 2519//3209 2598//3209
f 2602//3210 2520//3210 2599//3210
f 2598//3211 2519//3211 2601//3211
f 2605//3212 2602//3212 2600//3212
f 2597//3213 2601//3213 2604//3213
f 2520//3214 2602//3214 2605//3214
f 2604//3215 2601//3215 2519//3215
f 2608//3216 2520//3216 2605//3216
f 2604//3217 2519//3217 2607//3217
f 2614//3218 2520//3218 2608//3218
f 2607//3219 2519//3219 2613//3219
f 2611//3220 2614//3220 2608//3220
f 2607//3221 2613//3221 2610//3221
f 2617//3222 2614//3222 2612//3222
f 2609//3223 2613//3223 2616//3223
f 2618//3224 2617//3224 2612//3224
f 2609//3225 2616//3225 2615//3225
f 2624//3226 2618//3226 2612//3226
f 2609//3227 2615//3227 2621//3227
f 2620//3228 2618//3228 2624//3228
f 2621//3229 2615//3229 2619//3229
f 2623//3230 2620//3230 2624//3230
f 2621//3231 2619//3231 2622//3231
f 2631//3232 2626//3232 2628//3232
f 2627//3233 2625//3233 2630//3233
f 2632//3234 2631//3234 2628//3234
f 2627//3235 2630//3235 2629//3235
f 1828//3236 2632//3236 2628//3236
f 2627//3237 2629//3237 1827//3237
f 1772//3238 1830//3238 1832//3238
f 1831//3239 1829//3239 1771//3239
f 1770//3240 1772//3240 1832//3240
f 1831//3241 1771//3241 1769//3241
f 1768//3242 1770//3242 1832//3242
f 1831//3243 1769//3243 1767//3243
f 1764//3244 1768//3244 1832//3244
f 1831//3245 1767//3245 1763//3245
f 1766//3246 1768//3246 1764//3246
f 1763//3247 1767//3247 1765//3247
f 1758//3248 1760//3248 1762//3248
f 1761//3249 1759//3249 1757//3249
f 1754//3250 1758//3250 1762//3250
f 1761//3251 1757//3251 1753//3251
f 1752//3252 1754//3252 1762//3252
f 1761//3253 1753//3253 1751//3253
f 1748//3254 1752//3254 1762//3254
f 1761//3255 1751//3255 1747//3255
f 1756//3256 1758//3256 1754//3256
f 1753//3257 1757//3257 1755//3257
f 2242//3258 2253//3258 2239//3258
f 2238//3259 2252//3259 2241//3259
f 2234//3260 2240//3260 2239//3260
f 2238//3261 2237//3261 2233//3261
f 2231//3262 2234//3262 2239//3262
f 2238//3263 2233//3263 2230//3263
f 2222//3264 2232//3264 2231//3264
f 2230//3265 2229//3265 2221//3265
f 2224//3266 2232//3266 2222//3266
f 2221//3267 2229//3267 2223//3267
f 2268//3268 2236//3268 2232//3268
f 2229//3269 2235//3269 2265//3269
f 2270//3270 2268//3270 2232//3270
f 2229//3271 2265//3271 2269//3271
f 2264//3272 2270//3272 2232//3272
f 2229//3273 2269//3273 2263//3273
f 2250//3274 2264//3274 2232//3274
f 2229//3275 2263//3275 2249//3275
f 2248//3276 2264//3276 2250//3276
f 2249//3277 2263//3277 2245//3277
f 2228//3278 2247//3278 2250//3278
f 2249//3279 2246//3279 2227//3279
f 2261//3280 2248//3280 2247//3280
f 2246//3281 2245//3281 2260//3281
f 2264//3282 2248//3282 2261//3282
f 2260//3283 2245//3283 2263//3283
f 2267//3284 2262//3284 2261//3284
f 2260//3285 2259//3285 2266//3285
f 2273//3286 2267//3286 2261//3286
f 2260//3287 2266//3287 2272//3287
f 2268//3288 2267//3288 2273//3288
f 2272//3289 2266//3289 2265//3289
f 2276//3290 2268//3290 2273//3290
f 2272//3291 2265//3291 2275//3291
f 2285//3292 2274//3292 2273//3292
f 2272//3293 2271//3293 2284//3293
f 2288//3294 2274//3294 2285//3294
f 2284//3295 2271//3295 2287//3295
f 2299//3296 2286//3296 2285//3296
f 2284//3297 2283//3297 2298//3297
f 2306//3298 2299//3298 2285//3298
f 2284//3299 2298//3299 2303//3299
f 2305//3300 2299//3300 2306//3300
f 2303//3301 2298//3301 2304//3301
f 2311//3302 2308//3302 2306//3302
f 2303//3303 2307//3303 2310//3303
f 1796//3304 1798//3304 1800//3304
f 1799//3305 1797//3305 1795//3305
f 2466//3306 1796//3306 1800//3306
f 1799//3307 1795//3307 2463//3307
f 1802//3308 2466//3308 1800//3308
f 1799//3309 2463//3309 1801//3309
f 2472//3310 2466//3310 1802//3310
f 1801//3311 2463//3311 2471//3311
f 1808//3312 2472//3312 1802//3312
f 1801//3313 2471//3313 1807//3313
f 1804//3314 1808//3314 1802//3314
f 1801//3315 1807//3315 1803//3315
f 1806//3316 1808//3316 1804//3316
f 1803//3317 1807//3317 1805//3317
f 2540//3318 2538//3318 2544//3318
f 2541//3319 2535//3319 2539//3319
f 2543//3320 2540//3320 2544//3320
f 2541//3321 2539//3321 2542//3321
f 2498//3322 2540//3322 2543//3322
f 2542//3323 2539//3323 2495//3323
f 2502//3324 2498//3324 2543//3324
f 2542//3325 2495//3325 2501//3325
f 2518//3326 2502//3326 2543//3326
f 2542//3327 2501//3327 2515//3327
f 2551//3328 2522//3328 2546//3328
f 2545//3329 2521//3329 2550//3329
f 2552//3330 2551//3330 2546//3330
f 2545//3331 2550//3331 2549//3331
f 2557//3332 2554//3332 2552//3332
f 2549//3333 2553//3333 2556//3333
f 2558//3334 2557//3334 2552//3334
f 2549//3335 2556//3335 2555//3335
f 2563//3336 2560//3336 2558//3336
f 2555//3337 2559//3337 2562//3337
f 2564//3338 2563//3338 2558//3338
f 2555//3339 2562//3339 2561//3339
f 2569//3340 2566//3340 2564//3340
f 2561//3341 2565//3341 2568//3341
f 2570//3342 2569//3342 2564//3342
f 2561//3343 2568//3343 2567//3343
f 2575//3344 2572//3344 2570//3344
f 2567//3345 2571//3345 2574//3345
f 2576//3346 2575//3346 2570//3346
f 2567//3347 2574//3347 2573//3347
f 2581//3348 2578//3348 2576//3348
f 2573//3349 2577//3349 2580//3349
f 2520//3350 2578//3350 2581//3350
f 2580//3351 2577//3351 2519//3351
f 2584//3352 2520//3352 2581//3352
f 2580//3353 2519//3353 2583//3353
f 1774//3354 2517//3354 2520//3354
f 2519//3355 2516//3355 1773//3355
f 2614//3356 1774//3356 2520//3356
f 2519//3357 1773//3357 2613//3357
f 2620//3358 1774//3358 2614//3358
f 2613//3359 1773//3359 2619//3359
f 2617//3360 2620//3360 2614//3360
f 2613//3361 2619//3361 2616//3361
f 2623//3362 1774//3362 2620//3362
f 2619//3363 1773//3363 2622//3363
f 1830//3364 1774//3364 2623//3364
f 2622//3365 1773//3365 1829//3365
f 2634//3366 1830//3366 2623//3366
f 2622//3367 1829//3367 2633//3367
f 2626//3368 2634//3368 2623//3368
f 2622//3369 2633//3369 2625//3369
f 2631//3370 2634//3370 2626//3370
f 2625//3371 2633//3371 2630//3371
f 1828//3372 2634//3372 2632//3372
f 2629//3373 2633//3373 1827//3373
f 1830//3374 2634//3374 1828//3374
f 1827//3375 2633//3375 1829//3375
f 1824//3376 1826//3376 1822//3376
f 1821//3377 1825//3377 1823//3377
f 1772//3378 1774//3378 1830//3378
f 1829//3379 1773//3379 1771//3379
f 2320//3380 2355//3380 2317//3380
f 2316//3381 2354//3381 2319//3381
f 2294//3382 2318//3382 2317//3382
f 2316//3383 2315//3383 2293//3383
f 2291//3384 2294//3384 2317//3384
f 2316//3385 2293//3385 2290//3385
f 2282//3386 2292//3386 2291//3386
f 2290//3387 2289//3387 2281//3387
f 2279//3388 2282//3388 2291//3388
f 2290//3389 2281//3389 2278//3389
f 2256//3390 2279//3390 2291//3390
f 2290//3391 2278//3391 2255//3391
f 2253//3392 2256//3392 2291//3392
f 2290//3393 2255//3393 2252//3393
f 2242//3394 2254//3394 2253//3394
f 2252//3395 2251//3395 2241//3395
f 2244//3396 2254//3396 2242//3396
f 2241//3397 2251//3397 2243//3397
f 2328//3398 2254//3398 2244//3398
f 2243//3399 2251//3399 2327//3399
f 2314//3400 2328//3400 2244//3400
f 2243//3401 2327//3401 2313//3401
f 2308//3402 2314//3402 2244//3402
f 2243//3403 2313//3403 2307//3403
f 2240//3404 2308//3404 2244//3404
f 2243//3405 2307//3405 2237//3405
f 2305//3406 2308//3406 2240//3406
f 2237//3407 2307//3407 2304//3407
f 2302//3408 2305//3408 2240//3408
f 2237//3409 2304//3409 2301//3409
f 2236//3410 2302//3410 2240//3410
f 2237//3411 2301//3411 2235//3411
f 2234//3412 2236//3412 2240//3412
f 2237//3413 2235//3413 2233//3413
f 2288//3414 2302//3414 2236//3414
f 2235//3415 2301//3415 2287//3415
f 2276//3416 2288//3416 2236//3416
f 2235//3417 2287//3417 2275//3417
f 2268//3418 2276//3418 2236//3418
f 2235//3419 2275//3419 2265//3419
f 2274//3420 2288//3420 2276//3420
f 2275//3421 2287//3421 2271//3421
f 2286//3422 2302//3422 2288//3422
f 2287//3423 2301//3423 2283//3423
f 2299//3424 2302//3424 2286//3424
f 2283//3425 2301//3425 2298//3425
f 2305//3426 2300//3426 2299//3426
f 2298//3427 2297//3427 2304//3427
f 2302//3428 2300//3428 2305//3428
f 2304//3429 2297//3429 2301//3429
f 2311//3430 2314//3430 2308//3430
f 2307//3431 2313//3431 2310//3431
f 2325//3432 2312//3432 2311//3432
f 2310//3433 2309//3433 2324//3433
f 2328//3434 2312//3434 2325//3434
f 2324//3435 2309//3435 2327//3435
f 2331//3436 2326//3436 2325//3436
f 2324//3437 2323//3437 2330//3437
f 2338//3438 2331//3438 2325//3438
f 2324//3439 2330//3439 2335//3439
f 2337//3440 2331//3440 2338//3440
f 2335//3441 2330//3441 2336//3441
f 2349//3442 2340//3442 2338//3442
f 2335//3443 2339//3443 2348//3443
f 2352//3444 2340//3444 2349//3444
f 2348//3445 2339//3445 2351//3445
f 2363//3446 2350//3446 2349//3446
f 2348//3447 2347//3447 2362//3447
f 2466//3448 2465//3448 1796//3448
f 1795//3449 2464//3449 2463//3449
f 1810//3450 2470//3450 2472//3450
f 2471//3451 2469//3451 1809//3451
f 1808//3452 1810//3452 2472//3452
f 2471//3453 1809//3453 1807//3453
f 2531//3454 1818//3454 2538//3454
f 2535//3455 1817//3455 2530//3455
f 2537//3456 2531//3456 2538//3456
f 2535//3457 2530//3457 2536//3457
f 2488//3458 2537//3458 2540//3458
f 2539//3459 2536//3459 2487//3459
f 2492//3460 2488//3460 2540//3460
f 2539//3461 2487//3461 2489//3461
f 2498//3462 2492//3462 2540//3462
f 2539//3463 2489//3463 2495//3463
f 2494//3464 2492//3464 2498//3464
f 2495//3465 2489//3465 2493//3465
f 2497//3466 2494//3466 2498//3466
f 2495//3467 2493//3467 2496//3467
f 2518//3468 2500//3468 2502//3468
f 2501//3469 2499//3469 2515//3469
f 1778//3470 2500//3470 2518//3470
f 2515//3471 2499//3471 1777//3471
f 2497//3472 2500//3472 1778//3472
f 1777//3473 2499//3473 2496//3473
f 2491//3474 2494//3474 2497//3474
f 2496//3475 2493//3475 2490//3475
f 2486//3476 2491//3476 2497//3476
f 2496//3477 2490//3477 2485//3477
f 2483//3478 2486//3478 2497//3478
f 2496//3479 2485//3479 2482//3479
f 2478//3480 2484//3480 2483//3480
f 2482//3481 2481//3481 2477//3481
f 2475//3482 2478//3482 2483//3482
f 2482//3483 2477//3483 2474//3483
f 2462//3484 2476//3484 2475//3484
f 2474//3485 2473//3485 2461//3485
f 2459//3486 2462//3486 2475//3486
f 2474//3487 2461//3487 2458//3487
f 2448//3488 2459//3488 2475//3488
f 2474//3489 2458//3489 2447//3489
f 2445//3490 2448//3490 2475//3490
f 2474//3491 2447//3491 2444//3491
f 2422//3492 2446//3492 2445//3492
f 2444//3493 2443//3493 2421//3493
f 2419//3494 2422//3494 2445//3494
f 2444//3495 2421//3495 2418//3495
f 2410//3496 2420//3496 2419//3496
f 2418//3497 2417//3497 2409//3497
f 2407//3498 2410//3498 2419//3498
f 2418//3499 2409//3499 2406//3499
f 2384//3500 2407//3500 2419//3500
f 2418//3501 2406//3501 2383//3501
f 2381//3502 2384//3502 2419//3502
f 2418//3503 2383//3503 2380//3503
f 2358//3504 2382//3504 2381//3504
f 2380//3505 2379//3505 2357//3505
f 2355//3506 2358//3506 2381//3506
f 2380//3507 2357//3507 2354//3507
f 2346//3508 2356//3508 2355//3508
f 2354//3509 2353//3509 2345//3509
f 2343//3510 2346//3510 2355//3510
f 2354//3511 2345//3511 2342//3511
f 2320//3512 2343//3512 2355//3512
f 2354//3513 2342//3513 2319//3513
f 2322//3514 2343//3514 2320//3514
f 2319//3515 2342//3515 2321//3515
f 2344//3516 2343//3516 2322//3516
f 2321//3517 2342//3517 2341//3517
f 2416//3518 2344//3518 2322//3518
f 2321//3519 2341//3519 2415//3519
f 2413//3520 2416//3520 2322//3520
f 2321//3521 2415//3521 2412//3521
f 2404//3522 2413//3522 2322//3522
f 2321//3523 2412//3523 2403//3523
f 2398//3524 2404//3524 2322//3524
f 2321//3525 2403//3525 2397//3525
f 2318//3526 2398//3526 2322//3526
f 2321//3527 2397//3527 2315//3527
f 2392//3528 2398//3528 2318//3528
f 2315//3529 2397//3529 2391//3529
f 2296//3530 2392//3530 2318//3530
f 2315//3531 2391//3531 2295//3531
f 2294//3532 2296//3532 2318//3532
f 2315//3533 2295//3533 2293//3533
f 2378//3534 2392//3534 2296//3534
f 2295//3535 2391//3535 2377//3535
f 2375//3536 2378//3536 2296//3536
f 2295//3537 2377//3537 2374//3537
f 2372//3538 2375//3538 2296//3538
f 2295//3539 2374//3539 2371//3539
f 2292//3540 2372//3540 2296//3540
f 2295//3541 2371//3541 2289//3541
f 2366//3542 2372//3542 2292//3542
f 2289//3543 2371//3543 2365//3543
f 2280//3544 2366//3544 2292//3544
f 2289//3545 2365//3545 2277//3545
f 2282//3546 2280//3546 2292//3546
f 2289//3547 2277//3547 2281//3547
f 2258//3548 2280//3548 2279//3548
f 2278//3549 2277//3549 2257//3549
f 2256//3550 2258//3550 2279//3550
f 2278//3551 2257//3551 2255//3551
f 2366//3552 2280//3552 2258//3552
f 2257//3553 2277//3553 2365//3553
f 2352//3554 2366//3554 2258//3554
f 2257//3555 2365//3555 2351//3555
f 2340//3556 2352//3556 2258//3556
f 2257//3557 2351//3557 2339//3557
f 2337//3558 2340//3558 2258//3558
f 2257//3559 2339//3559 2336//3559
f 2334//3560 2337//3560 2258//3560
f 2257//3561 2336//3561 2333//3561
f 2254//3562 2334//3562 2258//3562
f 2257//3563 2333//3563 2251//3563
f 2328//3564 2334//3564 2254//3564
f 2251//3565 2333//3565 2327//3565
f 2326//3566 2334//3566 2328//3566
f 2327//3567 2333//3567 2323//3567
f 2331//3568 2334//3568 2326//3568
f 2323//3569 2333//3569 2330//3569
f 2337//3570 2332//3570 2331//3570
f 2330//3571 2329//3571 2336//3571
f 2334//3572 2332//3572 2337//3572
f 2336//3573 2329//3573 2333//3573
f 2350//3574 2366//3574 2352//3574
f 2351//3575 2365//3575 2347//3575
f 2363//3576 2366//3576 2350//3576
f 2347//3577 2365//3577 2362//3577
f 2369//3578 2364//3578 2363//3578
f 2362//3579 2361//3579 2368//3579
f 2376//3580 2369//3580 2363//3580
f 2362//3581 2368//3581 2373//3581
f 2375//3582 2369//3582 2376//3582
f 2373//3583 2368//3583 2374//3583
f 2389//3584 2378//3584 2376//3584
f 2373//3585 2377//3585 2388//3585
f 2392//3586 2378//3586 2389//3586
f 2388//3587 2377//3587 2391//3587
f 2395//3588 2390//3588 2389//3588
f 2388//3589 2387//3589 2394//3589
f 2398//3590 2390//3590 2395//3590
f 2394//3591 2387//3591 2397//3591
f 2401//3592 2396//3592 2395//3592
f 2394//3593 2393//3593 2400//3593
f 2404//3594 2396//3594 2401//3594
f 2400//3595 2393//3595 2403//3595
f 2413//3596 2402//3596 2401//3596
f 2400//3597 2399//3597 2412//3597
f 2414//3598 2413//3598 2401//3598
f 2400//3599 2412//3599 2411//3599
f 2427//3600 2416//3600 2414//3600
f 2411//3601 2415//3601 2426//3601
f 2430//3602 2416//3602 2427//3602
f 2426//3603 2415//3603 2429//3603
f 2433//3604 2428//3604 2427//3604
f 2426//3605 2425//3605 2432//3605
f 1790//3606 2433//3606 2427//3606
f 2426//3607 2432//3607 1789//3607
f 2439//3608 2433//3608 1790//3608
f 1789//3609 2432//3609 2438//3609
f 2453//3610 2439//3610 1790//3610
f 1789//3611 2438//3611 2452//3611
f 2454//3612 2453//3612 1790//3612
f 1789//3613 2452//3613 2451//3613
f 1792//3614 2454//3614 1790//3614
f 1789//3615 2451//3615 1791//3615
f 2468//3616 1794//3616 2465//3616
f 2464//3617 1793//3617 2467//3617
f 1792//3618 1794//3618 2468//3618
f 2467//3619 1793//3619 1791//3619
f 2386//3620 1792//3620 2468//3620
f 2467//3621 1791//3621 2385//3621
f 2408//3622 2386//3622 2468//3622
f 2467//3623 2385//3623 2405//3623
f 2420//3624 2408//3624 2468//3624
f 2467//3625 2405//3625 2417//3625
f 2424//3626 2420//3626 2468//3626
f 2467//3627 2417//3627 2423//3627
f 2470//3628 2424//3628 2468//3628
f 2467//3629 2423//3629 2469//3629
f 2446//3630 2424//3630 2470//3630
f 2469//3631 2423//3631 2443//3631
f 2450//3632 2446//3632 2470//3632
f 2469//3633 2443//3633 2449//3633
f 1812//3634 2450//3634 2470//3634
f 2469//3635 2449//3635 1811//3635
f 2505//3636 1814//3636 1816//3636
f 1815//3637 1813//3637 2504//3637
f 1818//3638 2505//3638 1816//3638
f 1815//3639 2504//3639 1817//3639
f 2506//3640 2505//3640 1818//3640
f 1817//3641 2504//3641 2503//3641
f 2511//3642 2506//3642 1818//3642
f 1817//3643 2503//3643 2510//3643
f 2526//3644 2511//3644 1818//3644
f 1817//3645 2510//3645 2523//3645
f 2531//3646 2526//3646 1818//3646
f 1817//3647 2523//3647 2530//3647
f 2528//3648 2526//3648 2531//3648
f 2530//3649 2523//3649 2527//3649
f 2534//3650 2528//3650 2531//3650
f 2530//3651 2527//3651 2533//3651
f 2537//3652 2532//3652 2531//3652
f 2530//3653 2529//3653 2536//3653
f 2534//3654 2532//3654 2537//3654
f 2536//3655 2529//3655 2533//3655
f 2488//3656 2534//3656 2537//3656
f 2536//3657 2533//3657 2487//3657
f 2528//3658 2534//3658 2488//3658
f 2487//3659 2533//3659 2527//3659
f 2525//3660 2528//3660 2488//3660
f 2487//3661 2527//3661 2524//3661
f 2484//3662 2525//3662 2488//3662
f 2487//3663 2524//3663 2481//3663
f 2514//3664 2525//3664 2484//3664
f 2481//3665 2524//3665 2513//3665
f 2480//3666 2514//3666 2484//3666
f 2481//3667 2513//3667 2479//3667
f 2478//3668 2480//3668 2484//3668
f 2481//3669 2479//3669 2477//3669
f 2508//3670 2514//3670 2480//3670
f 2479//3671 2513//3671 2507//3671
f 1814//3672 2508//3672 2480//3672
f 2479//3673 2507//3673 1813//3673
f 1812//3674 1814//3674 2480//3674
f 2479//3675 1813//3675 1811//3675
f 2476//3676 1812//3676 2480//3676
f 2479//3677 1811//3677 2473//3677
f 2460//3678 1812//3678 2476//3678
f 2473//3679 1811//3679 2457//3679
f 2462//3680 2460//3680 2476//3680
f 2473//3681 2457//3681 2461//3681
f 2450//3682 2460//3682 2459//3682
f 2458//3683 2457//3683 2449//3683
f 2448//3684 2450//3684 2459//3684
f 2458//3685 2449//3685 2447//3685
f 1812//3686 2460//3686 2450//3686
f 2449//3687 2457//3687 1811//3687
f 2505//3688 2508//3688 1814//3688
f 1813//3689 2507//3689 2504//3689
f 2514//3690 2508//3690 2506//3690
f 2503//3691 2507//3691 2513//3691
f 2511//3692 2514//3692 2506//3692
f 2503//3693 2513//3693 2510//3693
f 2525//3694 2512//3694 2511//3694
f 2510//3695 2509//3695 2524//3695
f 2526//3696 2525//3696 2511//3696
f 2510//3697 2524//3697 2523//3697
f 2514//3698 2512//3698 2525//3698
f 2524//3699 2509//3699 2513//3699
f 2422//3700 2424//3700 2446//3700
f 2443//3701 2423//3701 2421//3701
f 2410//3702 2408//3702 2420//3702
f 2417//3703 2405//3703 2409//3703
f 2386//3704 2408//3704 2407//3704
f 2406//3705 2405//3705 2385//3705
f 2384//3706 2386//3706 2407//3706
f 2406//3707 2385//3707 2383//3707
f 2382//3708 1792//3708 2386//3708
f 2385//3709 1791//3709 2379//3709
f 2360//3710 1792//3710 2382//3710
f 2379//3711 1791//3711 2359//3711
f 2358//3712 2360//3712 2382//3712
f 2379//3713 2359//3713 2357//3713
f 2440//3714 1792//3714 2360//3714
f 2359//3715 1791//3715 2437//3715
f 2442//3716 2440//3716 2360//3716
f 2359//3717 2437//3717 2441//3717
f 2436//3718 2442//3718 2360//3718
f 2359//3719 2441//3719 2435//3719
f 2356//3720 2436//3720 2360//3720
f 2359//3721 2435//3721 2353//3721
f 2430//3722 2436//3722 2356//3722
f 2353//3723 2435//3723 2429//3723
f 2416//3724 2430//3724 2356//3724
f 2353//3725 2429//3725 2415//3725
f 2344//3726 2416//3726 2356//3726
f 2353//3727 2415//3727 2341//3727
f 2346//3728 2344//3728 2356//3728
f 2353//3729 2341//3729 2345//3729
f 2428//3730 2436//3730 2430//3730
f 2429//3731 2435//3731 2425//3731
f 2433//3732 2436//3732 2428//3732
f 2425//3733 2435//3733 2432//3733
f 2439//3734 2434//3734 2433//3734
f 2432//3735 2431//3735 2438//3735
f 2442//3736 2434//3736 2439//3736
f 2438//3737 2431//3737 2441//3737
f 2453//3738 2440//3738 2439//3738
f 2438//3739 2437//3739 2452//3739
f 2456//3740 2440//3740 2453//3740
f 2452//3741 2437//3741 2455//3741
f 1792//3742 2456//3742 2454//3742
f 2451//3743 2455//3743 1791//3743
f 2440//3744 2456//3744 1792//3744
f 1791//3745 2455//3745 2437//3745
f 2436//3746 2434//3746 2442//3746
f 2441//3747 2431//3747 2435//3747
f 2404//3748 2402//3748 2413//3748
f 2412//3749 2399//3749 2403//3749
f 2398//3750 2396//3750 2404//3750
f 2403//3751 2393//3751 2397//3751
f 2392//3752 2390//3752 2398//3752
f 2397//3753 2387//3753 2391//3753
f 2370//3754 2369//3754 2375//3754
f 2374//3755 2368//3755 2367//3755
f 2372//3756 2370//3756 2375//3756
f 2374//3757 2367//3757 2371//3757
f 2364//3758 2369//3758 2372//3758
f 2371//3759 2368//3759 2361//3759
f 2366//3760 2364//3760 2372//3760
f 2371//3761 2361//3761 2365//3761
f 2491//3762 2486//3762 2488//3762
f 2487//3763 2485//3763 2490//3763
f 2492//3764 2491//3764 2488//3764
f 2487//3765 2490//3765 2489//3765
f 2314//3766 2312//3766 2328//3766
f 2327//3767 2309//3767 2313//3767
f 2575//3768 2578//3768 2522//3768
f 2521//3769 2577//3769 2574//3769
f 2572//3770 2575//3770 2522//3770
f 2521//3771 2574//3771 2571//3771
f 2569//3772 2572//3772 2522//3772
f 2521//3773 2571//3773 2568//3773
f 2566//3774 2569//3774 2522//3774
f 2521//3775 2568//3775 2565//3775
f 2563//3776 2566//3776 2522//3776
f 2521//3777 2565//3777 2562//3777
f 2560//3778 2563//3778 2522//3778
f 2521//3779 2562//3779 2559//3779
f 2557//3780 2560//3780 2522//3780
f 2521//3781 2559//3781 2556//3781
f 2554//3782 2557//3782 2522//3782
f 2521//3783 2556//3783 2553//3783
f 2551//3784 2554//3784 2522//3784
f 2521//3785 2553//3785 2550//3785
f 1774//3786 1776//3786 2517//3786
f 2516//3787 1775//3787 1773//3787
f 2262//3788 2267//3788 2270//3788
f 2269//3789 2266//3789 2259//3789
f 2264//3790 2262//3790 2270//3790
f 2269//3791 2259//3791 2263//3791
f 1868//3792 1870//3792 1860//3792
f 1859//3793 1869//3793 1867//3793
f 1862//3794 1868//3794 1860//3794
f 1859//3795 1867//3795 1861//3795
f 1866//3796 1868//3796 1862//3796
f 1861//3797 1867//3797 1865//3797
f 1654//3798 2032//3798 1652//3798
f 1651//3799 2031//3799 1653//3799
f 2032//3800 1654//3800 2030//3800
f 2029//3801 1653//3801 2031//3801
f 1636//3802 1646//3802 1648//3802
f 1647//3803 1645//3803 1635//3803
f 2000//3804 1636//3804 1648//3804
f 1647//3805 1635//3805 1999//3805
f 2010//3806 1636//3806 2000//3806
f 1999//3807 1635//3807 2009//3807
f 2012//3808 1636//3808 2010//3808
f 2009//3809 1635//3809 2011//3809
f 124//3810 126//3810 118//3810
f 117//3811 125//3811 123//3811
f 1618//3812 1624//3812 1626//3812
f 1625//3813 1623//3813 1617//3813
f 1628//3814 1618//3814 1626//3814
f 1625//3815 1617//3815 1627//3815
f 1616//3816 1618//3816 1628//3816
f 1627//3817 1617//3817 1615//3817
f 1630//3818 1616//3818 1628//3818
f 1627//3819 1615//3819 1629//3819
f 1614//3820 1616//3820 1630//3820
f 1629//3821 1615//3821 1613//3821
f 1598//3822 1982//3822 1984//3822
f 1983//3823 1981//3823 1597//3823
f 1592//3824 1598//3824 1984//3824
f 1983//3825 1597//3825 1591//3825
f 1986//3826 1592//3826 1984//3826
f 1983//3827 1591//3827 1985//3827
f 1590//3828 1986//3828 1988//3828
f 1987//3829 1985//3829 1589//3829
f 1592//3830 1986//3830 1590//3830
f 1589//3831 1985//3831 1591//3831
f 1600//3832 1982//3832 1598//3832
f 1597//3833 1981//3833 1599//3833
f 1576//3834 1942//3834 1944//3834
f 1943//3835 1941//3835 1575//3835
f 1570//3836 1576//3836 1944//3836
f 1943//3837 1575//3837 1569//3837
f 1946//3838 1570//3838 1944//3838
f 1943//3839 1569//3839 1945//3839
f 1568//3840 1946//3840 1948//3840
f 1947//3841 1945//3841 1567//3841
f 1570//3842 1946//3842 1568//3842
f 1567//3843 1945//3843 1569//3843
f 1464//3844 1522//3844 1462//3844
f 1461//3845 1521//3845 1463//3845
f 1522//3846 1464//3846 1466//3846
f 1465//3847 1463//3847 1521//3847
f 1468//3848 1522//3848 1466//3848
f 1465//3849 1521//3849 1467//3849
f 1520//3850 1468//3850 1470//3850
f 1469//3851 1467//3851 1519//3851
f 1522//3852 1468//3852 1520//3852
f 1519//3853 1467//3853 1521//3853
f 332//3854 302//3854 330//3854
f 329//3855 301//3855 331//3855
f 266//3856 302//3856 332//3856
f 331//3857 301//3857 265//3857
f 264//3858 266//3858 332//3858
f 331//3859 265//3859 263//3859
f 288//3860 266//3860 268//3860
f 267//3861 265//3861 287//3861
f 302//3862 266//3862 288//3862
f 287//3863 265//3863 301//3863
f 154//3864 140//3864 144//3864
f 143//3865 139//3865 153//3865
f 156//3866 140//3866 154//3866
f 153//3867 139//3867 155//3867
f 276//3868 278//3868 274//3868
f 273//3869 277//3869 275//3869
