# Generated from CN441122_filled_aids.yaml
mtllib chart_obstacle_002.mtl
o chart_obstacle_002
usemtl chart_land
v -1896.983834 1907.715047 -5.000000
v -1906.983834 1903.715047 -5.000000
v -1906.983834 1903.715047 3.000000
v -1896.983834 1907.715047 3.000000
v -1921.569621 1891.129260 -5.000000
v -1921.569621 1891.129260 3.000000
v -1939.569621 1847.129260 -5.000000
v -1939.569621 1847.129260 3.000000
v -1973.569621 1817.715047 -5.000000
v -1973.569621 1817.715047 3.000000
v -1983.569621 1805.129260 -5.000000
v -1983.569621 1805.129260 3.000000
v -1989.569621 1791.129260 -5.000000
v -1989.569621 1791.129260 3.000000
v -1993.569621 1769.129260 -5.000000
v -1993.569621 1769.129260 3.000000
v -2002.983834 1759.715047 -5.000000
v -2002.983834 1759.715047 3.000000
v -2014.155407 1761.715047 -5.000000
v -2014.155407 1761.715047 3.000000
v -2046.155407 1777.715047 -5.000000
v -2046.155407 1777.715047 3.000000
v -2084.155407 1813.715047 -5.000000
v -2084.155407 1813.715047 3.000000
v -2114.155407 1829.715047 -5.000000
v -2114.155407 1829.715047 3.000000
v -2119.569621 1829.715047 -5.000000
v -2119.569621 1829.715047 3.000000
v -2115.569621 1768.300833 -5.000000
v -2115.569621 1768.300833 3.000000
v -2087.569621 539.715047 -5.000000
v -2087.569621 539.715047 3.000000
v -2077.983834 538.715047 -5.000000
v -2077.983834 538.715047 3.000000
v -2084.983834 537.715047 -5.000000
v -2084.983834 537.715047 3.000000
v -2087.569621 531.715047 -5.000000
v -2087.569621 531.715047 3.000000
v -2052.155407 539.715047 -5.000000
v -2052.155407 539.715047 3.000000
v -2028.983834 539.715047 -5.000000
v -2028.983834 539.715047 3.000000
v -1978.983834 527.715047 -5.000000
v -1978.983834 527.715047 3.000000
v -1938.983834 507.715047 -5.000000
v -1938.983834 507.715047 3.000000
v -1875.569621 468.300833 -5.000000
v -1875.569621 468.300833 3.000000
v -1891.569621 425.715047 -5.000000
v -1891.569621 425.715047 3.000000
v -1888.155407 425.715047 -5.000000
v -1888.155407 425.715047 3.000000
v -1883.569621 432.300833 -5.000000
v -1883.569621 432.300833 3.000000
v -1868.569621 473.300833 -5.000000
v -1868.569621 473.300833 3.000000
v -1830.983834 461.715047 -5.000000
v -1830.983834 461.715047 3.000000
v -1794.983834 463.715047 -5.000000
v -1794.983834 463.715047 3.000000
v -1795.569621 455.129260 -5.000000
v -1795.569621 455.129260 3.000000
v -1813.569621 409.129260 -5.000000
v -1813.569621 409.129260 3.000000
v -1833.569621 413.715047 -5.000000
v -1833.569621 413.715047 3.000000
v -1830.983834 407.715047 -5.000000
v -1830.983834 407.715047 3.000000
v -1818.983834 405.715047 -5.000000
v -1818.983834 405.715047 3.000000
v -1815.569621 402.300833 -5.000000
v -1815.569621 402.300833 3.000000
v -1817.569621 395.129260 -5.000000
v -1817.569621 395.129260 3.000000
v -1824.155407 393.715047 -5.000000
v -1824.155407 393.715047 3.000000
v -1837.569621 397.715047 -5.000000
v -1837.569621 397.715047 3.000000
v -1837.569621 393.715047 -5.000000
v -1837.569621 393.715047 3.000000
v -1806.983834 381.715047 -5.000000
v -1806.983834 381.715047 3.000000
v -1797.569621 379.715047 -5.000000
v -1797.569621 379.715047 3.000000
v -1800.155407 385.715047 -5.000000
v -1800.155407 385.715047 3.000000
v -1815.155407 390.715047 -5.000000
v -1815.155407 390.715047 3.000000
v -1813.569621 396.300833 -5.000000
v -1813.569621 396.300833 3.000000
v -1810.155407 401.715047 -5.000000
v -1810.155407 401.715047 3.000000
v -1791.569621 397.715047 -5.000000
v -1791.569621 397.715047 3.000000
v -1791.569621 401.715047 -5.000000
v -1791.569621 401.715047 3.000000
v -1809.569621 408.300833 -5.000000
v -1809.569621 408.300833 3.000000
v -1789.569621 460.300833 -5.000000
v -1789.569621 460.300833 3.000000
v -1780.983834 461.715047 -5.000000
v -1780.983834 461.715047 3.000000
v -1710.983834 443.715047 -5.000000
v -1710.983834 443.715047 3.000000
v -1646.983834 399.715047 -5.000000
v -1646.983834 399.715047 3.000000
v -1606.983834 379.715047 -5.000000
v -1606.983834 379.715047 3.000000
v -1488.983834 331.715047 -5.000000
v -1488.983834 331.715047 3.000000
v -1487.569621 325.129260 -5.000000
v -1487.569621 325.129260 3.000000
v -1499.569621 273.129260 -5.000000
v -1499.569621 273.129260 3.000000
v -1499.569621 260.300833 -5.000000
v -1499.569621 260.300833 3.000000
v -1397.569621 100.300833 -5.000000
v -1397.569621 100.300833 3.000000
v -1403.569621 23.129260 -5.000000
v -1403.569621 23.129260 3.000000
v -1407.569621 11.129260 -5.000000
v -1407.569621 11.129260 3.000000
v -1412.983834 5.715047 -5.000000
v -1412.983834 5.715047 3.000000
v -1420.569621 4.129260 -5.000000
v -1420.569621 4.129260 3.000000
v -1426.155407 7.715047 -5.000000
v -1426.155407 7.715047 3.000000
v -1507.569621 67.129260 -5.000000
v -1507.569621 67.129260 3.000000
v -1497.569621 89.715047 -5.000000
v -1497.569621 89.715047 3.000000
v -1503.569621 89.715047 -5.000000
v -1503.569621 89.715047 3.000000
v -1511.569621 71.129260 -5.000000
v -1511.569621 71.129260 3.000000
v -1516.155407 69.715047 -5.000000
v -1516.155407 69.715047 3.000000
v -1584.155407 101.715047 -5.000000
v -1584.155407 101.715047 3.000000
v -1579.569621 103.715047 -5.000000
v -1579.569621 103.715047 3.000000
v -1579.569621 107.129260 -5.000000
v -1579.569621 107.129260 3.000000
v -1586.155407 111.715047 -5.000000
v -1586.155407 111.715047 3.000000
v -1624.155407 129.715047 -5.000000
v -1624.155407 129.715047 3.000000
v -1676.155407 147.715047 -5.000000
v -1676.155407 147.715047 3.000000
v -1744.155407 163.715047 -5.000000
v -1744.155407 163.715047 3.000000
v -1806.155407 167.715047 -5.000000
v -1806.155407 167.715047 3.000000
v -1890.155407 181.715047 -5.000000
v -1890.155407 181.715047 3.000000
v -1932.155407 193.715047 -5.000000
v -1932.155407 193.715047 3.000000
v -2008.155407 221.715047 -5.000000
v -2008.155407 221.715047 3.000000
v -2068.155407 247.715047 -5.000000
v -2068.155407 247.715047 3.000000
v -2079.569621 249.715047 -5.000000
v -2079.569621 249.715047 3.000000
v -2079.569621 245.715047 -5.000000
v -2079.569621 245.715047 3.000000
v -2075.983834 244.715047 -5.000000
v -2075.983834 244.715047 3.000000
v -2079.569621 243.715047 -5.000000
v -2079.569621 243.715047 3.000000
v -2079.569621 210.300833 -5.000000
v -2079.569621 210.300833 3.000000
v -2073.569621 -4.284953 -5.000000
v -2073.569621 -4.284953 3.000000
v -1854.983834 -70.284953 -5.000000
v -1854.983834 -70.284953 3.000000
v -1646.983834 -138.284953 -5.000000
v -1646.983834 -138.284953 3.000000
v -1643.569621 -142.870740 -5.000000
v -1643.569621 -142.870740 3.000000
v -1653.569621 -172.870740 -5.000000
v -1653.569621 -172.870740 3.000000
v -1656.983834 -178.284953 -5.000000
v -1656.983834 -178.284953 3.000000
v -1665.569621 -180.870740 -5.000000
v -1665.569621 -180.870740 3.000000
v -1713.569621 -322.870740 -5.000000
v -1713.569621 -322.870740 3.000000
v -1713.569621 -326.284953 -5.000000
v -1713.569621 -326.284953 3.000000
v -1700.155407 -332.284953 -5.000000
v -1700.155407 -332.284953 3.000000
v -1664.155407 -236.284953 -5.000000
v -1664.155407 -236.284953 3.000000
v -1652.983834 -240.284953 -5.000000
v -1652.983834 -240.284953 3.000000
v -1651.569621 -246.284953 -5.000000
v -1651.569621 -246.284953 3.000000
v -1646.983834 -248.284953 -5.000000
v -1646.983834 -248.284953 3.000000
v -1591.569621 -264.284953 -5.000000
v -1591.569621 -264.284953 3.000000
v -1589.569621 -252.870740 -5.000000
v -1589.569621 -252.870740 3.000000
v -1592.155407 -250.284953 -5.000000
v -1592.155407 -250.284953 3.000000
v -1640.155407 -234.284953 -5.000000
v -1640.155407 -234.284953 3.000000
v -1652.155407 -236.284953 -5.000000
v -1652.155407 -236.284953 3.000000
v -1663.569621 -230.870740 -5.000000
v -1663.569621 -230.870740 3.000000
v -1648.155407 -188.284953 -5.000000
v -1648.155407 -188.284953 3.000000
v -1636.983834 -192.284953 -5.000000
v -1636.983834 -192.284953 3.000000
v -1635.569621 -198.284953 -5.000000
v -1635.569621 -198.284953 3.000000
v -1600.983834 -210.284953 -5.000000
v -1600.983834 -210.284953 3.000000
v -1595.569621 -210.284953 -5.000000
v -1595.569621 -210.284953 3.000000
v -1593.569621 -205.699167 -5.000000
v -1593.569621 -205.699167 3.000000
v -1596.155407 -198.284953 -5.000000
v -1596.155407 -198.284953 3.000000
v -1630.155407 -186.284953 -5.000000
v -1630.155407 -186.284953 3.000000
v -1636.155407 -188.284953 -5.000000
v -1636.155407 -188.284953 3.000000
v -1645.569621 -182.870740 -5.000000
v -1645.569621 -182.870740 3.000000
v -1632.155407 -144.284953 -5.000000
v -1632.155407 -144.284953 3.000000
v -1554.983834 -164.284953 -5.000000
v -1554.983834 -164.284953 3.000000
v -1424.983834 -212.284953 -5.000000
v -1424.983834 -212.284953 3.000000
v -1344.983834 -252.284953 -5.000000
v -1344.983834 -252.284953 3.000000
v -1242.569621 -296.699167 -5.000000
v -1242.569621 -296.699167 3.000000
v -1225.569621 -267.699167 -5.000000
v -1225.569621 -267.699167 3.000000
v -1223.569621 -255.699167 -5.000000
v -1223.569621 -255.699167 3.000000
v -1223.569621 -236.870740 -5.000000
v -1223.569621 -236.870740 3.000000
v -1237.569621 -186.870740 -5.000000
v -1237.569621 -186.870740 3.000000
v -1283.569621 -116.870740 -5.000000
v -1283.569621 -116.870740 3.000000
v -1315.569621 -80.870740 -5.000000
v -1315.569621 -80.870740 3.000000
v -1373.569621 -26.870740 -5.000000
v -1373.569621 -26.870740 3.000000
v -1389.569621 -2.870740 -5.000000
v -1389.569621 -2.870740 3.000000
v -1383.569621 34.300833 -5.000000
v -1383.569621 34.300833 3.000000
v -1380.155407 39.715047 -5.000000
v -1380.155407 39.715047 3.000000
v -1290.983834 7.715047 -5.000000
v -1290.983834 7.715047 3.000000
v -1268.983834 3.715047 -5.000000
v -1268.983834 3.715047 3.000000
v -1223.569621 -35.699167 -5.000000
v -1223.569621 -35.699167 3.000000
v -1209.569621 -89.699167 -5.000000
v -1209.569621 -89.699167 3.000000
v -1185.569621 -135.699167 -5.000000
v -1185.569621 -135.699167 3.000000
v -1179.569621 -145.699167 -5.000000
v -1179.569621 -145.699167 3.000000
v -1131.569621 -193.699167 -5.000000
v -1131.569621 -193.699167 3.000000
v -1127.569621 -201.699167 -5.000000
v -1127.569621 -201.699167 3.000000
v -1121.983834 -217.284953 -5.000000
v -1121.983834 -217.284953 3.000000
v -1129.569621 -224.870740 -5.000000
v -1129.569621 -224.870740 3.000000
v -1127.569621 -235.699167 -5.000000
v -1127.569621 -235.699167 3.000000
v -1114.155407 -246.284953 -5.000000
v -1114.155407 -246.284953 3.000000
v -1100.569621 -230.699167 -5.000000
v -1100.569621 -230.699167 3.000000
v -1046.983834 -278.284953 -5.000000
v -1046.983834 -278.284953 3.000000
v -1025.569621 -299.699167 -5.000000
v -1025.569621 -299.699167 3.000000
v -1015.569621 -315.699167 -5.000000
v -1015.569621 -315.699167 3.000000
v -1030.983834 -350.284953 -5.000000
v -1030.983834 -350.284953 3.000000
v -1066.155407 -352.284953 -5.000000
v -1066.155407 -352.284953 3.000000
v -1104.155407 -340.284953 -5.000000
v -1104.155407 -340.284953 3.000000
v -1154.155407 -306.284953 -5.000000
v -1154.155407 -306.284953 3.000000
v -1196.983834 -306.284953 -5.000000
v -1196.983834 -306.284953 3.000000
v -1209.569621 -316.870740 -5.000000
v -1209.569621 -316.870740 3.000000
v -1209.569621 -323.699167 -5.000000
v -1209.569621 -323.699167 3.000000
v -1171.983834 -357.284953 -5.000000
v -1171.983834 -357.284953 3.000000
v -1208.983834 -404.284953 -5.000000
v -1208.983834 -404.284953 3.000000
v -1213.569621 -399.699167 -5.000000
v -1213.569621 -399.699167 3.000000
v -1193.569621 -373.699167 -5.000000
v -1193.569621 -373.699167 3.000000
v -1196.155407 -364.284953 -5.000000
v -1196.155407 -364.284953 3.000000
v -1205.569621 -366.284953 -5.000000
v -1205.569621 -366.284953 3.000000
v -1224.569621 -391.870740 -5.000000
v -1224.569621 -391.870740 3.000000
v -1235.155407 -383.284953 -5.000000
v -1235.155407 -383.284953 3.000000
v -1215.569621 -357.699167 -5.000000
v -1215.569621 -357.699167 3.000000
v -1215.569621 -348.284953 -5.000000
v -1215.569621 -348.284953 3.000000
v -1224.983834 -348.284953 -5.000000
v -1224.983834 -348.284953 3.000000
v -1229.569621 -352.870740 -5.000000
v -1229.569621 -352.870740 3.000000
v -1243.569621 -372.870740 -5.000000
v -1243.569621 -372.870740 3.000000
v -1249.569621 -376.284953 -5.000000
v -1249.569621 -376.284953 3.000000
v -1253.569621 -387.699167 -5.000000
v -1253.569621 -387.699167 3.000000
v -1198.983834 -430.284953 -5.000000
v -1198.983834 -430.284953 3.000000
v -1188.155407 -434.284953 -5.000000
v -1188.155407 -434.284953 3.000000
v -1179.569621 -432.284953 -5.000000
v -1179.569621 -432.284953 3.000000
v -1161.569621 -405.699167 -5.000000
v -1161.569621 -405.699167 3.000000
v -1159.569621 -394.870740 -5.000000
v -1159.569621 -394.870740 3.000000
v -1168.983834 -392.284953 -5.000000
v -1168.983834 -392.284953 3.000000
v -1188.569621 -419.870740 -5.000000
v -1188.569621 -419.870740 3.000000
v -1201.155407 -409.284953 -5.000000
v -1201.155407 -409.284953 3.000000
v -1169.569621 -369.699167 -5.000000
v -1169.569621 -369.699167 3.000000
v -1164.569621 -364.699167 -5.000000
v -1164.569621 -364.699167 3.000000
v -1160.983834 -366.284953 -5.000000
v -1160.983834 -366.284953 3.000000
v -1079.983834 -439.284953 -5.000000
v -1079.983834 -439.284953 3.000000
v -1097.569621 -464.870740 -5.000000
v -1097.569621 -464.870740 3.000000
v -1104.983834 -470.284953 -5.000000
v -1104.983834 -470.284953 3.000000
v -1116.155407 -466.284953 -5.000000
v -1116.155407 -466.284953 3.000000
v -1154.155407 -436.284953 -5.000000
v -1154.155407 -436.284953 3.000000
v -1158.983834 -436.284953 -5.000000
v -1158.983834 -436.284953 3.000000
v -1163.569621 -440.870740 -5.000000
v -1163.569621 -440.870740 3.000000
v -1169.569621 -448.870740 -5.000000
v -1169.569621 -448.870740 3.000000
v -1169.569621 -453.699167 -5.000000
v -1169.569621 -453.699167 3.000000
v -880.983834 -678.284953 -5.000000
v -880.983834 -678.284953 3.000000
v -866.155407 -686.284953 -5.000000
v -866.155407 -686.284953 3.000000
v -855.569621 -668.870740 -5.000000
v -855.569621 -668.870740 3.000000
v -909.569621 -626.870740 -5.000000
v -909.569621 -626.870740 3.000000
v -909.569621 -617.699167 -5.000000
v -909.569621 -617.699167 3.000000
v -900.155407 -608.284953 -5.000000
v -900.155407 -608.284953 3.000000
v -890.983834 -606.284953 -5.000000
v -890.983834 -606.284953 3.000000
v -882.983834 -612.284953 -5.000000
v -882.983834 -612.284953 3.000000
v -841.569621 -651.699167 -5.000000
v -841.569621 -651.699167 3.000000
v -779.569621 -719.699167 -5.000000
v -779.569621 -719.699167 3.000000
v -771.569621 -729.699167 -5.000000
v -771.569621 -729.699167 3.000000
v -775.569621 -737.699167 -5.000000
v -775.569621 -737.699167 3.000000
v -767.569621 -748.870740 -5.000000
v -767.569621 -748.870740 3.000000
v -774.569621 -755.870740 -5.000000
v -774.569621 -755.870740 3.000000
v -782.569621 -747.870740 -5.000000
v -782.569621 -747.870740 3.000000
v -784.569621 -749.870740 -5.000000
v -784.569621 -749.870740 3.000000
v -830.155407 -702.284953 -5.000000
v -830.155407 -702.284953 3.000000
v -841.983834 -711.284953 -5.000000
v -841.983834 -711.284953 3.000000
v -704.983834 -858.284953 -5.000000
v -704.983834 -858.284953 3.000000
v -693.569621 -851.699167 -5.000000
v -693.569621 -851.699167 3.000000
v -693.569621 -846.870740 -5.000000
v -693.569621 -846.870740 3.000000
v -715.569621 -824.870740 -5.000000
v -715.569621 -824.870740 3.000000
v -721.155407 -817.284953 -5.000000
v -721.155407 -817.284953 3.000000
v -719.155407 -815.284953 -5.000000
v -719.155407 -815.284953 3.000000
v -727.155407 -807.284953 -5.000000
v -727.155407 -807.284953 3.000000
v -716.983834 -800.284953 -5.000000
v -716.983834 -800.284953 3.000000
v -707.569621 -812.284953 -5.000000
v -707.569621 -812.284953 3.000000
v -702.155407 -812.284953 -5.000000
v -702.155407 -812.284953 3.000000
v -688.569621 -798.699167 -5.000000
v -688.569621 -798.699167 3.000000
v -661.983834 -827.284953 -5.000000
v -661.983834 -827.284953 3.000000
v -679.569621 -840.870740 -5.000000
v -679.569621 -840.870740 3.000000
v -677.569621 -847.699167 -5.000000
v -677.569621 -847.699167 3.000000
v -627.569621 -901.699167 -5.000000
v -627.569621 -901.699167 3.000000
v -633.983834 -909.284953 -5.000000
v -633.983834 -909.284953 3.000000
v -618.983834 -924.284953 -5.000000
v -618.983834 -924.284953 3.000000
v -586.569621 -896.699167 -5.000000
v -586.569621 -896.699167 3.000000
v -580.983834 -904.284953 -5.000000
v -580.983834 -904.284953 3.000000
v -574.155407 -904.284953 -5.000000
v -574.155407 -904.284953 3.000000
v -556.155407 -884.284953 -5.000000
v -556.155407 -884.284953 3.000000
v -548.983834 -880.284953 -5.000000
v -548.983834 -880.284953 3.000000
v -533.983834 -899.284953 -5.000000
v -533.983834 -899.284953 3.000000
v -541.569621 -906.870740 -5.000000
v -541.569621 -906.870740 3.000000
v -541.569621 -912.284953 -5.000000
v -541.569621 -912.284953 3.000000
v -538.155407 -912.284953 -5.000000
v -538.155407 -912.284953 3.000000
v -530.569621 -902.699167 -5.000000
v -530.569621 -902.699167 3.000000
v -503.569621 -929.699167 -5.000000
v -503.569621 -929.699167 3.000000
v -541.569621 -964.870740 -5.000000
v -541.569621 -964.870740 3.000000
v -541.569621 -981.699167 -5.000000
v -541.569621 -981.699167 3.000000
v -526.983834 -998.284953 -5.000000
v -526.983834 -998.284953 3.000000
v -516.155407 -998.284953 -5.000000
v -516.155407 -998.284953 3.000000
v -507.569621 -991.699167 -5.000000
v -507.569621 -991.699167 3.000000
v -486.569621 -946.699167 -5.000000
v -486.569621 -946.699167 3.000000
v -474.983834 -952.284953 -5.000000
v -474.983834 -952.284953 3.000000
v -388.155407 -952.284953 -5.000000
v -388.155407 -952.284953 3.000000
v -358.155407 -950.284953 -5.000000
v -358.155407 -950.284953 3.000000
v -348.569621 -946.699167 -5.000000
v -348.569621 -946.699167 3.000000
v -349.569621 -960.870740 -5.000000
v -349.569621 -960.870740 3.000000
v -373.569621 -1044.870740 -5.000000
v -373.569621 -1044.870740 3.000000
v -373.569621 -1050.284953 -5.000000
v -373.569621 -1050.284953 3.000000
v -368.983834 -1052.284953 -5.000000
v -368.983834 -1052.284953 3.000000
v 523.016166 -1186.284953 -5.000000
v 523.016166 -1186.284953 3.000000
v 526.430379 -1189.699167 -5.000000
v 526.430379 -1189.699167 3.000000
v 559.430379 -1006.699167 -5.000000
v 559.430379 -1006.699167 3.000000
v 562.430379 -1009.699167 -5.000000
v 562.430379 -1009.699167 3.000000
v 568.430379 -1087.699167 -5.000000
v 568.430379 -1087.699167 3.000000
v 572.430379 -1095.699167 -5.000000
v 572.430379 -1095.699167 3.000000
v 585.016166 -1106.284953 -5.000000
v 585.016166 -1106.284953 3.000000
v 701.844593 -1106.284953 -5.000000
v 701.844593 -1106.284953 3.000000
v 801.844593 -1100.284953 -5.000000
v 801.844593 -1100.284953 3.000000
v 870.430379 -1100.284953 -5.000000
v 870.430379 -1100.284953 3.000000
v 868.844593 -1095.284953 -5.000000
v 868.844593 -1095.284953 3.000000
v 872.430379 -1095.699167 -5.000000
v 872.430379 -1095.699167 3.000000
v 876.430379 -1196.870740 -5.000000
v 876.430379 -1196.870740 3.000000
v 870.430379 -1198.284953 -5.000000
v 870.430379 -1198.284953 3.000000
v 869.016166 -1206.284953 -5.000000
v 869.016166 -1206.284953 3.000000
v 672.430379 -1212.284953 -5.000000
v 672.430379 -1212.284953 3.000000
v 672.430379 -1226.284953 -5.000000
v 672.430379 -1226.284953 3.000000
v 892.430379 -1222.284953 -5.000000
v 892.430379 -1222.284953 3.000000
v 894.430379 -1208.870740 -5.000000
v 894.430379 -1208.870740 3.000000
v 884.430379 -1204.870740 -5.000000
v 884.430379 -1204.870740 3.000000
v 880.430379 -1114.870740 -5.000000
v 880.430379 -1114.870740 3.000000
v 880.430379 -1087.699167 -5.000000
v 880.430379 -1087.699167 3.000000
v 887.430379 -1080.699167 -5.000000
v 887.430379 -1080.699167 3.000000
v 890.430379 -1089.699167 -5.000000
v 890.430379 -1089.699167 3.000000
v 890.430379 -1116.284953 -5.000000
v 890.430379 -1116.284953 3.000000
v 897.844593 -1116.284953 -5.000000
v 897.844593 -1116.284953 3.000000
v 894.430379 -1112.870740 -5.000000
v 894.430379 -1112.870740 3.000000
v 892.430379 -1081.699167 -5.000000
v 892.430379 -1081.699167 3.000000
v 901.844593 -1076.284953 -5.000000
v 901.844593 -1076.284953 3.000000
v 995.016166 -1080.284953 -5.000000
v 995.016166 -1080.284953 3.000000
v 1016.430379 -1086.284953 -5.000000
v 1016.430379 -1086.284953 3.000000
v 1013.844593 -1080.284953 -5.000000
v 1013.844593 -1080.284953 3.000000
v 998.844593 -1077.284953 -5.000000
v 998.844593 -1077.284953 3.000000
v 1009.016166 -1076.284953 -5.000000
v 1009.016166 -1076.284953 3.000000
v 1071.016166 -1096.284953 -5.000000
v 1071.016166 -1096.284953 3.000000
v 1085.844593 -1096.284953 -5.000000
v 1085.844593 -1096.284953 3.000000
v 1185.844593 -1066.284953 -5.000000
v 1185.844593 -1066.284953 3.000000
v 1219.844593 -1052.284953 -5.000000
v 1219.844593 -1052.284953 3.000000
v 1246.430379 -1027.699167 -5.000000
v 1246.430379 -1027.699167 3.000000
v 1252.430379 -1015.699167 -5.000000
v 1252.430379 -1015.699167 3.000000
v 1256.430379 -989.699167 -5.000000
v 1256.430379 -989.699167 3.000000
v 1264.430379 -975.699167 -5.000000
v 1264.430379 -975.699167 3.000000
v 1264.430379 -956.870740 -5.000000
v 1264.430379 -956.870740 3.000000
v 1250.430379 -938.870740 -5.000000
v 1250.430379 -938.870740 3.000000
v 1244.430379 -924.870740 -5.000000
v 1244.430379 -924.870740 3.000000
v 1246.430379 -903.699167 -5.000000
v 1246.430379 -903.699167 3.000000
v 1294.430379 -821.699167 -5.000000
v 1294.430379 -821.699167 3.000000
v 1313.844593 -804.284953 -5.000000
v 1313.844593 -804.284953 3.000000
v 1353.844593 -784.284953 -5.000000
v 1353.844593 -784.284953 3.000000
v 1381.844593 -758.284953 -5.000000
v 1381.844593 -758.284953 3.000000
v 1437.844593 -720.284953 -5.000000
v 1437.844593 -720.284953 3.000000
v 1453.844593 -712.284953 -5.000000
v 1453.844593 -712.284953 3.000000
v 1501.844593 -698.284953 -5.000000
v 1501.844593 -698.284953 3.000000
v 1529.844593 -678.284953 -5.000000
v 1529.844593 -678.284953 3.000000
v 1547.844593 -672.284953 -5.000000
v 1547.844593 -672.284953 3.000000
v 1577.844593 -668.284953 -5.000000
v 1577.844593 -668.284953 3.000000
v 1601.844593 -658.284953 -5.000000
v 1601.844593 -658.284953 3.000000
v 1645.844593 -624.284953 -5.000000
v 1645.844593 -624.284953 3.000000
v 1682.430379 -587.699167 -5.000000
v 1682.430379 -587.699167 3.000000
v 1730.430379 -521.699167 -5.000000
v 1730.430379 -521.699167 3.000000
v 1750.430379 -481.699167 -5.000000
v 1750.430379 -481.699167 3.000000
v 1754.430379 -467.699167 -5.000000
v 1754.430379 -467.699167 3.000000
v 1752.430379 -434.870740 -5.000000
v 1752.430379 -434.870740 3.000000
v 1716.430379 -357.699167 -5.000000
v 1716.430379 -357.699167 3.000000
v 1789.844593 -280.284953 -5.000000
v 1789.844593 -280.284953 3.000000
v 1801.844593 -274.284953 -5.000000
v 1801.844593 -274.284953 3.000000
v 1823.016166 -274.284953 -5.000000
v 1823.016166 -274.284953 3.000000
v 1865.016166 -282.284953 -5.000000
v 1865.016166 -282.284953 3.000000
v 1955.016166 -312.284953 -5.000000
v 1955.016166 -312.284953 3.000000
v 2001.016166 -324.284953 -5.000000
v 2001.016166 -324.284953 3.000000
v 2083.016166 -324.284953 -5.000000
v 2083.016166 -324.284953 3.000000
v 2149.016166 -336.284953 -5.000000
v 2149.016166 -336.284953 3.000000
v 2171.016166 -346.284953 -5.000000
v 2171.016166 -346.284953 3.000000
v 2203.016166 -372.284953 -5.000000
v 2203.016166 -372.284953 3.000000
v 2226.430379 -407.699167 -5.000000
v 2226.430379 -407.699167 3.000000
v 2245.016166 -426.284953 -5.000000
v 2245.016166 -426.284953 3.000000
v 2283.016166 -448.284953 -5.000000
v 2283.016166 -448.284953 3.000000
v 2307.016166 -454.284953 -5.000000
v 2307.016166 -454.284953 3.000000
v 2353.844593 -456.284953 -5.000000
v 2353.844593 -456.284953 3.000000
v 2415.844593 -432.284953 -5.000000
v 2415.844593 -432.284953 3.000000
v 2457.844593 -390.284953 -5.000000
v 2457.844593 -390.284953 3.000000
v 2469.016166 -390.284953 -5.000000
v 2469.016166 -390.284953 3.000000
v 3511.016166 -566.284953 -5.000000
v 3511.016166 -566.284953 3.000000
v 4053.016166 -654.284953 -5.000000
v 4053.016166 -654.284953 3.000000
v 4247.016166 -690.284953 -5.000000
v 4247.016166 -690.284953 3.000000
v 4307.016166 -710.284953 -5.000000
v 4307.016166 -710.284953 3.000000
v 4371.016166 -740.284953 -5.000000
v 4371.016166 -740.284953 3.000000
v 4417.016166 -770.284953 -5.000000
v 4417.016166 -770.284953 3.000000
v 4500.430379 -847.699167 -5.000000
v 4500.430379 -847.699167 3.000000
v 4574.430379 -961.699167 -5.000000
v 4574.430379 -961.699167 3.000000
v 4692.430379 -1188.284953 -5.000000
v 4692.430379 -1188.284953 3.000000
v 4722.844593 -1173.284953 -5.000000
v 4722.844593 -1173.284953 3.000000
v 4640.430379 -1018.870740 -5.000000
v 4640.430379 -1018.870740 3.000000
v 4594.430379 -924.870740 -5.000000
v 4594.430379 -924.870740 3.000000
v 4514.430379 -814.870740 -5.000000
v 4514.430379 -814.870740 3.000000
v 4435.844593 -742.284953 -5.000000
v 4435.844593 -742.284953 3.000000
v 4385.844593 -710.284953 -5.000000
v 4385.844593 -710.284953 3.000000
v 4311.844593 -676.284953 -5.000000
v 4311.844593 -676.284953 3.000000
v 4257.844593 -658.284953 -5.000000
v 4257.844593 -658.284953 3.000000
v 4037.844593 -618.284953 -5.000000
v 4037.844593 -618.284953 3.000000
v 3801.844593 -582.284953 -5.000000
v 3801.844593 -582.284953 3.000000
v 2467.844593 -358.284953 -5.000000
v 2467.844593 -358.284953 3.000000
v 2454.430379 -331.699167 -5.000000
v 2454.430379 -331.699167 3.000000
v 2480.430379 -267.699167 -5.000000
v 2480.430379 -267.699167 3.000000
v 2484.430379 -253.699167 -5.000000
v 2484.430379 -253.699167 3.000000
v 2484.430379 -230.870740 -5.000000
v 2484.430379 -230.870740 3.000000
v 2468.430379 -194.870740 -5.000000
v 2468.430379 -194.870740 3.000000
v 2454.430379 -176.870740 -5.000000
v 2454.430379 -176.870740 3.000000
v 2446.430379 -158.870740 -5.000000
v 2446.430379 -158.870740 3.000000
v 2434.430379 -88.870740 -5.000000
v 2434.430379 -88.870740 3.000000
v 2422.430379 -66.870740 -5.000000
v 2422.430379 -66.870740 3.000000
v 2413.844593 -58.284953 -5.000000
v 2413.844593 -58.284953 3.000000
v 2397.844593 -50.284953 -5.000000
v 2397.844593 -50.284953 3.000000
v 2373.844593 -32.284953 -5.000000
v 2373.844593 -32.284953 3.000000
v 2323.844593 11.715047 -5.000000
v 2323.844593 11.715047 3.000000
v 2269.844593 45.715047 -5.000000
v 2269.844593 45.715047 3.000000
v 2237.844593 47.715047 -5.000000
v 2237.844593 47.715047 3.000000
v 2213.844593 55.715047 -5.000000
v 2213.844593 55.715047 3.000000
v 2196.430379 73.129260 -5.000000
v 2196.430379 73.129260 3.000000
v 2174.430379 107.129260 -5.000000
v 2174.430379 107.129260 3.000000
v 2161.844593 119.715047 -5.000000
v 2161.844593 119.715047 3.000000
v 2145.844593 129.715047 -5.000000
v 2145.844593 129.715047 3.000000
v 2119.844593 127.715047 -5.000000
v 2119.844593 127.715047 3.000000
v 2116.430379 131.129260 -5.000000
v 2116.430379 131.129260 3.000000
v 2118.430379 139.129260 -5.000000
v 2118.430379 139.129260 3.000000
v 2109.844593 149.715047 -5.000000
v 2109.844593 149.715047 3.000000
v 2099.844593 153.715047 -5.000000
v 2099.844593 153.715047 3.000000
v 2055.016166 153.715047 -5.000000
v 2055.016166 153.715047 3.000000
v 2031.016166 147.715047 -5.000000
v 2031.016166 147.715047 3.000000
v 2021.844593 149.715047 -5.000000
v 2021.844593 149.715047 3.000000
v 2010.430379 159.129260 -5.000000
v 2010.430379 159.129260 3.000000
v 1998.430379 185.715047 -5.000000
v 1998.430379 185.715047 3.000000
v 1901.844593 251.715047 -5.000000
v 1901.844593 251.715047 3.000000
v 1879.016166 253.715047 -5.000000
v 1879.016166 253.715047 3.000000
v 1779.016166 225.715047 -5.000000
v 1779.016166 225.715047 3.000000
v 1753.844593 227.715047 -5.000000
v 1753.844593 227.715047 3.000000
v 1717.844593 235.715047 -5.000000
v 1717.844593 235.715047 3.000000
v 1679.844593 253.715047 -5.000000
v 1679.844593 253.715047 3.000000
v 1581.844593 289.715047 -5.000000
v 1581.844593 289.715047 3.000000
v 1483.844593 313.715047 -5.000000
v 1483.844593 313.715047 3.000000
v 1421.844593 323.715047 -5.000000
v 1421.844593 323.715047 3.000000
v 1339.844593 349.715047 -5.000000
v 1339.844593 349.715047 3.000000
v 1265.844593 353.715047 -5.000000
v 1265.844593 353.715047 3.000000
v 1227.844593 371.715047 -5.000000
v 1227.844593 371.715047 3.000000
v 1181.844593 407.715047 -5.000000
v 1181.844593 407.715047 3.000000
v 1157.844593 413.715047 -5.000000
v 1157.844593 413.715047 3.000000
v 1101.844593 415.715047 -5.000000
v 1101.844593 415.715047 3.000000
v 1075.844593 425.715047 -5.000000
v 1075.844593 425.715047 3.000000
v 1047.844593 461.715047 -5.000000
v 1047.844593 461.715047 3.000000
v 1029.844593 465.715047 -5.000000
v 1029.844593 465.715047 3.000000
v 1013.844593 473.715047 -5.000000
v 1013.844593 473.715047 3.000000
v 997.844593 473.715047 -5.000000
v 997.844593 473.715047 3.000000
v 996.430379 483.715047 -5.000000
v 996.430379 483.715047 3.000000
v 981.844593 483.715047 -5.000000
v 981.844593 483.715047 3.000000
v 961.844593 507.715047 -5.000000
v 961.844593 507.715047 3.000000
v 943.016166 505.715047 -5.000000
v 943.016166 505.715047 3.000000
v 911.016166 489.715047 -5.000000
v 911.016166 489.715047 3.000000
v 873.016166 491.715047 -5.000000
v 873.016166 491.715047 3.000000
v 863.016166 487.715047 -5.000000
v 863.016166 487.715047 3.000000
v 843.844593 487.715047 -5.000000
v 843.844593 487.715047 3.000000
v 821.844593 493.715047 -5.000000
v 821.844593 493.715047 3.000000
v 803.016166 493.715047 -5.000000
v 803.016166 493.715047 3.000000
v 769.016166 473.715047 -5.000000
v 769.016166 473.715047 3.000000
v 739.016166 475.715047 -5.000000
v 739.016166 475.715047 3.000000
v 707.016166 459.715047 -5.000000
v 707.016166 459.715047 3.000000
v 681.016166 451.715047 -5.000000
v 681.016166 451.715047 3.000000
v 667.844593 451.715047 -5.000000
v 667.844593 451.715047 3.000000
v 655.844593 455.715047 -5.000000
v 655.844593 455.715047 3.000000
v 634.430379 489.129260 -5.000000
v 634.430379 489.129260 3.000000
v 623.844593 495.715047 -5.000000
v 623.844593 495.715047 3.000000
v 601.016166 495.715047 -5.000000
v 601.016166 495.715047 3.000000
v 593.016166 491.715047 -5.000000
v 593.016166 491.715047 3.000000
v 557.016166 455.715047 -5.000000
v 557.016166 455.715047 3.000000
v 543.016166 449.715047 -5.000000
v 543.016166 449.715047 3.000000
v 529.844593 449.715047 -5.000000
v 529.844593 449.715047 3.000000
v 481.844593 463.715047 -5.000000
v 481.844593 463.715047 3.000000
v 455.016166 463.715047 -5.000000
v 455.016166 463.715047 3.000000
v 405.016166 449.715047 -5.000000
v 405.016166 449.715047 3.000000
v 369.844593 445.715047 -5.000000
v 369.844593 445.715047 3.000000
v 351.844593 447.715047 -5.000000
v 351.844593 447.715047 3.000000
v 313.844593 459.715047 -5.000000
v 313.844593 459.715047 3.000000
v 287.844593 475.715047 -5.000000
v 287.844593 475.715047 3.000000
v 274.430379 491.129260 -5.000000
v 274.430379 491.129260 3.000000
v 248.430379 537.129260 -5.000000
v 248.430379 537.129260 3.000000
v 238.430379 579.129260 -5.000000
v 238.430379 579.129260 3.000000
v 244.430379 682.300833 -5.000000
v 244.430379 682.300833 3.000000
v 250.430379 702.300833 -5.000000
v 250.430379 702.300833 3.000000
v 260.430379 720.300833 -5.000000
v 260.430379 720.300833 3.000000
v 310.430379 770.300833 -5.000000
v 310.430379 770.300833 3.000000
v 324.430379 794.300833 -5.000000
v 324.430379 794.300833 3.000000
v 324.430379 811.129260 -5.000000
v 324.430379 811.129260 3.000000
v 320.430379 819.129260 -5.000000
v 320.430379 819.129260 3.000000
v 307.844593 829.715047 -5.000000
v 307.844593 829.715047 3.000000
v 289.016166 829.715047 -5.000000
v 289.016166 829.715047 3.000000
v 271.016166 821.715047 -5.000000
v 271.016166 821.715047 3.000000
v 215.016166 805.715047 -5.000000
v 215.016166 805.715047 3.000000
v 189.844593 805.715047 -5.000000
v 189.844593 805.715047 3.000000
v 173.844593 811.715047 -5.000000
v 173.844593 811.715047 3.000000
v 145.844593 831.715047 -5.000000
v 145.844593 831.715047 3.000000
v 121.016166 833.715047 -5.000000
v 121.016166 833.715047 3.000000
v 79.016166 821.715047 -5.000000
v 79.016166 821.715047 3.000000
v 17.016166 823.715047 -5.000000
v 17.016166 823.715047 3.000000
v -26.983834 809.715047 -5.000000
v -26.983834 809.715047 3.000000
v -94.983834 813.715047 -5.000000
v -94.983834 813.715047 3.000000
v -154.983834 803.715047 -5.000000
v -154.983834 803.715047 3.000000
v -174.155407 805.715047 -5.000000
v -174.155407 805.715047 3.000000
v -230.155407 823.715047 -5.000000
v -230.155407 823.715047 3.000000
v -284.983834 827.715047 -5.000000
v -284.983834 827.715047 3.000000
v -298.983834 821.715047 -5.000000
v -298.983834 821.715047 3.000000
v -334.983834 787.715047 -5.000000
v -334.983834 787.715047 3.000000
v -340.155407 787.715047 -5.000000
v -340.155407 787.715047 3.000000
v -372.155407 809.715047 -5.000000
v -372.155407 809.715047 3.000000
v -396.155407 817.715047 -5.000000
v -396.155407 817.715047 3.000000
v -440.983834 819.715047 -5.000000
v -440.983834 819.715047 3.000000
v -462.983834 813.715047 -5.000000
v -462.983834 813.715047 3.000000
v -472.983834 807.715047 -5.000000
v -472.983834 807.715047 3.000000
v -516.983834 763.715047 -5.000000
v -516.983834 763.715047 3.000000
v -608.983834 759.715047 -5.000000
v -608.983834 759.715047 3.000000
v -623.569621 747.129260 -5.000000
v -623.569621 747.129260 3.000000
v -640.983834 721.715047 -5.000000
v -640.983834 721.715047 3.000000
v -656.983834 715.715047 -5.000000
v -656.983834 715.715047 3.000000
v -682.155407 713.715047 -5.000000
v -682.155407 713.715047 3.000000
v -712.155407 723.715047 -5.000000
v -712.155407 723.715047 3.000000
v -784.155407 735.715047 -5.000000
v -784.155407 735.715047 3.000000
v -860.155407 759.715047 -5.000000
v -860.155407 759.715047 3.000000
v -902.155407 769.715047 -5.000000
v -902.155407 769.715047 3.000000
v -907.569621 797.715047 -5.000000
v -907.569621 797.715047 3.000000
v -912.155407 799.715047 -5.000000
v -912.155407 799.715047 3.000000
v -942.983834 791.715047 -5.000000
v -942.983834 791.715047 3.000000
v -966.155407 793.715047 -5.000000
v -966.155407 793.715047 3.000000
v -973.569621 801.129260 -5.000000
v -973.569621 801.129260 3.000000
v -975.569621 819.129260 -5.000000
v -975.569621 819.129260 3.000000
v -986.155407 837.715047 -5.000000
v -986.155407 837.715047 3.000000
v -1030.155407 837.715047 -5.000000
v -1030.155407 837.715047 3.000000
v -1054.155407 841.715047 -5.000000
v -1054.155407 841.715047 3.000000
v -1071.569621 855.129260 -5.000000
v -1071.569621 855.129260 3.000000
v -1075.569621 861.129260 -5.000000
v -1075.569621 861.129260 3.000000
v -1073.569621 873.715047 -5.000000
v -1073.569621 873.715047 3.000000
v -1080.155407 875.715047 -5.000000
v -1080.155407 875.715047 3.000000
v -1087.569621 875.715047 -5.000000
v -1087.569621 875.715047 3.000000
v -1088.983834 869.715047 -5.000000
v -1088.983834 869.715047 3.000000
v -1106.983834 871.715047 -5.000000
v -1106.983834 871.715047 3.000000
v -1112.983834 865.715047 -5.000000
v -1112.983834 865.715047 3.000000
v -1196.983834 861.715047 -5.000000
v -1196.983834 861.715047 3.000000
v -1262.983834 839.715047 -5.000000
v -1262.983834 839.715047 3.000000
v -1298.983834 833.715047 -5.000000
v -1298.983834 833.715047 3.000000
v -1306.155407 833.715047 -5.000000
v -1306.155407 833.715047 3.000000
v -1326.155407 841.715047 -5.000000
v -1326.155407 841.715047 3.000000
v -1356.155407 863.715047 -5.000000
v -1356.155407 863.715047 3.000000
v -1370.155407 869.715047 -5.000000
v -1370.155407 869.715047 3.000000
v -1406.155407 869.715047 -5.000000
v -1406.155407 869.715047 3.000000
v -1439.569621 931.129260 -5.000000
v -1439.569621 931.129260 3.000000
v -1479.569621 983.129260 -5.000000
v -1479.569621 983.129260 3.000000
v -1595.569621 1119.129260 -5.000000
v -1595.569621 1119.129260 3.000000
v -1617.569621 1153.129260 -5.000000
v -1617.569621 1153.129260 3.000000
v -1621.155407 1160.715047 -5.000000
v -1621.155407 1160.715047 3.000000
v -1587.569621 1186.300833 -5.000000
v -1587.569621 1186.300833 3.000000
v -1585.569621 1211.129260 -5.000000
v -1585.569621 1211.129260 3.000000
v -1593.569621 1227.129260 -5.000000
v -1593.569621 1227.129260 3.000000
v -1602.155407 1235.715047 -5.000000
v -1602.155407 1235.715047 3.000000
v -1614.155407 1239.715047 -5.000000
v -1614.155407 1239.715047 3.000000
v -1634.983834 1239.715047 -5.000000
v -1634.983834 1239.715047 3.000000
v -1668.983834 1231.715047 -5.000000
v -1668.983834 1231.715047 3.000000
v -1692.155407 1233.715047 -5.000000
v -1692.155407 1233.715047 3.000000
v -1714.155407 1241.715047 -5.000000
v -1714.155407 1241.715047 3.000000
v -1727.569621 1257.129260 -5.000000
v -1727.569621 1257.129260 3.000000
v -1733.569621 1281.129260 -5.000000
v -1733.569621 1281.129260 3.000000
v -1737.569621 1382.300833 -5.000000
v -1737.569621 1382.300833 3.000000
v -1731.569621 1428.300833 -5.000000
v -1731.569621 1428.300833 3.000000
v -1711.569621 1470.300833 -5.000000
v -1711.569621 1470.300833 3.000000
v -1711.569621 1499.129260 -5.000000
v -1711.569621 1499.129260 3.000000
v -1719.569621 1529.129260 -5.000000
v -1719.569621 1529.129260 3.000000
v -1721.569621 1552.300833 -5.000000
v -1721.569621 1552.300833 3.000000
v -1713.569621 1574.300833 -5.000000
v -1713.569621 1574.300833 3.000000
v -1697.569621 1602.300833 -5.000000
v -1697.569621 1602.300833 3.000000
v -1695.569621 1649.129260 -5.000000
v -1695.569621 1649.129260 3.000000
v -1699.569621 1673.129260 -5.000000
v -1699.569621 1673.129260 3.000000
v -1723.569621 1723.129260 -5.000000
v -1723.569621 1723.129260 3.000000
v -1742.155407 1743.715047 -5.000000
v -1742.155407 1743.715047 3.000000
v -1778.155407 1751.715047 -5.000000
v -1778.155407 1751.715047 3.000000
v -1808.155407 1751.715047 -5.000000
v -1808.155407 1751.715047 3.000000
v -1825.569621 1765.129260 -5.000000
v -1825.569621 1765.129260 3.000000
v -1825.569621 1784.300833 -5.000000
v -1825.569621 1784.300833 3.000000
v -1821.569621 1794.300833 -5.000000
v -1821.569621 1794.300833 3.000000
v -1799.569621 1814.300833 -5.000000
v -1799.569621 1814.300833 3.000000
v -1793.569621 1826.300833 -5.000000
v -1793.569621 1826.300833 3.000000
v -1793.569621 1849.129260 -5.000000
v -1793.569621 1849.129260 3.000000
v -1799.569621 1865.129260 -5.000000
v -1799.569621 1865.129260 3.000000
v -1818.155407 1883.715047 -5.000000
v -1818.155407 1883.715047 3.000000
v -1842.155407 1897.715047 -5.000000
v -1842.155407 1897.715047 3.000000
v -1872.155407 1907.715047 -5.000000
v -1872.155407 1907.715047 3.000000
v 995.430379 472.129260 -5.000000
v 995.430379 473.300833 -5.000000
v 995.430379 473.300833 3.000000
v 995.430379 472.129260 3.000000
v 996.016166 472.715047 -5.000000
v 996.016166 472.715047 3.000000
v 993.016166 -1076.284953 -5.000000
v 975.844593 -1074.284953 -5.000000
v 975.844593 -1074.284953 3.000000
v 993.016166 -1076.284953 3.000000
v 994.016166 -1075.284953 -5.000000
v 994.016166 -1075.284953 3.000000
v 967.016166 -1074.284953 -5.000000
v 951.844593 -1072.284953 -5.000000
v 951.844593 -1072.284953 3.000000
v 967.016166 -1074.284953 3.000000
v 968.016166 -1073.284953 -5.000000
v 968.016166 -1073.284953 3.000000
v 941.016166 -1072.284953 -5.000000
v 899.844593 -1070.284953 -5.000000
v 899.844593 -1070.284953 3.000000
v 941.016166 -1072.284953 3.000000
v 942.016166 -1071.284953 -5.000000
v 942.016166 -1071.284953 3.000000
v 897.430379 -1073.870740 -5.000000
v 897.430379 -1072.699167 -5.000000
v 897.430379 -1072.699167 3.000000
v 897.430379 -1073.870740 3.000000
v 898.016166 -1073.284953 -5.000000
v 898.016166 -1073.284953 3.000000
v 861.016166 -1096.284953 -5.000000
v 835.844593 -1094.284953 -5.000000
v 835.844593 -1094.284953 3.000000
v 861.016166 -1096.284953 3.000000
v 862.016166 -1095.284953 -5.000000
v 862.016166 -1095.284953 3.000000
v 797.016166 -1098.284953 -5.000000
v 769.844593 -1096.284953 -5.000000
v 769.844593 -1096.284953 3.000000
v 797.016166 -1098.284953 3.000000
v 798.016166 -1097.284953 -5.000000
v 798.016166 -1097.284953 3.000000
v 749.016166 -1100.284953 -5.000000
v 703.844593 -1098.284953 -5.000000
v 703.844593 -1098.284953 3.000000
v 749.016166 -1100.284953 3.000000
v 750.016166 -1099.284953 -5.000000
v 750.016166 -1099.284953 3.000000
v 699.016166 -1102.284953 -5.000000
v 637.844593 -1100.284953 -5.000000
v 637.844593 -1100.284953 3.000000
v 699.016166 -1102.284953 3.000000
v 700.016166 -1101.284953 -5.000000
v 700.016166 -1101.284953 3.000000
v 591.016166 -1102.284953 -5.000000
v 587.844593 -1100.284953 -5.000000
v 587.844593 -1100.284953 3.000000
v 591.016166 -1102.284953 3.000000
v 592.016166 -1101.284953 -5.000000
v 592.016166 -1101.284953 3.000000
v 583.430379 -1099.870740 -5.000000
v 583.430379 -1098.699167 -5.000000
v 583.430379 -1098.699167 3.000000
v 583.430379 -1099.870740 3.000000
v 584.016166 -1099.284953 -5.000000
v 584.016166 -1099.284953 3.000000
v 568.430379 -1040.870740 -5.000000
v 570.430379 -1027.699167 -5.000000
v 570.430379 -1027.699167 3.000000
v 568.430379 -1040.870740 3.000000
v 569.430379 -1041.870740 -5.000000
v 569.430379 -1041.870740 3.000000
v 560.430379 -1004.870740 -5.000000
v 568.430379 -999.699167 -5.000000
v 568.430379 -999.699167 3.000000
v 560.430379 -1004.870740 3.000000
v 567.430379 -1023.870740 -5.000000
v 567.430379 -1023.870740 3.000000
v 566.430379 -1006.284953 -5.000000
v 566.430379 -1006.284953 3.000000
v -498.569621 -934.699167 -5.000000
v -495.983834 -937.284953 -5.000000
v -495.983834 -937.284953 3.000000
v -498.569621 -934.699167 3.000000
v -497.569621 -944.870740 -5.000000
v -497.569621 -944.870740 3.000000
v -507.569621 -954.870740 -5.000000
v -507.569621 -954.870740 3.000000
v -504.983834 -960.284953 -5.000000
v -504.983834 -960.284953 3.000000
v -499.569621 -961.699167 -5.000000
v -499.569621 -961.699167 3.000000
v -505.569621 -976.870740 -5.000000
v -505.569621 -976.870740 3.000000
v -514.983834 -992.284953 -5.000000
v -514.983834 -992.284953 3.000000
v -524.155407 -994.284953 -5.000000
v -524.155407 -994.284953 3.000000
v -537.569621 -978.870740 -5.000000
v -537.569621 -978.870740 3.000000
v -537.569621 -969.699167 -5.000000
v -537.569621 -969.699167 3.000000
v -498.569621 -959.870740 -5.000000
v -498.569621 -958.699167 -5.000000
v -498.569621 -958.699167 3.000000
v -498.569621 -959.870740 3.000000
v -497.983834 -959.284953 -5.000000
v -497.983834 -959.284953 3.000000
v -760.155407 -756.284953 -5.000000
v -725.983834 -791.284953 -5.000000
v -725.983834 -791.284953 3.000000
v -760.155407 -756.284953 3.000000
v -732.983834 -798.284953 -5.000000
v -732.983834 -798.284953 3.000000
v -767.569621 -764.870740 -5.000000
v -767.569621 -764.870740 3.000000
v -1068.155407 -452.284953 -5.000000
v -1056.983834 -458.284953 -5.000000
v -1056.983834 -458.284953 3.000000
v -1068.155407 -452.284953 3.000000
v -907.569621 -591.699167 -5.000000
v -907.569621 -591.699167 3.000000
v -918.983834 -610.284953 -5.000000
v -918.983834 -610.284953 3.000000
v -928.155407 -612.284953 -5.000000
v -928.155407 -612.284953 3.000000
v -1091.569621 -484.870740 -5.000000
v -1091.569621 -484.870740 3.000000
v -1091.569621 -477.699167 -5.000000
v -1091.569621 -477.699167 3.000000
v -1586.983834 103.715047 -5.000000
v -1588.155407 105.715047 -5.000000
v -1588.155407 105.715047 3.000000
v -1586.983834 103.715047 3.000000
v -1585.983834 104.715047 -5.000000
v -1585.983834 104.715047 3.000000
v -1590.983834 105.715047 -5.000000
v -1592.155407 107.715047 -5.000000
v -1592.155407 107.715047 3.000000
v -1590.983834 105.715047 3.000000
v -1589.983834 106.715047 -5.000000
v -1589.983834 106.715047 3.000000
v -1594.983834 107.715047 -5.000000
v -1596.155407 109.715047 -5.000000
v -1596.155407 109.715047 3.000000
v -1594.983834 107.715047 3.000000
v -1593.983834 108.715047 -5.000000
v -1593.983834 108.715047 3.000000
v -1598.983834 109.715047 -5.000000
v -1600.155407 111.715047 -5.000000
v -1600.155407 111.715047 3.000000
v -1598.983834 109.715047 3.000000
v -1597.983834 110.715047 -5.000000
v -1597.983834 110.715047 3.000000
v -1602.983834 111.715047 -5.000000
v -1604.155407 113.715047 -5.000000
v -1604.155407 113.715047 3.000000
v -1602.983834 111.715047 3.000000
v -1601.983834 112.715047 -5.000000
v -1601.983834 112.715047 3.000000
v -1606.983834 113.715047 -5.000000
v -1608.155407 115.715047 -5.000000
v -1608.155407 115.715047 3.000000
v -1606.983834 113.715047 3.000000
v -1605.983834 114.715047 -5.000000
v -1605.983834 114.715047 3.000000
v -1761.155407 158.715047 -5.000000
v -1736.983834 157.715047 -5.000000
v -1736.983834 157.715047 3.000000
v -1761.155407 158.715047 3.000000
v -1678.983834 143.715047 -5.000000
v -1678.983834 143.715047 3.000000
v -1609.983834 116.715047 -5.000000
v -1609.983834 116.715047 3.000000
v -1614.155407 115.715047 -5.000000
v -1614.155407 115.715047 3.000000
v -1682.155407 141.715047 -5.000000
v -1682.155407 141.715047 3.000000
v -1766.983834 159.715047 -5.000000
v -1778.155407 161.715047 -5.000000
v -1778.155407 161.715047 3.000000
v -1766.983834 159.715047 3.000000
v -1765.983834 160.715047 -5.000000
v -1765.983834 160.715047 3.000000
v -1790.983834 161.715047 -5.000000
v -1796.155407 163.715047 -5.000000
v -1796.155407 163.715047 3.000000
v -1790.983834 161.715047 3.000000
v -1789.983834 162.715047 -5.000000
v -1789.983834 162.715047 3.000000
v -1810.983834 163.715047 -5.000000
v -1814.155407 165.715047 -5.000000
v -1814.155407 165.715047 3.000000
v -1810.983834 163.715047 3.000000
v -1809.983834 164.715047 -5.000000
v -1809.983834 164.715047 3.000000
v -1873.155407 172.715047 -5.000000
v -1862.983834 173.715047 -5.000000
v -1862.983834 173.715047 3.000000
v -1873.155407 172.715047 3.000000
v -1821.983834 166.715047 -5.000000
v -1821.983834 166.715047 3.000000
v -1854.155407 167.715047 -5.000000
v -1854.155407 167.715047 3.000000
v -1874.983834 173.715047 -5.000000
v -1880.155407 175.715047 -5.000000
v -1880.155407 175.715047 3.000000
v -1874.983834 173.715047 3.000000
v -1873.983834 174.715047 -5.000000
v -1873.983834 174.715047 3.000000
v -1874.983834 473.715047 -5.000000
v -1876.155407 475.715047 -5.000000
v -1876.155407 475.715047 3.000000
v -1874.983834 473.715047 3.000000
v -1873.983834 474.715047 -5.000000
v -1873.983834 474.715047 3.000000
v -1880.569621 476.129260 -5.000000
v -1880.569621 477.300833 -5.000000
v -1880.569621 477.300833 3.000000
v -1880.569621 476.129260 3.000000
v -1879.983834 476.715047 -5.000000
v -1879.983834 476.715047 3.000000
v -1886.983834 175.715047 -5.000000
v -1888.155407 177.715047 -5.000000
v -1888.155407 177.715047 3.000000
v -1886.983834 175.715047 3.000000
v -1885.983834 176.715047 -5.000000
v -1885.983834 176.715047 3.000000
v -1894.983834 177.715047 -5.000000
v -1896.155407 179.715047 -5.000000
v -1896.155407 179.715047 3.000000
v -1894.983834 177.715047 3.000000
v -1893.983834 178.715047 -5.000000
v -1893.983834 178.715047 3.000000
v -1900.983834 179.715047 -5.000000
v -1904.155407 181.715047 -5.000000
v -1904.155407 181.715047 3.000000
v -1900.983834 179.715047 3.000000
v -1899.983834 180.715047 -5.000000
v -1899.983834 180.715047 3.000000
v -1908.983834 181.715047 -5.000000
v -1912.155407 183.715047 -5.000000
v -1912.155407 183.715047 3.000000
v -1908.983834 181.715047 3.000000
v -1907.983834 182.715047 -5.000000
v -1907.983834 182.715047 3.000000
v -1916.983834 183.715047 -5.000000
v -1920.155407 185.715047 -5.000000
v -1920.155407 185.715047 3.000000
v -1916.983834 183.715047 3.000000
v -1915.983834 184.715047 -5.000000
v -1915.983834 184.715047 3.000000
v -1922.983834 185.715047 -5.000000
v -1928.155407 187.715047 -5.000000
v -1928.155407 187.715047 3.000000
v -1922.983834 185.715047 3.000000
v -1921.983834 186.715047 -5.000000
v -1921.983834 186.715047 3.000000
v -1979.155407 204.715047 -5.000000
v -1974.983834 205.715047 -5.000000
v -1974.983834 205.715047 3.000000
v -1979.155407 204.715047 3.000000
v -1929.983834 188.715047 -5.000000
v -1929.983834 188.715047 3.000000
v -1936.155407 187.715047 -5.000000
v -1936.155407 187.715047 3.000000
v -1942.569621 514.129260 -5.000000
v -1942.569621 515.300833 -5.000000
v -1942.569621 515.300833 3.000000
v -1942.569621 514.129260 3.000000
v -1941.983834 514.715047 -5.000000
v -1941.983834 514.715047 3.000000
v -2025.155407 542.715047 -5.000000
v -2012.983834 543.715047 -5.000000
v -2012.983834 543.715047 3.000000
v -2025.155407 542.715047 3.000000
v -1990.983834 539.715047 -5.000000
v -1990.983834 539.715047 3.000000
v -1972.983834 533.715047 -5.000000
v -1972.983834 533.715047 3.000000
v -1943.983834 516.715047 -5.000000
v -1943.983834 516.715047 3.000000
v -1982.155407 533.715047 -5.000000
v -1982.155407 533.715047 3.000000
v -1989.155407 208.715047 -5.000000
v -1984.983834 209.715047 -5.000000
v -1984.983834 209.715047 3.000000
v -1989.155407 208.715047 3.000000
v -1979.983834 206.715047 -5.000000
v -1979.983834 206.715047 3.000000
v -1984.155407 205.715047 -5.000000
v -1984.155407 205.715047 3.000000
v -1990.983834 209.715047 -5.000000
v -1994.155407 211.715047 -5.000000
v -1994.155407 211.715047 3.000000
v -1990.983834 209.715047 3.000000
v -1989.983834 210.715047 -5.000000
v -1989.983834 210.715047 3.000000
v -2005.155407 214.715047 -5.000000
v -2000.983834 215.715047 -5.000000
v -2000.983834 215.715047 3.000000
v -2005.155407 214.715047 3.000000
v -1995.983834 212.715047 -5.000000
v -1995.983834 212.715047 3.000000
v -2000.155407 211.715047 -5.000000
v -2000.155407 211.715047 3.000000
v -2006.983834 215.715047 -5.000000
v -2010.155407 217.715047 -5.000000
v -2010.155407 217.715047 3.000000
v -2006.983834 215.715047 3.000000
v -2005.983834 216.715047 -5.000000
v -2005.983834 216.715047 3.000000
v -2021.155407 220.715047 -5.000000
v -2016.983834 221.715047 -5.000000
v -2016.983834 221.715047 3.000000
v -2021.155407 220.715047 3.000000
v -2011.983834 218.715047 -5.000000
v -2011.983834 218.715047 3.000000
v -2016.155407 217.715047 -5.000000
v -2016.155407 217.715047 3.000000
v -2031.155407 224.715047 -5.000000
v -2026.983834 225.715047 -5.000000
v -2026.983834 225.715047 3.000000
v -2031.155407 224.715047 3.000000
v -2021.983834 222.715047 -5.000000
v -2021.983834 222.715047 3.000000
v -2026.155407 221.715047 -5.000000
v -2026.155407 221.715047 3.000000
v -2032.983834 543.715047 -5.000000
v -2038.155407 545.715047 -5.000000
v -2038.155407 545.715047 3.000000
v -2032.983834 543.715047 3.000000
v -2031.983834 544.715047 -5.000000
v -2031.983834 544.715047 3.000000
v -2071.155407 240.715047 -5.000000
v -2066.983834 241.715047 -5.000000
v -2066.983834 241.715047 3.000000
v -2071.155407 240.715047 3.000000
v -2031.983834 226.715047 -5.000000
v -2031.983834 226.715047 3.000000
v -2042.155407 227.715047 -5.000000
v -2042.155407 227.715047 3.000000
v -2050.983834 543.715047 -5.000000
v -2052.155407 545.715047 -5.000000
v -2052.155407 545.715047 3.000000
v -2050.983834 543.715047 3.000000
v -2049.983834 544.715047 -5.000000
v -2049.983834 544.715047 3.000000
v -2077.155407 540.715047 -5.000000
v -2070.155407 543.715047 -5.000000
v -2070.155407 543.715047 3.000000
v -2077.155407 540.715047 3.000000
v -2055.983834 542.715047 -5.000000
v -2055.983834 542.715047 3.000000
v -2072.983834 241.715047 -5.000000
v -2074.155407 243.715047 -5.000000
v -2074.155407 243.715047 3.000000
v -2072.983834 241.715047 3.000000
v -2071.983834 242.715047 -5.000000
v -2071.983834 242.715047 3.000000
vn -0.371390676 0.928476691 0.000000000
vn -0.653291900 0.757106131 0.000000000
vn -0.925546956 0.378632846 0.000000000
vn -0.654264002 0.756266233 0.000000000
vn -0.782947088 0.622088303 0.000000000
vn -0.919145030 0.393919299 0.000000000
vn -0.983869910 0.178885438 0.000000000
vn -0.707106781 0.707106781 0.000000000
vn 0.176224078 0.984350077 0.000000000
vn 0.447213595 0.894427191 0.000000000
vn 0.687744648 0.725952684 0.000000000
vn 0.470588235 0.882352941 0.000000000
vn 0.000000000 1.000000000 0.000000000
vn -0.997885668 -0.064993792 0.000000000
vn -0.999740399 -0.022784515 0.000000000
vn -0.103758050 -0.994602567 0.000000000
vn -0.141421356 0.989949494 0.000000000
vn -0.918347446 0.395775148 0.000000000
vn 0.220345834 -0.975421813 0.000000000
vn 0.000000000 -1.000000000 0.000000000
vn -0.233372952 -0.972387302 0.000000000
vn -0.447213595 -0.894427191 0.000000000
vn -0.527881646 -0.849317943 0.000000000
vn -0.936109802 0.351707888 0.000000000
vn 0.000000000 -1.000000000 0.000000000
vn 0.820649864 -0.571431361 0.000000000
vn 0.939122852 -0.343581531 0.000000000
vn -0.294571902 -0.955629318 0.000000000
vn 0.055470020 -0.998460353 0.000000000
vn -0.997680597 0.068069278 0.000000000
vn -0.931242780 0.364399349 0.000000000
vn 0.223489768 0.974706275 0.000000000
vn -0.918347446 -0.395775148 0.000000000
vn -0.164398987 -0.986393924 0.000000000
vn -0.707106885 -0.707106678 0.000000000
vn -0.963243900 0.268628347 0.000000000
vn -0.209951078 0.977711893 0.000000000
vn 0.285757198 0.958302052 0.000000000
vn -1.000000000 0.000000000 0.000000000
vn -0.365234556 -0.930915527 0.000000000
vn -0.207807034 -0.978169840 0.000000000
vn 0.918347502 0.395775019 0.000000000
vn 0.316227766 0.948683298 0.000000000
vn 0.961984463 -0.273104178 0.000000000
vn 0.845861800 -0.533402115 0.000000000
vn -0.210400625 -0.977615250 0.000000000
vn 1.000000000 0.000000000 0.000000000
vn 0.343600864 0.939115779 0.000000000
vn 0.933345606 -0.358979079 0.000000000
vn 0.162525701 -0.986704311 0.000000000
vn -0.249041040 -0.968492933 0.000000000
vn -0.566528823 -0.824041924 0.000000000
vn -0.447213595 -0.894427191 0.000000000
vn -0.376798129 -0.926295401 0.000000000
vn -0.977711899 -0.209951047 0.000000000
vn -0.974391196 0.224859507 0.000000000
vn -1.000000000 0.000000000 0.000000000
vn -0.843227198 -0.537557339 0.000000000
vn -0.996991193 0.077514905 0.000000000
vn -0.948683298 0.316227766 0.000000000
vn -0.707106781 0.707106781 0.000000000
vn -0.204623836 0.978840685 0.000000000
vn 0.540216436 0.841526115 0.000000000
vn 0.589493935 0.807772803 0.000000000
vn 0.914383519 -0.404849084 0.000000000
vn 0.000000000 1.000000000 0.000000000
vn -0.918523646 0.395366049 0.000000000
vn -0.294695304 0.955591271 0.000000000
vn 0.425797036 0.904818702 0.000000000
vn 0.399764742 -0.916617778 0.000000000
vn 1.000000000 0.000000000 0.000000000
vn 0.571431445 0.820649806 0.000000000
vn 0.428086345 0.903737839 0.000000000
vn 0.327110564 0.944986073 0.000000000
vn 0.229039334 0.973417168 0.000000000
vn 0.064382278 0.997925309 0.000000000
vn 0.164398987 0.986393924 0.000000000
vn 0.274721128 0.961523948 0.000000000
vn 0.345705359 0.938343117 0.000000000
vn 0.397607438 0.917555625 0.000000000
vn 0.172590706 0.984993628 0.000000000
vn -1.000000000 0.000000000 0.000000000
vn -0.268628312 -0.963243910 0.000000000
vn -0.268628312 0.963243910 0.000000000
vn -1.000000000 0.000000000 0.000000000
vn -0.999609325 -0.027949922 0.000000000
vn -0.289052106 -0.957313366 0.000000000
vn -0.310738856 -0.950495325 0.000000000
vn -0.802104671 -0.597183470 0.000000000
vn -0.948683298 0.316227766 0.000000000
vn -0.845861826 0.533402074 0.000000000
vn -0.288376079 0.957517225 0.000000000
vn -0.947340571 0.320227799 0.000000000
vn -1.000000000 0.000000000 0.000000000
vn -0.408303928 -0.912846045 0.000000000
vn 0.936329178 -0.351123442 0.000000000
vn -0.337095091 -0.941470605 0.000000000
vn -0.973328547 -0.229415647 0.000000000
vn -0.399764669 -0.916617810 0.000000000
vn -0.277402825 -0.960753700 0.000000000
vn 0.984993626 -0.172590721 0.000000000
vn 0.707106918 0.707106644 0.000000000
vn 0.316227766 0.948683298 0.000000000
vn -0.164398987 0.986393924 0.000000000
vn 0.428569872 0.903508641 0.000000000
vn 0.940299615 -0.340347813 0.000000000
vn -0.337095091 -0.941470605 0.000000000
vn -0.973328547 -0.229415647 0.000000000
vn -0.327793412 -0.944749427 0.000000000
vn 0.000000000 -1.000000000 0.000000000
vn 0.916617778 -0.399764742 0.000000000
vn 0.944222664 0.329307698 0.000000000
vn 0.332820118 0.942990334 0.000000000
vn -0.316227766 0.948683298 0.000000000
vn 0.498543088 0.866864920 0.000000000
vn 0.944549417 -0.328369304 0.000000000
vn -0.250874653 -0.968019581 0.000000000
vn -0.346374083 -0.938096474 0.000000000
vn -0.447213595 -0.894427191 0.000000000
vn -0.397869291 -0.917442111 0.000000000
vn 0.862697970 -0.505719500 0.000000000
vn 0.986393924 -0.164398987 0.000000000
vn 1.000000000 0.000000000 0.000000000
vn 0.962964020 0.269629926 0.000000000
vn 0.835705480 0.549177887 0.000000000
vn 0.747409319 0.664363839 0.000000000
vn 0.681418528 0.731893974 0.000000000
vn 0.832050294 0.554700196 0.000000000
vn 0.987221971 -0.159351121 0.000000000
vn 0.845861800 -0.533402115 0.000000000
vn -0.337768366 -0.941229266 0.000000000
vn -0.178885438 -0.983869910 0.000000000
vn -0.655454882 -0.755234333 0.000000000
vn -0.967996898 -0.250962159 0.000000000
vn -0.886584846 -0.462566007 0.000000000
vn -0.857492926 -0.514495755 0.000000000
vn -0.707106781 -0.707106781 0.000000000
vn -0.894427191 -0.447213595 0.000000000
vn -0.941369528 -0.337377253 0.000000000
vn -0.707106781 0.707106781 0.000000000
vn -0.983367492 -0.181627025 0.000000000
vn -0.619486266 -0.785007494 0.000000000
vn 0.753816385 -0.657085122 0.000000000
vn -0.664005004 -0.747728129 0.000000000
vn -0.707106798 -0.707106765 0.000000000
vn -0.847998304 -0.529998940 0.000000000
vn -0.913392025 0.407081083 0.000000000
vn -0.056772391 0.998387147 0.000000000
vn 0.301131368 0.953582665 0.000000000
vn 0.562310021 0.826926502 0.000000000
vn 0.000000000 1.000000000 0.000000000
vn -0.643681297 0.765293662 0.000000000
vn -1.000000000 0.000000000 0.000000000
vn -0.666314294 -0.745671015 0.000000000
vn -0.785737878 0.618559606 0.000000000
vn 0.707106704 0.707106858 0.000000000
vn 0.792623989 -0.609710761 0.000000000
vn 0.964287127 0.264859090 0.000000000
vn -0.207807013 0.978169845 0.000000000
vn -0.802842743 0.596190851 0.000000000
vn 0.629922235 0.776658212 0.000000000
vn 0.794055457 -0.607845319 0.000000000
vn 1.000000000 0.000000000 0.000000000
vn 0.000000000 1.000000000 0.000000000
vn -0.707106781 0.707106781 0.000000000
vn -0.819231921 0.573462344 0.000000000
vn -0.494570198 0.869137687 0.000000000
vn -0.943728737 0.330720534 0.000000000
vn -0.615111471 -0.788440155 0.000000000
vn -0.346512184 -0.938045471 0.000000000
vn 0.226869208 -0.973925235 0.000000000
vn 0.828059327 -0.560640482 0.000000000
vn 0.983367492 -0.181627025 0.000000000
vn 0.264859211 0.964287093 0.000000000
vn -0.815384684 0.578919526 0.000000000
vn 0.643681326 0.765293636 0.000000000
vn 0.781666136 -0.623697084 0.000000000
vn 0.707106781 -0.707106781 0.000000000
vn -0.404455848 -0.914557525 0.000000000
vn -0.669471252 -0.742837965 0.000000000
vn -0.824108706 0.566431674 0.000000000
vn -0.589742065 0.807591664 0.000000000
vn 0.337095091 0.941470605 0.000000000
vn 0.619644289 0.784882766 0.000000000
vn 0.000000000 1.000000000 0.000000000
vn -0.707106781 0.707106781 0.000000000
vn -0.800000000 0.600000000 0.000000000
vn -1.000000000 0.000000000 0.000000000
vn -0.614162392 -0.789179673 0.000000000
vn -0.474811107 -0.880087730 0.000000000
vn 0.854507215 -0.519439524 0.000000000
vn 0.613940614 0.789352217 0.000000000
vn 1.000000000 0.000000000 0.000000000
vn 0.707106781 -0.707106781 0.000000000
vn 0.213058219 -0.977039505 0.000000000
vn -0.600000000 -0.800000000 0.000000000
vn -0.689399291 -0.724381541 0.000000000
vn -0.738955844 -0.673753858 0.000000000
vn -0.780868809 -0.624695048 0.000000000
vn -0.894427191 0.447213595 0.000000000
vn -0.813033953 -0.582216275 0.000000000
vn -0.707106781 0.707106781 0.000000000
vn 0.707106781 0.707106781 0.000000000
vn -0.707106781 0.707106781 0.000000000
vn 0.722119034 0.691768820 0.000000000
vn -0.605526515 0.795825131 0.000000000
vn -0.731551547 -0.681786135 0.000000000
vn 0.499760207 -0.866163804 0.000000000
vn 1.000000000 0.000000000 0.000000000
vn 0.707106781 0.707106781 0.000000000
vn 0.805245455 0.592941614 0.000000000
vn 0.707106781 -0.707106781 0.000000000
vn 0.707106781 0.707106781 0.000000000
vn 0.566916118 -0.823775525 0.000000000
vn -0.786775462 -0.617239315 0.000000000
vn 0.000000000 -1.000000000 0.000000000
vn 0.707106781 -0.707106781 0.000000000
vn -0.732258807 -0.681026461 0.000000000
vn -0.611356483 0.791355325 0.000000000
vn -0.959682981 -0.281084642 0.000000000
vn -0.733760674 -0.679408031 0.000000000
vn -0.763611047 0.645676520 0.000000000
vn -0.707106781 -0.707106781 0.000000000
vn 0.648108025 -0.761548414 0.000000000
vn -0.805245367 -0.592941734 0.000000000
vn 0.000000000 -1.000000000 0.000000000
vn 0.743294146 -0.668964732 0.000000000
vn 0.487111869 -0.873339583 0.000000000
vn -0.784882766 -0.619644289 0.000000000
vn -0.707106781 0.707106781 0.000000000
vn -1.000000000 0.000000000 0.000000000
vn 0.000000000 -1.000000000 0.000000000
vn 0.784163701 -0.620554019 0.000000000
vn -0.707106781 -0.707106781 0.000000000
vn -0.679266477 0.733891718 0.000000000
vn -1.000000000 0.000000000 0.000000000
vn -0.750931386 -0.660380234 0.000000000
vn 0.000000000 -1.000000000 0.000000000
vn 0.608626513 -0.793456847 0.000000000
vn 0.906183140 -0.422885465 0.000000000
vn -0.434285405 -0.900775325 0.000000000
vn 0.000000000 -1.000000000 0.000000000
vn 0.066519011 -0.997785158 0.000000000
vn 0.350362322 -0.936614245 0.000000000
vn -0.997519634 0.070388773 0.000000000
vn -0.961523948 0.274721128 0.000000000
vn -1.000000000 0.000000000 0.000000000
vn -0.399764669 -0.916617810 0.000000000
vn -0.148557298 -0.988903802 0.000000000
vn -0.707106885 -0.707106678 0.000000000
vn 0.984127017 -0.177465528 0.000000000
vn -0.707106781 -0.707106781 0.000000000
vn -0.997054486 -0.076696499 0.000000000
vn -0.894427191 -0.447213595 0.000000000
vn -0.643681261 -0.765293692 0.000000000
vn 0.000000000 -1.000000000 0.000000000
vn 0.059892291 -0.998204845 0.000000000
vn 0.000000000 -1.000000000 0.000000000
vn 0.953207558 0.302316640 0.000000000
vn -0.114752456 -0.993394118 0.000000000
vn -0.999219336 -0.039505933 0.000000000
vn -0.229415647 0.973328547 0.000000000
vn -0.984731940 0.174077589 0.000000000
vn -0.030506821 0.999534559 0.000000000
vn -1.000000000 0.000000000 0.000000000
vn 0.018178814 -0.999834752 0.000000000
vn 0.989067192 -0.147465556 0.000000000
vn 0.371390676 0.928476691 0.000000000
vn 0.999013806 0.044400614 0.000000000
vn 1.000000000 0.000000000 0.000000000
vn 0.707106781 -0.707106781 0.000000000
vn -0.948683298 -0.316227766 0.000000000
vn -1.000000000 0.000000000 0.000000000
vn 0.000000000 -1.000000000 0.000000000
vn 0.707106678 0.707106885 0.000000000
vn 0.997948015 0.064029365 0.000000000
vn 0.498543157 -0.866864880 0.000000000
vn -0.042892040 -0.999079713 0.000000000
vn -0.269797559 -0.962917067 0.000000000
vn 0.918347502 0.395775019 0.000000000
vn 0.196116135 0.980580676 0.000000000
vn 0.097841505 -0.995202010 0.000000000
vn -0.307002780 -0.951708618 0.000000000
vn 0.000000000 -1.000000000 0.000000000
vn 0.287347886 -0.957826285 0.000000000
vn 0.380749805 -0.924678098 0.000000000
vn 0.678951701 -0.734182939 0.000000000
vn 0.894427191 -0.447213595 0.000000000
vn 0.988371698 -0.152057184 0.000000000
vn 0.868243142 -0.496138938 0.000000000
vn 1.000000000 0.000000000 0.000000000
vn 0.789352217 0.613940614 0.000000000
vn 0.919145030 0.393919299 0.000000000
vn 0.995567703 -0.094047589 0.000000000
vn 0.863014469 -0.505179202 0.000000000
vn 0.667722854 -0.744409961 0.000000000
vn 0.447213595 -0.894427191 0.000000000
vn 0.680451099 -0.732793492 0.000000000
vn 0.561501418 -0.827475774 0.000000000
vn 0.447213595 -0.894427191 0.000000000
vn 0.280000000 -0.960000000 0.000000000
vn 0.581238194 -0.813733471 0.000000000
vn 0.316227766 -0.948683298 0.000000000
vn 0.132163720 -0.991227901 0.000000000
vn 0.384615385 -0.923076923 0.000000000
vn 0.611447501 -0.791285001 0.000000000
vn 0.707106781 -0.707106781 0.000000000
vn 0.808736084 -0.588171698 0.000000000
vn 0.894427191 -0.447213595 0.000000000
vn 0.961523948 -0.274721128 0.000000000
vn 0.998149356 0.060810063 0.000000000
vn 0.906243436 0.422756236 0.000000000
vn 0.725604273 -0.688112229 0.000000000
vn 0.447213595 -0.894427191 0.000000000
vn 0.000000000 -1.000000000 0.000000000
vn -0.187112108 -0.982338566 0.000000000
vn -0.316227766 -0.948683298 0.000000000
vn -0.252421897 -0.967617272 0.000000000
vn 0.000000000 -1.000000000 0.000000000
vn -0.178885438 -0.983869910 0.000000000
vn -0.413802944 -0.910366477 0.000000000
vn -0.630592625 -0.776114000 0.000000000
vn -0.834166973 -0.551511977 0.000000000
vn -0.707106762 -0.707106800 0.000000000
vn -0.501036271 -0.865426285 0.000000000
vn -0.242535625 -0.970142500 0.000000000
vn -0.042670202 -0.999089212 0.000000000
vn 0.360994103 -0.932568098 0.000000000
vn 0.707106781 -0.707106781 0.000000000
vn 0.000000000 -1.000000000 0.000000000
vn -0.166546930 -0.986033529 0.000000000
vn -0.160262994 -0.987074350 0.000000000
vn -0.182452216 -0.983214722 0.000000000
vn -0.316227766 -0.948683298 0.000000000
vn -0.424433876 -0.905458936 0.000000000
vn -0.546267781 -0.837610597 0.000000000
vn -0.680253644 -0.732976794 0.000000000
vn -0.838779662 -0.544471008 0.000000000
vn -0.886935621 -0.461893065 0.000000000
vn 0.442321173 -0.896856722 0.000000000
vn 0.882210641 0.470854950 0.000000000
vn 0.898216722 0.439552864 0.000000000
vn 0.808736084 0.588171698 0.000000000
vn 0.678507502 0.734593473 0.000000000
vn 0.539053696 0.842271401 0.000000000
vn 0.417500172 0.908676844 0.000000000
vn 0.316227766 0.948683298 0.000000000
vn 0.178885438 0.983869910 0.000000000
vn 0.150797990 0.988564599 0.000000000
vn 0.165597691 0.986193391 0.000000000
vn 0.892791594 0.450469943 0.000000000
vn 0.926466577 -0.376377047 0.000000000
vn 0.961523948 -0.274721128 0.000000000
vn 1.000000000 0.000000000 0.000000000
vn 0.913811549 0.406138466 0.000000000
vn 0.789352217 0.613940614 0.000000000
vn 0.913811549 0.406138466 0.000000000
vn 0.985622255 0.168963815 0.000000000
vn 0.877895573 0.478852131 0.000000000
vn 0.707106822 0.707106740 0.000000000
vn 0.447213595 0.894427191 0.000000000
vn 0.600000000 0.800000000 0.000000000
vn 0.660627895 0.750713517 0.000000000
vn 0.532813270 0.846232840 0.000000000
vn 0.062378286 0.998052578 0.000000000
vn 0.316227766 0.948683298 0.000000000
vn 0.707106761 0.707106801 0.000000000
vn 0.839570157 0.543251278 0.000000000
vn 0.707106809 0.707106753 0.000000000
vn 0.529998940 0.847998304 0.000000000
vn -0.076696499 0.997054486 0.000000000
vn 0.707106678 0.707106885 0.000000000
vn 0.970142500 -0.242535625 0.000000000
vn 0.776658277 0.629922155 0.000000000
vn 0.371390676 0.928476691 0.000000000
vn 0.000000000 1.000000000 0.000000000
vn -0.242535625 0.970142500 0.000000000
vn 0.213058219 0.977039505 0.000000000
vn 0.636281865 0.771456666 0.000000000
vn 0.911453971 0.411402064 0.000000000
vn 0.564188832 0.825645785 0.000000000
vn 0.087275763 0.996184190 0.000000000
vn -0.269629926 0.962964020 0.000000000
vn 0.079205089 0.996858342 0.000000000
vn 0.216930458 0.976187060 0.000000000
vn 0.428086345 0.903737839 0.000000000
vn 0.344817463 0.938669760 0.000000000
vn 0.237868729 0.971297312 0.000000000
vn 0.159232439 0.987241121 0.000000000
vn 0.302243861 0.953230638 0.000000000
vn 0.053975258 0.998542273 0.000000000
vn 0.428086345 0.903737839 0.000000000
vn 0.616308262 0.787505001 0.000000000
vn 0.242535625 0.970142500 0.000000000
vn 0.035691531 0.999362854 0.000000000
vn 0.358979079 0.933345606 0.000000000
vn 0.789352217 0.613940614 0.000000000
vn 0.216930458 0.976187060 0.000000000
vn 0.447213595 0.894427191 0.000000000
vn 0.000000000 1.000000000 0.000000000
vn 0.990147537 0.140028051 0.000000000
vn 0.000000000 1.000000000 0.000000000
vn 0.768221280 0.640184400 0.000000000
vn -0.105628123 0.994405702 0.000000000
vn -0.447213595 0.894427191 0.000000000
vn 0.052558833 0.998617829 0.000000000
vn -0.371390676 0.928476691 0.000000000
vn 0.000000000 1.000000000 0.000000000
vn 0.263117406 0.964763821 0.000000000
vn 0.000000000 1.000000000 0.000000000
vn -0.507020127 0.861934215 0.000000000
vn 0.066519011 0.997785158 0.000000000
vn -0.447213595 0.894427191 0.000000000
vn -0.294085849 0.955779009 0.000000000
vn 0.000000000 1.000000000 0.000000000
vn 0.316227766 0.948683298 0.000000000
vn 0.841938128 0.539574080 0.000000000
vn 0.528248440 0.849089857 0.000000000
vn 0.000000000 1.000000000 0.000000000
vn -0.447213595 0.894427191 0.000000000
vn -0.707106781 0.707106781 0.000000000
vn -0.393919299 0.919145030 0.000000000
vn 0.000000000 1.000000000 0.000000000
vn 0.280000000 0.960000000 0.000000000
vn 0.000000000 1.000000000 0.000000000
vn -0.269629926 0.962964020 0.000000000
vn -0.112999781 0.993595013 0.000000000
vn 0.110431526 0.993883735 0.000000000
vn 0.301131368 0.953582665 0.000000000
vn 0.524097426 0.851658317 0.000000000
vn 0.754349802 0.656472677 0.000000000
vn 0.870562839 0.492057257 0.000000000
vn 0.972806215 0.231620527 0.000000000
vn 0.998313243 -0.058057460 0.000000000
vn 0.957826285 -0.287347886 0.000000000
vn 0.874157276 -0.485642931 0.000000000
vn 0.707106781 -0.707106781 0.000000000
vn 0.863778901 -0.503871026 0.000000000
vn 1.000000000 0.000000000 0.000000000
vn 0.894427191 0.447213595 0.000000000
vn 0.643681326 0.765293636 0.000000000
vn 0.000000000 1.000000000 0.000000000
vn -0.406138466 0.913811549 0.000000000
vn -0.274721128 0.961523948 0.000000000
vn 0.000000000 1.000000000 0.000000000
vn 0.351123442 0.936329178 0.000000000
vn 0.581238194 0.813733471 0.000000000
vn 0.080292749 0.996771325 0.000000000
vn -0.274721128 0.961523948 0.000000000
vn 0.032241294 0.999480114 0.000000000
vn -0.303203657 0.952925780 0.000000000
vn 0.058722022 0.998274373 0.000000000
vn -0.164398987 0.986393924 0.000000000
vn 0.103758055 0.994602567 0.000000000
vn 0.306009180 0.952028561 0.000000000
vn 0.072761480 0.997349371 0.000000000
vn -0.393919299 0.919145030 0.000000000
vn -0.686623533 0.727013153 0.000000000
vn 0.000000000 1.000000000 0.000000000
vn 0.566528823 0.824041924 0.000000000
vn 0.316227766 0.948683298 0.000000000
vn 0.044570212 0.999006254 0.000000000
vn -0.263117406 0.964763821 0.000000000
vn -0.514495755 0.857492926 0.000000000
vn -0.707106781 0.707106781 0.000000000
vn -0.043437224 0.999056158 0.000000000
vn -0.653291900 0.757106131 0.000000000
vn -0.824920707 0.565248465 0.000000000
vn -0.351123442 0.936329178 0.000000000
vn -0.079205089 0.996858342 0.000000000
vn 0.316227766 0.948683298 0.000000000
vn 0.164398987 0.986393924 0.000000000
vn 0.301131368 0.953582665 0.000000000
vn 0.231620527 0.972806215 0.000000000
vn 0.981813465 0.189848150 0.000000000
vn 0.399764742 0.916617778 0.000000000
vn -0.251181181 0.967940088 0.000000000
vn 0.085992932 0.996295747 0.000000000
vn 0.707106734 0.707106829 0.000000000
vn 0.993883735 0.110431526 0.000000000
vn 0.868940401 0.494916741 0.000000000
vn 0.000000000 1.000000000 0.000000000
vn 0.164398987 0.986393924 0.000000000
vn 0.610244046 0.792213484 0.000000000
vn 0.832050294 0.554700196 0.000000000
vn 0.987608104 -0.156940222 0.000000000
vn 0.290580515 0.956850544 0.000000000
vn 0.000000000 1.000000000 0.000000000
vn -0.973328547 0.229415647 0.000000000
vn 0.110431526 0.993883735 0.000000000
vn -0.707106781 0.707106781 0.000000000
vn -0.047565149 0.998868138 0.000000000
vn -0.316227766 0.948683298 0.000000000
vn -0.164398987 0.986393924 0.000000000
vn 0.000000000 1.000000000 0.000000000
vn 0.371390676 0.928476691 0.000000000
vn 0.591363664 0.806404996 0.000000000
vn 0.393919299 0.919145030 0.000000000
vn 0.000000000 1.000000000 0.000000000
vn 0.878402837 0.477920972 0.000000000
vn 0.792623989 0.609710761 0.000000000
vn 0.760833952 0.648946606 0.000000000
vn 0.839570157 0.543251278 0.000000000
vn 0.904082508 0.427357952 0.000000000
vn 0.605992498 -0.795470359 0.000000000
vn 0.996771325 -0.080292749 0.000000000
vn 0.894427191 0.447213595 0.000000000
vn 0.707106822 0.707106740 0.000000000
vn 0.316227766 0.948683298 0.000000000
vn 0.000000000 1.000000000 0.000000000
vn -0.229039334 0.973417168 0.000000000
vn 0.085992932 0.996295747 0.000000000
vn 0.341743063 0.939793423 0.000000000
vn 0.754349802 0.656472677 0.000000000
vn 0.970142500 0.242535625 0.000000000
vn 0.999219336 0.039505933 0.000000000
vn 0.991600411 -0.129339184 0.000000000
vn 0.902860519 -0.429933580 0.000000000
vn 1.000000000 0.000000000 0.000000000
vn 0.966234940 0.257662651 0.000000000
vn 0.996295747 0.085992932 0.000000000
vn 0.939793423 -0.341743063 0.000000000
vn 0.868243142 -0.496138938 0.000000000
vn 0.999089212 -0.042670202 0.000000000
vn 0.986393924 0.164398987 0.000000000
vn 0.901523057 0.432731068 0.000000000
vn 0.742243023 0.670130804 0.000000000
vn 0.216930458 0.976187060 0.000000000
vn 0.000000000 1.000000000 0.000000000
vn 0.610244046 0.792213484 0.000000000
vn 1.000000000 0.000000000 0.000000000
vn 0.928476691 -0.371390676 0.000000000
vn 0.672672794 -0.739940073 0.000000000
vn 0.894427191 -0.447213595 0.000000000
vn 1.000000000 0.000000000 0.000000000
vn 0.936329178 0.351123442 0.000000000
vn 0.707106800 0.707106762 0.000000000
vn 0.503871026 0.863778901 0.000000000
vn 0.316227766 0.948683298 0.000000000
vn 0.000000000 1.000000000 0.000000000
vn 1.000000000 0.000000000 0.000000000
vn -0.707106178 -0.707107385 0.000000000
vn -0.707106781 0.707106781 0.000000000
vn 0.115689509 0.993285426 0.000000000
vn -0.054947870 -0.998489225 0.000000000
vn -0.707106781 0.707106781 0.000000000
vn 0.130694774 0.991422653 0.000000000
vn -0.061719015 -0.998093564 0.000000000
vn -0.707106781 0.707106781 0.000000000
vn 0.048519993 0.998822212 0.000000000
vn -0.023705992 -0.999718973 0.000000000
vn -0.707106781 0.707106781 0.000000000
vn 1.000000000 0.000000000 0.000000000
vn -0.707106178 -0.707107385 0.000000000
vn -0.707106781 0.707106781 0.000000000
vn 0.079205089 0.996858342 0.000000000
vn -0.038181535 -0.999270819 0.000000000
vn -0.707106781 0.707106781 0.000000000
vn 0.073407749 0.997302012 0.000000000
vn -0.035474433 -0.999370584 0.000000000
vn -0.707106781 0.707106781 0.000000000
vn 0.044232299 0.999021273 0.000000000
vn -0.021653270 -0.999765540 0.000000000
vn -0.707106781 0.707106781 0.000000000
vn 0.032677464 0.999465949 0.000000000
vn -0.016082441 -0.999870669 0.000000000
vn -0.707106781 0.707106781 0.000000000
vn 0.533402082 0.845861820 0.000000000
vn -0.233113398 -0.972449558 0.000000000
vn -0.707106781 0.707106781 0.000000000
vn 1.000000000 0.000000000 0.000000000
vn -0.707106178 -0.707107385 0.000000000
vn -0.707106781 0.707106781 0.000000000
vn 0.988667569 -0.150121412 0.000000000
vn -0.997519634 0.070388773 0.000000000
vn 0.707106781 0.707106781 0.000000000
vn 0.542888831 -0.839804571 0.000000000
vn -0.999145321 0.041335552 0.000000000
vn 0.998387147 0.056772389 0.000000000
vn 0.229415647 0.973328547 0.000000000
vn -0.707106644 -0.707106918 0.000000000
vn -0.978840685 0.204623836 0.000000000
vn -0.707106781 0.707106781 0.000000000
vn -0.902368873 -0.430964519 0.000000000
vn -0.252724830 -0.967538196 0.000000000
vn -0.929920137 0.367761525 0.000000000
vn -0.853419360 0.521224900 0.000000000
vn -0.213058219 0.977039505 0.000000000
vn 0.754349802 0.656472677 0.000000000
vn 1.000000000 0.000000000 0.000000000
vn 0.667909742 -0.744242284 0.000000000
vn 1.000000000 0.000000000 0.000000000
vn -0.707106178 -0.707107385 0.000000000
vn -0.707106781 0.707106781 0.000000000
vn -0.715524067 -0.698588083 0.000000000
vn -0.707106781 0.707106781 0.000000000
vn 0.694820900 0.719182812 0.000000000
vn 0.756857188 -0.653580291 0.000000000
vn -0.473154275 -0.880979587 0.000000000
vn -0.666039843 -0.745916166 0.000000000
vn -0.852132619 0.523325902 0.000000000
vn -0.213058219 0.977039505 0.000000000
vn 0.614885146 0.788616673 0.000000000
vn 1.000000000 0.000000000 0.000000000
vn 0.735453019 -0.677575721 0.000000000
vn 0.862856186 0.505449505 0.000000000
vn -0.418277183 -0.908319436 0.000000000
vn -0.707106781 0.707106781 0.000000000
vn 0.862856186 0.505449505 0.000000000
vn -0.418277183 -0.908319436 0.000000000
vn -0.707106781 0.707106781 0.000000000
vn 0.862856186 0.505449505 0.000000000
vn -0.418277183 -0.908319436 0.000000000
vn -0.707106781 0.707106781 0.000000000
vn 0.862856186 0.505449505 0.000000000
vn -0.418277183 -0.908319436 0.000000000
vn -0.707106781 0.707106781 0.000000000
vn 0.862856186 0.505449505 0.000000000
vn -0.418277183 -0.908319436 0.000000000
vn -0.707106781 0.707106781 0.000000000
vn 0.862856186 0.505449505 0.000000000
vn -0.418277183 -0.908319436 0.000000000
vn -0.707106781 0.707106781 0.000000000
vn -0.041335552 -0.999145321 0.000000000
vn -0.234640533 -0.972082209 0.000000000
vn -0.364399349 -0.931242780 0.000000000
vn -0.233113398 0.972449558 0.000000000
vn 0.357137466 0.934051835 0.000000000
vn 0.210374129 0.977620952 0.000000000
vn 0.176224078 0.984350077 0.000000000
vn -0.081882758 -0.996641969 0.000000000
vn -0.707106781 0.707106781 0.000000000
vn 0.360696199 0.932683361 0.000000000
vn -0.159947161 -0.987125578 0.000000000
vn -0.707106781 0.707106781 0.000000000
vn 0.533402082 0.845861820 0.000000000
vn -0.233113398 -0.972449558 0.000000000
vn -0.707106781 0.707106781 0.000000000
vn 0.097841505 -0.995202010 0.000000000
vn -0.168296463 -0.985736426 0.000000000
vn 0.031068337 0.999517263 0.000000000
vn 0.254493299 0.967074537 0.000000000
vn 0.360696199 0.932683361 0.000000000
vn -0.159947161 -0.987125578 0.000000000
vn -0.707106781 0.707106781 0.000000000
vn 0.862856186 0.505449505 0.000000000
vn -0.418277183 -0.908319436 0.000000000
vn -0.707106781 0.707106781 0.000000000
vn 1.000000000 0.000000000 0.000000000
vn -0.707106178 -0.707107385 0.000000000
vn -0.707106781 0.707106781 0.000000000
vn 0.862856186 0.505449505 0.000000000
vn -0.418277183 -0.908319436 0.000000000
vn -0.707106781 0.707106781 0.000000000
vn 0.862856186 0.505449505 0.000000000
vn -0.418277183 -0.908319436 0.000000000
vn -0.707106781 0.707106781 0.000000000
vn 0.533402082 0.845861820 0.000000000
vn -0.233113398 -0.972449558 0.000000000
vn -0.707106781 0.707106781 0.000000000
vn 0.533402082 0.845861820 0.000000000
vn -0.233113398 -0.972449558 0.000000000
vn -0.707106781 0.707106781 0.000000000
vn 0.533402082 0.845861820 0.000000000
vn -0.233113398 -0.972449558 0.000000000
vn -0.707106781 0.707106781 0.000000000
vn 0.360696199 0.932683361 0.000000000
vn -0.159947161 -0.987125578 0.000000000
vn -0.707106781 0.707106781 0.000000000
vn 0.233113398 -0.972449558 0.000000000
vn -0.353400569 -0.935472094 0.000000000
vn -0.159947161 0.987125578 0.000000000
vn 0.367658889 0.929960720 0.000000000
vn 1.000000000 0.000000000 0.000000000
vn -0.707106178 -0.707107385 0.000000000
vn -0.707106781 0.707106781 0.000000000
vn 0.081882758 -0.996641969 0.000000000
vn -0.178885438 -0.983869910 0.000000000
vn -0.316227766 -0.948683298 0.000000000
vn -0.505719500 -0.862697970 0.000000000
vn 0.406834920 0.913501696 0.000000000
vn 0.204863154 0.978790625 0.000000000
vn 0.233113398 -0.972449558 0.000000000
vn -0.514495755 -0.857492926 0.000000000
vn -0.233113398 0.972449558 0.000000000
vn 0.514495755 0.857492926 0.000000000
vn 0.533402082 0.845861820 0.000000000
vn -0.233113398 -0.972449558 0.000000000
vn -0.707106781 0.707106781 0.000000000
vn 0.233113398 -0.972449558 0.000000000
vn -0.514495755 -0.857492926 0.000000000
vn -0.233113398 0.972449558 0.000000000
vn 0.514495755 0.857492926 0.000000000
vn 0.533402082 0.845861820 0.000000000
vn -0.233113398 -0.972449558 0.000000000
vn -0.707106781 0.707106781 0.000000000
vn 0.233113398 -0.972449558 0.000000000
vn -0.514495755 -0.857492926 0.000000000
vn -0.233113398 0.972449558 0.000000000
vn 0.514495755 0.857492926 0.000000000
vn 0.233113398 -0.972449558 0.000000000
vn -0.514495755 -0.857492926 0.000000000
vn -0.233113398 0.972449558 0.000000000
vn 0.514495755 0.857492926 0.000000000
vn 0.360696199 0.932683361 0.000000000
vn -0.159947161 -0.987125578 0.000000000
vn -0.707106781 0.707106781 0.000000000
vn 0.233113398 -0.972449558 0.000000000
vn -0.393919299 -0.919145030 0.000000000
vn 0.097841505 0.995202010 0.000000000
vn 0.409055904 0.912509325 0.000000000
vn 0.862856186 0.505449505 0.000000000
vn -0.418277183 -0.908319436 0.000000000
vn -0.707106781 0.707106781 0.000000000
vn 0.393919299 -0.919145030 0.000000000
vn -0.070388773 -0.997519634 0.000000000
vn -0.094047589 0.995567703 0.000000000
vn 0.862856186 0.505449505 0.000000000
vn -0.418277183 -0.908319436 0.000000000
vn -0.707106781 0.707106781 0.000000000
vn 0.000000000 0.000000000 1.000000000
vn 0.000000000 0.000000000 -1.000000000
vn 0.000000000 0.000000000 1.000000000
vn 0.000000000 0.000000000 -1.000000000
vn 0.000000000 0.000000000 1.000000000
vn 0.000000000 0.000000000 -1.000000000
vn 0.000000000 0.000000000 1.000000000
vn 0.000000000 0.000000000 -1.000000000
vn 0.000000000 0.000000000 1.000000000
vn 0.000000000 0.000000000 -1.000000000
vn 0.000000000 0.000000000 1.000000000
vn 0.000000000 0.000000000 -1.000000000
vn 0.000000000 0.000000000 1.000000000
vn 0.000000000 0.000000000 -1.000000000
vn 0.000000000 0.000000000 1.000000000
vn 0.000000000 0.000000000 -1.000000000
vn 0.000000000 0.000000000 1.000000000
vn 0.000000000 0.000000000 -1.000000000
vn 0.000000000 0.000000000 1.000000000
vn 0.000000000 0.000000000 -1.000000000
vn 0.000000000 0.000000000 1.000000000
vn 0.000000000 0.000000000 -1.000000000
vn 0.000000000 0.000000000 1.000000000
vn 0.000000000 0.000000000 -1.000000000
vn 0.000000000 0.000000000 1.000000000
vn 0.000000000 0.000000000 -1.000000000
vn 0.000000000 0.000000000 1.000000000
vn 0.000000000 0.000000000 -1.000000000
vn 0.000000000 0.000000000 1.000000000
vn 0.000000000 0.000000000 -1.000000000
vn 0.000000000 0.000000000 1.000000000
vn 0.000000000 0.000000000 -1.000000000
vn 0.000000000 0.000000000 1.000000000
vn 0.000000000 0.000000000 -1.000000000
vn 0.000000000 0.000000000 1.000000000
vn 0.000000000 0.000000000 -1.000000000
vn -0.000000000 0.000000000 1.000000000
vn 0.000000000 -0.000000000 -1.000000000
vn 0.000000000 0.000000000 1.000000000
vn -0.000000000 0.000000000 -1.000000000
vn 0.000000000 0.000000000 1.000000000
vn 0.000000000 0.000000000 -1.000000000
vn 0.000000000 0.000000000 1.000000000
vn -0.000000000 0.000000000 -1.000000000
vn 0.000000000 0.000000000 1.000000000
vn 0.000000000 0.000000000 -1.000000000
vn -0.000000000 0.000000000 1.000000000
vn -0.000000000 0.000000000 -1.000000000
vn 0.000000000 0.000000000 1.000000000
vn 0.000000000 0.000000000 -1.000000000
vn -0.000000000 0.000000000 1.000000000
vn 0.000000000 0.000000000 -1.000000000
vn 0.000000000 0.000000000 1.000000000
vn -0.000000000 0.000000000 -1.000000000
vn 0.000000000 -0.000000000 1.000000000
vn 0.000000000 0.000000000 -1.000000000
vn -0.000000000 0.000000000 1.000000000
vn 0.000000000 -0.000000000 -1.000000000
vn 0.000000000 0.000000000 1.000000000
vn -0.000000000 0.000000000 -1.000000000
vn -0.000000000 0.000000000 1.000000000
vn 0.000000000 0.000000000 -1.000000000
vn -0.000000000 0.000000000 1.000000000
vn -0.000000000 0.000000000 -1.000000000
vn -0.000000000 0.000000000 1.000000000
vn 0.000000000 0.000000000 -1.000000000
vn 0.000000000 -0.000000000 1.000000000
vn 0.000000000 0.000000000 -1.000000000
vn 0.000000000 0.000000000 1.000000000
vn 0.000000000 0.000000000 -1.000000000
vn 0.000000000 0.000000000 1.000000000
vn 0.000000000 0.000000000 -1.000000000
vn 0.000000000 0.000000000 1.000000000
vn 0.000000000 0.000000000 -1.000000000
vn 0.000000000 0.000000000 1.000000000
vn 0.000000000 0.000000000 -1.000000000
vn 0.000000000 0.000000000 1.000000000
vn 0.000000000 0.000000000 -1.000000000
vn 0.000000000 0.000000000 1.000000000
vn 0.000000000 0.000000000 -1.000000000
vn 0.000000000 0.000000000 1.000000000
vn 0.000000000 0.000000000 -1.000000000
vn 0.000000000 0.000000000 1.000000000
vn 0.000000000 0.000000000 -1.000000000
vn 0.000000000 0.000000000 1.000000000
vn 0.000000000 0.000000000 -1.000000000
vn 0.000000000 0.000000000 1.000000000
vn 0.000000000 0.000000000 -1.000000000
vn 0.000000000 0.000000000 1.000000000
vn 0.000000000 0.000000000 -1.000000000
vn 0.000000000 0.000000000 1.000000000
vn 0.000000000 0.000000000 -1.000000000
vn 0.000000000 0.000000000 1.000000000
vn 0.000000000 0.000000000 -1.000000000
vn 0.000000000 0.000000000 1.000000000
vn 0.000000000 0.000000000 -1.000000000
vn 0.000000000 0.000000000 1.000000000
vn 0.000000000 0.000000000 -1.000000000
vn 0.000000000 0.000000000 1.000000000
vn 0.000000000 0.000000000 -1.000000000
vn 0.000000000 0.000000000 1.000000000
vn 0.000000000 0.000000000 -1.000000000
vn 0.000000000 0.000000000 1.000000000
vn 0.000000000 0.000000000 -1.000000000
vn 0.000000000 0.000000000 1.000000000
vn 0.000000000 0.000000000 -1.000000000
vn 0.000000000 0.000000000 1.000000000
vn 0.000000000 0.000000000 -1.000000000
vn 0.000000000 0.000000000 1.000000000
vn 0.000000000 0.000000000 -1.000000000
vn 0.000000000 0.000000000 1.000000000
vn 0.000000000 0.000000000 -1.000000000
vn 0.000000000 0.000000000 1.000000000
vn 0.000000000 0.000000000 -1.000000000
vn 0.000000000 0.000000000 1.000000000
vn 0.000000000 0.000000000 -1.000000000
vn 0.000000000 0.000000000 1.000000000
vn 0.000000000 0.000000000 -1.000000000
vn 0.000000000 0.000000000 1.000000000
vn 0.000000000 0.000000000 -1.000000000
vn 0.000000000 0.000000000 1.000000000
vn 0.000000000 0.000000000 -1.000000000
vn 0.000000000 0.000000000 1.000000000
vn 0.000000000 0.000000000 -1.000000000
vn 0.000000000 0.000000000 1.000000000
vn 0.000000000 0.000000000 -1.000000000
vn 0.000000000 0.000000000 1.000000000
vn 0.000000000 0.000000000 -1.000000000
vn 0.000000000 0.000000000 1.000000000
vn 0.000000000 0.000000000 -1.000000000
vn 0.000000000 0.000000000 1.000000000
vn 0.000000000 0.000000000 -1.000000000
vn 0.000000000 0.000000000 1.000000000
vn 0.000000000 0.000000000 -1.000000000
vn 0.000000000 0.000000000 1.000000000
vn 0.000000000 0.000000000 -1.000000000
vn 0.000000000 0.000000000 1.000000000
vn 0.000000000 0.000000000 -1.000000000
vn 0.000000000 -0.000000000 1.000000000
vn 0.000000000 0.000000000 -1.000000000
vn 0.000000000 0.000000000 1.000000000
vn 0.000000000 0.000000000 -1.000000000
vn 0.000000000 0.000000000 1.000000000
vn 0.000000000 0.000000000 -1.000000000
vn 0.000000000 0.000000000 1.000000000
vn 0.000000000 0.000000000 -1.000000000
vn 0.000000000 -0.000000000 1.000000000
vn 0.000000000 0.000000000 -1.000000000
vn 0.000000000 0.000000000 1.000000000
vn 0.000000000 0.000000000 -1.000000000
vn 0.000000000 -0.000000000 1.000000000
vn 0.000000000 0.000000000 -1.000000000
vn 0.000000000 0.000000000 1.000000000
vn 0.000000000 0.000000000 -1.000000000
vn 0.000000000 0.000000000 1.000000000
vn 0.000000000 0.000000000 -1.000000000
vn 0.000000000 -0.000000000 1.000000000
vn 0.000000000 0.000000000 -1.000000000
vn 0.000000000 0.000000000 1.000000000
vn 0.000000000 0.000000000 -1.000000000
vn 0.000000000 0.000000000 1.000000000
vn 0.000000000 0.000000000 -1.000000000
vn 0.000000000 0.000000000 1.000000000
vn 0.000000000 0.000000000 -1.000000000
vn 0.000000000 0.000000000 1.000000000
vn 0.000000000 0.000000000 -1.000000000
vn 0.000000000 0.000000000 1.000000000
vn -0.000000000 0.000000000 -1.000000000
vn 0.000000000 -0.000000000 1.000000000
vn 0.000000000 0.000000000 -1.000000000
vn 0.000000000 0.000000000 1.000000000
vn 0.000000000 0.000000000 -1.000000000
vn 0.000000000 0.000000000 1.000000000
vn 0.000000000 0.000000000 -1.000000000
vn 0.000000000 0.000000000 1.000000000
vn 0.000000000 0.000000000 -1.000000000
vn 0.000000000 -0.000000000 1.000000000
vn 0.000000000 0.000000000 -1.000000000
vn 0.000000000 0.000000000 1.000000000
vn 0.000000000 0.000000000 -1.000000000
vn 0.000000000 0.000000000 1.000000000
vn 0.000000000 0.000000000 -1.000000000
vn 0.000000000 0.000000000 1.000000000
vn 0.000000000 0.000000000 -1.000000000
vn 0.000000000 0.000000000 1.000000000
vn -0.000000000 -0.000000000 -1.000000000
vn -0.000000000 0.000000000 1.000000000
vn -0.000000000 -0.000000000 -1.000000000
vn 0.000000000 0.000000000 1.000000000
vn 0.000000000 -0.000000000 -1.000000000
vn 0.000000000 0.000000000 1.000000000
vn 0.000000000 0.000000000 -1.000000000
vn 0.000000000 -0.000000000 1.000000000
vn 0.000000000 0.000000000 -1.000000000
vn 0.000000000 0.000000000 1.000000000
vn -0.000000000 0.000000000 -1.000000000
vn 0.000000000 -0.000000000 1.000000000
vn 0.000000000 0.000000000 -1.000000000
vn -0.000000000 0.000000000 1.000000000
vn 0.000000000 -0.000000000 -1.000000000
vn 0.000000000 0.000000000 1.000000000
vn 0.000000000 -0.000000000 -1.000000000
vn 0.000000000 0.000000000 1.000000000
vn 0.000000000 0.000000000 -1.000000000
vn 0.000000000 0.000000000 1.000000000
vn 0.000000000 0.000000000 -1.000000000
vn 0.000000000 0.000000000 1.000000000
vn 0.000000000 0.000000000 -1.000000000
vn 0.000000000 0.000000000 1.000000000
vn 0.000000000 0.000000000 -1.000000000
vn 0.000000000 -0.000000000 1.000000000
vn 0.000000000 0.000000000 -1.000000000
vn 0.000000000 0.000000000 1.000000000
vn 0.000000000 0.000000000 -1.000000000
vn 0.000000000 -0.000000000 1.000000000
vn 0.000000000 0.000000000 -1.000000000
vn 0.000000000 -0.000000000 1.000000000
vn 0.000000000 0.000000000 -1.000000000
vn 0.000000000 0.000000000 1.000000000
vn 0.000000000 0.000000000 -1.000000000
vn 0.000000000 0.000000000 1.000000000
vn 0.000000000 0.000000000 -1.000000000
vn 0.000000000 0.000000000 1.000000000
vn 0.000000000 0.000000000 -1.000000000
vn 0.000000000 0.000000000 1.000000000
vn 0.000000000 0.000000000 -1.000000000
vn 0.000000000 0.000000000 1.000000000
vn 0.000000000 0.000000000 -1.000000000
vn 0.000000000 0.000000000 1.000000000
vn 0.000000000 0.000000000 -1.000000000
vn 0.000000000 0.000000000 1.000000000
vn 0.000000000 0.000000000 -1.000000000
vn -0.000000000 -0.000000000 1.000000000
vn 0.000000000 0.000000000 -1.000000000
vn -0.000000000 -0.000000000 1.000000000
vn 0.000000000 0.000000000 -1.000000000
vn -0.000000000 0.000000000 1.000000000
vn 0.000000000 -0.000000000 -1.000000000
vn -0.000000000 0.000000000 1.000000000
vn 0.000000000 0.000000000 -1.000000000
vn -0.000000000 0.000000000 1.000000000
vn 0.000000000 0.000000000 -1.000000000
vn 0.000000000 0.000000000 1.000000000
vn -0.000000000 0.000000000 -1.000000000
vn -0.000000000 0.000000000 1.000000000
vn 0.000000000 0.000000000 -1.000000000
vn 0.000000000 0.000000000 1.000000000
vn 0.000000000 0.000000000 -1.000000000
vn 0.000000000 0.000000000 1.000000000
vn 0.000000000 0.000000000 -1.000000000
vn 0.000000000 0.000000000 1.000000000
vn 0.000000000 0.000000000 -1.000000000
vn 0.000000000 0.000000000 1.000000000
vn 0.000000000 0.000000000 -1.000000000
vn 0.000000000 0.000000000 1.000000000
vn 0.000000000 0.000000000 -1.000000000
vn 0.000000000 0.000000000 1.000000000
vn 0.000000000 0.000000000 -1.000000000
vn 0.000000000 0.000000000 1.000000000
vn 0.000000000 0.000000000 -1.000000000
vn 0.000000000 0.000000000 1.000000000
vn 0.000000000 0.000000000 -1.000000000
vn 0.000000000 0.000000000 1.000000000
vn 0.000000000 0.000000000 -1.000000000
vn 0.000000000 0.000000000 1.000000000
vn 0.000000000 0.000000000 -1.000000000
vn 0.000000000 0.000000000 1.000000000
vn 0.000000000 0.000000000 -1.000000000
vn 0.000000000 0.000000000 1.000000000
vn 0.000000000 0.000000000 -1.000000000
vn 0.000000000 0.000000000 1.000000000
vn 0.000000000 0.000000000 -1.000000000
vn 0.000000000 0.000000000 1.000000000
vn 0.000000000 0.000000000 -1.000000000
vn 0.000000000 0.000000000 1.000000000
vn 0.000000000 0.000000000 -1.000000000
vn -0.000000000 -0.000000000 1.000000000
vn 0.000000000 0.000000000 -1.000000000
vn -0.000000000 -0.000000000 1.000000000
vn 0.000000000 0.000000000 -1.000000000
vn -0.000000000 -0.000000000 1.000000000
vn 0.000000000 0.000000000 -1.000000000
vn 0.000000000 0.000000000 1.000000000
vn 0.000000000 0.000000000 -1.000000000
vn 0.000000000 0.000000000 1.000000000
vn 0.000000000 0.000000000 -1.000000000
vn -0.000000000 -0.000000000 1.000000000
vn 0.000000000 0.000000000 -1.000000000
vn -0.000000000 -0.000000000 1.000000000
vn 0.000000000 0.000000000 -1.000000000
vn -0.000000000 -0.000000000 1.000000000
vn 0.000000000 0.000000000 -1.000000000
vn -0.000000000 -0.000000000 1.000000000
vn 0.000000000 0.000000000 -1.000000000
vn -0.000000000 -0.000000000 1.000000000
vn 0.000000000 0.000000000 -1.000000000
vn -0.000000000 -0.000000000 1.000000000
vn 0.000000000 0.000000000 -1.000000000
vn -0.000000000 -0.000000000 1.000000000
vn 0.000000000 0.000000000 -1.000000000
vn 0.000000000 0.000000000 1.000000000
vn 0.000000000 0.000000000 -1.000000000
vn 0.000000000 0.000000000 1.000000000
vn 0.000000000 0.000000000 -1.000000000
vn 0.000000000 -0.000000000 1.000000000
vn 0.000000000 0.000000000 -1.000000000
vn 0.000000000 -0.000000000 1.000000000
vn 0.000000000 0.000000000 -1.000000000
vn 0.000000000 0.000000000 1.000000000
vn 0.000000000 0.000000000 -1.000000000
vn 0.000000000 0.000000000 1.000000000
vn 0.000000000 0.000000000 -1.000000000
vn 0.000000000 -0.000000000 1.000000000
vn 0.000000000 0.000000000 -1.000000000
vn 0.000000000 0.000000000 1.000000000
vn 0.000000000 0.000000000 -1.000000000
vn 0.000000000 0.000000000 1.000000000
vn 0.000000000 0.000000000 -1.000000000
vn 0.000000000 0.000000000 1.000000000
vn 0.000000000 0.000000000 -1.000000000
vn 0.000000000 0.000000000 1.000000000
vn 0.000000000 0.000000000 -1.000000000
vn 0.000000000 0.000000000 1.000000000
vn 0.000000000 0.000000000 -1.000000000
vn 0.000000000 0.000000000 1.000000000
vn 0.000000000 0.000000000 -1.000000000
vn 0.000000000 0.000000000 1.000000000
vn 0.000000000 0.000000000 -1.000000000
vn 0.000000000 0.000000000 1.000000000
vn 0.000000000 0.000000000 -1.000000000
vn 0.000000000 0.000000000 1.000000000
vn 0.000000000 0.000000000 -1.000000000
vn 0.000000000 0.000000000 1.000000000
vn 0.000000000 0.000000000 -1.000000000
vn 0.000000000 0.000000000 1.000000000
vn 0.000000000 0.000000000 -1.000000000
vn 0.000000000 0.000000000 1.000000000
vn 0.000000000 0.000000000 -1.000000000
vn 0.000000000 0.000000000 1.000000000
vn 0.000000000 0.000000000 -1.000000000
vn 0.000000000 0.000000000 1.000000000
vn 0.000000000 0.000000000 -1.000000000
vn 0.000000000 0.000000000 1.000000000
vn 0.000000000 0.000000000 -1.000000000
vn 0.000000000 0.000000000 1.000000000
vn 0.000000000 0.000000000 -1.000000000
vn 0.000000000 0.000000000 1.000000000
vn 0.000000000 0.000000000 -1.000000000
vn 0.000000000 -0.000000000 1.000000000
vn 0.000000000 0.000000000 -1.000000000
vn 0.000000000 0.000000000 1.000000000
vn 0.000000000 0.000000000 -1.000000000
vn 0.000000000 0.000000000 1.000000000
vn 0.000000000 0.000000000 -1.000000000
vn 0.000000000 0.000000000 1.000000000
vn 0.000000000 0.000000000 -1.000000000
vn 0.000000000 -0.000000000 1.000000000
vn 0.000000000 0.000000000 -1.000000000
vn -0.000000000 -0.000000000 1.000000000
vn 0.000000000 0.000000000 -1.000000000
vn 0.000000000 0.000000000 1.000000000
vn 0.000000000 0.000000000 -1.000000000
vn 0.000000000 -0.000000000 1.000000000
vn 0.000000000 0.000000000 -1.000000000
vn 0.000000000 0.000000000 1.000000000
vn 0.000000000 -0.000000000 -1.000000000
vn 0.000000000 -0.000000000 1.000000000
vn 0.000000000 0.000000000 -1.000000000
vn 0.000000000 0.000000000 1.000000000
vn 0.000000000 0.000000000 -1.000000000
vn 0.000000000 0.000000000 1.000000000
vn 0.000000000 0.000000000 -1.000000000
vn 0.000000000 0.000000000 1.000000000
vn 0.000000000 0.000000000 -1.000000000
vn 0.000000000 0.000000000 1.000000000
vn 0.000000000 0.000000000 -1.000000000
vn 0.000000000 0.000000000 1.000000000
vn 0.000000000 0.000000000 -1.000000000
vn 0.000000000 0.000000000 1.000000000
vn 0.000000000 0.000000000 -1.000000000
vn 0.000000000 0.000000000 1.000000000
vn 0.000000000 0.000000000 -1.000000000
vn 0.000000000 0.000000000 1.000000000
vn 0.000000000 0.000000000 -1.000000000
vn 0.000000000 0.000000000 1.000000000
vn 0.000000000 0.000000000 -1.000000000
vn 0.000000000 0.000000000 1.000000000
vn 0.000000000 0.000000000 -1.000000000
vn 0.000000000 0.000000000 1.000000000
vn 0.000000000 0.000000000 -1.000000000
vn 0.000000000 0.000000000 1.000000000
vn 0.000000000 0.000000000 -1.000000000
vn 0.000000000 0.000000000 1.000000000
vn 0.000000000 0.000000000 -1.000000000
vn 0.000000000 0.000000000 1.000000000
vn 0.000000000 0.000000000 -1.000000000
vn 0.000000000 0.000000000 1.000000000
vn 0.000000000 0.000000000 -1.000000000
vn 0.000000000 0.000000000 1.000000000
vn 0.000000000 0.000000000 -1.000000000
vn 0.000000000 0.000000000 1.000000000
vn 0.000000000 0.000000000 -1.000000000
vn 0.000000000 0.000000000 1.000000000
vn 0.000000000 0.000000000 -1.000000000
vn 0.000000000 0.000000000 1.000000000
vn 0.000000000 0.000000000 -1.000000000
vn 0.000000000 0.000000000 1.000000000
vn 0.000000000 0.000000000 -1.000000000
vn 0.000000000 -0.000000000 1.000000000
vn 0.000000000 0.000000000 -1.000000000
vn 0.000000000 0.000000000 1.000000000
vn 0.000000000 0.000000000 -1.000000000
vn 0.000000000 0.000000000 1.000000000
vn 0.000000000 0.000000000 -1.000000000
vn 0.000000000 0.000000000 1.000000000
vn 0.000000000 0.000000000 -1.000000000
vn 0.000000000 0.000000000 1.000000000
vn 0.000000000 0.000000000 -1.000000000
vn 0.000000000 0.000000000 1.000000000
vn 0.000000000 0.000000000 -1.000000000
vn 0.000000000 -0.000000000 1.000000000
vn 0.000000000 0.000000000 -1.000000000
vn 0.000000000 0.000000000 1.000000000
vn 0.000000000 0.000000000 -1.000000000
vn 0.000000000 0.000000000 1.000000000
vn 0.000000000 0.000000000 -1.000000000
vn 0.000000000 0.000000000 1.000000000
vn 0.000000000 0.000000000 -1.000000000
vn 0.000000000 -0.000000000 1.000000000
vn 0.000000000 0.000000000 -1.000000000
vn 0.000000000 -0.000000000 1.000000000
vn 0.000000000 0.000000000 -1.000000000
vn 0.000000000 -0.000000000 1.000000000
vn 0.000000000 0.000000000 -1.000000000
vn 0.000000000 0.000000000 1.000000000
vn 0.000000000 0.000000000 -1.000000000
vn 0.000000000 0.000000000 1.000000000
vn 0.000000000 0.000000000 -1.000000000
vn 0.000000000 0.000000000 1.000000000
vn 0.000000000 0.000000000 -1.000000000
vn 0.000000000 0.000000000 1.000000000
vn 0.000000000 0.000000000 -1.000000000
vn 0.000000000 0.000000000 1.000000000
vn 0.000000000 0.000000000 -1.000000000
vn 0.000000000 0.000000000 1.000000000
vn 0.000000000 0.000000000 -1.000000000
vn 0.000000000 0.000000000 1.000000000
vn 0.000000000 0.000000000 -1.000000000
vn 0.000000000 -0.000000000 1.000000000
vn 0.000000000 0.000000000 -1.000000000
vn 0.000000000 0.000000000 1.000000000
vn 0.000000000 0.000000000 -1.000000000
vn 0.000000000 0.000000000 1.000000000
vn 0.000000000 0.000000000 -1.000000000
vn 0.000000000 0.000000000 1.000000000
vn 0.000000000 0.000000000 -1.000000000
vn 0.000000000 0.000000000 1.000000000
vn 0.000000000 0.000000000 -1.000000000
vn 0.000000000 -0.000000000 1.000000000
vn 0.000000000 0.000000000 -1.000000000
vn 0.000000000 -0.000000000 1.000000000
vn 0.000000000 0.000000000 -1.000000000
vn 0.000000000 0.000000000 1.000000000
vn 0.000000000 0.000000000 -1.000000000
vn 0.000000000 0.000000000 1.000000000
vn 0.000000000 0.000000000 -1.000000000
vn 0.000000000 0.000000000 1.000000000
vn 0.000000000 0.000000000 -1.000000000
vn -0.000000000 -0.000000000 1.000000000
vn 0.000000000 0.000000000 -1.000000000
vn 0.000000000 -0.000000000 1.000000000
vn 0.000000000 0.000000000 -1.000000000
vn 0.000000000 0.000000000 1.000000000
vn 0.000000000 0.000000000 -1.000000000
vn 0.000000000 0.000000000 1.000000000
vn 0.000000000 0.000000000 -1.000000000
vn 0.000000000 0.000000000 1.000000000
vn 0.000000000 0.000000000 -1.000000000
vn 0.000000000 0.000000000 1.000000000
vn 0.000000000 0.000000000 -1.000000000
vn -0.000000000 0.000000000 1.000000000
vn 0.000000000 0.000000000 -1.000000000
vn 0.000000000 0.000000000 1.000000000
vn -0.000000000 0.000000000 -1.000000000
vn 0.000000000 0.000000000 1.000000000
vn 0.000000000 0.000000000 -1.000000000
vn 0.000000000 0.000000000 1.000000000
vn 0.000000000 0.000000000 -1.000000000
vn 0.000000000 0.000000000 1.000000000
vn 0.000000000 0.000000000 -1.000000000
vn 0.000000000 -0.000000000 1.000000000
vn 0.000000000 0.000000000 -1.000000000
vn 0.000000000 0.000000000 1.000000000
vn 0.000000000 0.000000000 -1.000000000
vn 0.000000000 0.000000000 1.000000000
vn 0.000000000 0.000000000 -1.000000000
vn 0.000000000 0.000000000 1.000000000
vn 0.000000000 0.000000000 -1.000000000
vn 0.000000000 0.000000000 1.000000000
vn 0.000000000 0.000000000 -1.000000000
vn 0.000000000 0.000000000 1.000000000
vn 0.000000000 0.000000000 -1.000000000
vn 0.000000000 0.000000000 1.000000000
vn 0.000000000 0.000000000 -1.000000000
vn 0.000000000 0.000000000 1.000000000
vn 0.000000000 0.000000000 -1.000000000
vn 0.000000000 0.000000000 1.000000000
vn 0.000000000 0.000000000 -1.000000000
vn 0.000000000 0.000000000 1.000000000
vn 0.000000000 0.000000000 -1.000000000
vn 0.000000000 0.000000000 1.000000000
vn 0.000000000 0.000000000 -1.000000000
vn 0.000000000 0.000000000 1.000000000
vn 0.000000000 0.000000000 -1.000000000
vn 0.000000000 -0.000000000 1.000000000
vn 0.000000000 0.000000000 -1.000000000
vn 0.000000000 0.000000000 1.000000000
vn 0.000000000 0.000000000 -1.000000000
vn 0.000000000 0.000000000 1.000000000
vn 0.000000000 0.000000000 -1.000000000
vn 0.000000000 0.000000000 1.000000000
vn 0.000000000 0.000000000 -1.000000000
vn 0.000000000 0.000000000 1.000000000
vn 0.000000000 0.000000000 -1.000000000
vn 0.000000000 0.000000000 1.000000000
vn 0.000000000 0.000000000 -1.000000000
vn 0.000000000 -0.000000000 1.000000000
vn 0.000000000 0.000000000 -1.000000000
vn 0.000000000 0.000000000 1.000000000
vn 0.000000000 0.000000000 -1.000000000
vn 0.000000000 0.000000000 1.000000000
vn 0.000000000 0.000000000 -1.000000000
vn 0.000000000 0.000000000 1.000000000
vn -0.000000000 0.000000000 -1.000000000
vn 0.000000000 0.000000000 1.000000000
vn -0.000000000 0.000000000 -1.000000000
vn 0.000000000 0.000000000 1.000000000
vn -0.000000000 -0.000000000 -1.000000000
vn 0.000000000 0.000000000 1.000000000
vn 0.000000000 0.000000000 -1.000000000
vn 0.000000000 0.000000000 1.000000000
vn 0.000000000 0.000000000 -1.000000000
vn -0.000000000 0.000000000 1.000000000
vn 0.000000000 -0.000000000 -1.000000000
vn 0.000000000 -0.000000000 1.000000000
vn 0.000000000 0.000000000 -1.000000000
vn 0.000000000 0.000000000 1.000000000
vn -0.000000000 -0.000000000 -1.000000000
vn -0.000000000 0.000000000 1.000000000
vn -0.000000000 -0.000000000 -1.000000000
vn 0.000000000 0.000000000 1.000000000
vn 0.000000000 -0.000000000 -1.000000000
vn 0.000000000 0.000000000 1.000000000
vn -0.000000000 0.000000000 -1.000000000
vn 0.000000000 0.000000000 1.000000000
vn 0.000000000 0.000000000 -1.000000000
vn -0.000000000 0.000000000 1.000000000
vn 0.000000000 -0.000000000 -1.000000000
vn 0.000000000 -0.000000000 1.000000000
vn 0.000000000 0.000000000 -1.000000000
vn 0.000000000 0.000000000 1.000000000
vn -0.000000000 -0.000000000 -1.000000000
vn -0.000000000 0.000000000 1.000000000
vn 0.000000000 -0.000000000 -1.000000000
vn 0.000000000 0.000000000 1.000000000
vn 0.000000000 -0.000000000 -1.000000000
vn 0.000000000 0.000000000 1.000000000
vn 0.000000000 0.000000000 -1.000000000
vn 0.000000000 0.000000000 1.000000000
vn 0.000000000 0.000000000 -1.000000000
vn -0.000000000 0.000000000 1.000000000
vn -0.000000000 -0.000000000 -1.000000000
vn 0.000000000 0.000000000 1.000000000
vn 0.000000000 0.000000000 -1.000000000
vn 0.000000000 -0.000000000 1.000000000
vn 0.000000000 0.000000000 -1.000000000
vn 0.000000000 -0.000000000 1.000000000
vn 0.000000000 0.000000000 -1.000000000
vn 0.000000000 0.000000000 1.000000000
vn -0.000000000 -0.000000000 -1.000000000
vn 0.000000000 0.000000000 1.000000000
vn 0.000000000 0.000000000 -1.000000000
vn 0.000000000 0.000000000 1.000000000
vn -0.000000000 0.000000000 -1.000000000
vn 0.000000000 0.000000000 1.000000000
vn 0.000000000 0.000000000 -1.000000000
vn -0.000000000 0.000000000 1.000000000
vn 0.000000000 0.000000000 -1.000000000
vn -0.000000000 0.000000000 1.000000000
vn 0.000000000 0.000000000 -1.000000000
vn 0.000000000 0.000000000 1.000000000
vn 0.000000000 0.000000000 -1.000000000
vn 0.000000000 0.000000000 1.000000000
vn 0.000000000 0.000000000 -1.000000000
vn 0.000000000 0.000000000 1.000000000
vn 0.000000000 -0.000000000 -1.000000000
vn 0.000000000 0.000000000 1.000000000
vn 0.000000000 0.000000000 -1.000000000
vn 0.000000000 0.000000000 1.000000000
vn 0.000000000 0.000000000 -1.000000000
vn 0.000000000 -0.000000000 1.000000000
vn 0.000000000 0.000000000 -1.000000000
vn 0.000000000 0.000000000 1.000000000
vn 0.000000000 0.000000000 -1.000000000
vn 0.000000000 0.000000000 1.000000000
vn 0.000000000 0.000000000 -1.000000000
vn 0.000000000 -0.000000000 1.000000000
vn 0.000000000 0.000000000 -1.000000000
vn -0.000000000 -0.000000000 1.000000000
vn 0.000000000 0.000000000 -1.000000000
vn 0.000000000 -0.000000000 1.000000000
vn 0.000000000 0.000000000 -1.000000000
vn 0.000000000 -0.000000000 1.000000000
vn 0.000000000 0.000000000 -1.000000000
vn 0.000000000 0.000000000 1.000000000
vn 0.000000000 0.000000000 -1.000000000
vn 0.000000000 0.000000000 1.000000000
vn 0.000000000 0.000000000 -1.000000000
vn 0.000000000 -0.000000000 1.000000000
vn 0.000000000 0.000000000 -1.000000000
vn 0.000000000 0.000000000 1.000000000
vn 0.000000000 0.000000000 -1.000000000
vn 0.000000000 0.000000000 1.000000000
vn 0.000000000 0.000000000 -1.000000000
vn -0.000000000 -0.000000000 1.000000000
vn 0.000000000 0.000000000 -1.000000000
vn -0.000000000 -0.000000000 1.000000000
vn 0.000000000 0.000000000 -1.000000000
vn -0.000000000 -0.000000000 1.000000000
vn 0.000000000 0.000000000 -1.000000000
vn 0.000000000 -0.000000000 1.000000000
vn 0.000000000 0.000000000 -1.000000000
vn 0.000000000 -0.000000000 1.000000000
vn 0.000000000 0.000000000 -1.000000000
vn 0.000000000 0.000000000 1.000000000
vn 0.000000000 0.000000000 -1.000000000
vn 0.000000000 0.000000000 1.000000000
vn 0.000000000 0.000000000 -1.000000000
vn 0.000000000 0.000000000 1.000000000
vn 0.000000000 0.000000000 -1.000000000
vn 0.000000000 -0.000000000 1.000000000
vn 0.000000000 0.000000000 -1.000000000
vn -0.000000000 0.000000000 1.000000000
vn 0.000000000 -0.000000000 -1.000000000
vn -0.000000000 -0.000000000 1.000000000
vn 0.000000000 0.000000000 -1.000000000
vn 0.000000000 0.000000000 1.000000000
vn 0.000000000 0.000000000 -1.000000000
vn 0.000000000 0.000000000 1.000000000
vn 0.000000000 0.000000000 -1.000000000
vn 0.000000000 0.000000000 1.000000000
vn 0.000000000 0.000000000 -1.000000000
vn 0.000000000 0.000000000 1.000000000
vn 0.000000000 0.000000000 -1.000000000
vn 0.000000000 0.000000000 1.000000000
vn 0.000000000 0.000000000 -1.000000000
vn 0.000000000 0.000000000 1.000000000
vn 0.000000000 0.000000000 -1.000000000
vn 0.000000000 0.000000000 1.000000000
vn 0.000000000 0.000000000 -1.000000000
vn 0.000000000 0.000000000 1.000000000
vn 0.000000000 0.000000000 -1.000000000
vn 0.000000000 0.000000000 1.000000000
vn 0.000000000 0.000000000 -1.000000000
vn 0.000000000 0.000000000 1.000000000
vn 0.000000000 0.000000000 -1.000000000
vn 0.000000000 0.000000000 1.000000000
vn 0.000000000 0.000000000 -1.000000000
vn 0.000000000 0.000000000 1.000000000
vn 0.000000000 0.000000000 -1.000000000
vn 0.000000000 0.000000000 1.000000000
vn 0.000000000 -0.000000000 -1.000000000
vn -0.000000000 0.000000000 1.000000000
vn 0.000000000 0.000000000 -1.000000000
vn -0.000000000 0.000000000 1.000000000
vn 0.000000000 0.000000000 -1.000000000
vn 0.000000000 0.000000000 1.000000000
vn -0.000000000 0.000000000 -1.000000000
vn -0.000000000 0.000000000 1.000000000
vn 0.000000000 -0.000000000 -1.000000000
vn 0.000000000 -0.000000000 1.000000000
vn 0.000000000 0.000000000 -1.000000000
vn 0.000000000 0.000000000 1.000000000
vn 0.000000000 0.000000000 -1.000000000
vn 0.000000000 -0.000000000 1.000000000
vn 0.000000000 0.000000000 -1.000000000
vn 0.000000000 0.000000000 1.000000000
vn 0.000000000 0.000000000 -1.000000000
vn 0.000000000 0.000000000 1.000000000
vn 0.000000000 0.000000000 -1.000000000
vn 0.000000000 0.000000000 1.000000000
vn 0.000000000 0.000000000 -1.000000000
vn 0.000000000 0.000000000 1.000000000
vn 0.000000000 0.000000000 -1.000000000
vn 0.000000000 0.000000000 1.000000000
vn 0.000000000 0.000000000 -1.000000000
vn 0.000000000 0.000000000 1.000000000
vn 0.000000000 0.000000000 -1.000000000
vn 0.000000000 -0.000000000 1.000000000
vn 0.000000000 0.000000000 -1.000000000
vn 0.000000000 0.000000000 1.000000000
vn 0.000000000 0.000000000 -1.000000000
vn 0.000000000 0.000000000 1.000000000
vn 0.000000000 0.000000000 -1.000000000
vn 0.000000000 -0.000000000 1.000000000
vn 0.000000000 0.000000000 -1.000000000
vn 0.000000000 -0.000000000 1.000000000
vn 0.000000000 0.000000000 -1.000000000
vn 0.000000000 -0.000000000 1.000000000
vn 0.000000000 0.000000000 -1.000000000
vn 0.000000000 0.000000000 1.000000000
vn 0.000000000 0.000000000 -1.000000000
vn 0.000000000 0.000000000 1.000000000
vn 0.000000000 0.000000000 -1.000000000
vn 0.000000000 0.000000000 1.000000000
vn 0.000000000 0.000000000 -1.000000000
vn 0.000000000 -0.000000000 1.000000000
vn 0.000000000 0.000000000 -1.000000000
vn 0.000000000 0.000000000 1.000000000
vn 0.000000000 0.000000000 -1.000000000
vn 0.000000000 0.000000000 1.000000000
vn 0.000000000 0.000000000 -1.000000000
vn 0.000000000 -0.000000000 1.000000000
vn 0.000000000 0.000000000 -1.000000000
vn 0.000000000 -0.000000000 1.000000000
vn 0.000000000 0.000000000 -1.000000000
vn 0.000000000 0.000000000 1.000000000
vn 0.000000000 0.000000000 -1.000000000
vn 0.000000000 0.000000000 1.000000000
vn 0.000000000 0.000000000 -1.000000000
vn 0.000000000 0.000000000 1.000000000
vn 0.000000000 0.000000000 -1.000000000
vn 0.000000000 0.000000000 1.000000000
vn 0.000000000 0.000000000 -1.000000000
vn 0.000000000 0.000000000 1.000000000
vn 0.000000000 0.000000000 -1.000000000
vn 0.000000000 0.000000000 1.000000000
vn 0.000000000 0.000000000 -1.000000000
vn 0.000000000 0.000000000 1.000000000
vn 0.000000000 0.000000000 -1.000000000
vn 0.000000000 0.000000000 1.000000000
vn 0.000000000 0.000000000 -1.000000000
vn 0.000000000 0.000000000 1.000000000
vn 0.000000000 0.000000000 -1.000000000
vn 0.000000000 0.000000000 1.000000000
vn 0.000000000 0.000000000 -1.000000000
vn 0.000000000 0.000000000 1.000000000
vn 0.000000000 0.000000000 -1.000000000
vn 0.000000000 0.000000000 1.000000000
vn 0.000000000 0.000000000 -1.000000000
vn 0.000000000 0.000000000 1.000000000
vn 0.000000000 0.000000000 -1.000000000
vn 0.000000000 0.000000000 1.000000000
vn 0.000000000 0.000000000 -1.000000000
vn 0.000000000 0.000000000 1.000000000
vn 0.000000000 0.000000000 -1.000000000
vn 0.000000000 0.000000000 1.000000000
vn 0.000000000 0.000000000 -1.000000000
vn 0.000000000 0.000000000 1.000000000
vn 0.000000000 0.000000000 -1.000000000
vn 0.000000000 -0.000000000 1.000000000
vn 0.000000000 0.000000000 -1.000000000
vn 0.000000000 0.000000000 1.000000000
vn 0.000000000 0.000000000 -1.000000000
vn 0.000000000 0.000000000 1.000000000
vn 0.000000000 0.000000000 -1.000000000
vn 0.000000000 -0.000000000 1.000000000
vn 0.000000000 0.000000000 -1.000000000
vn 0.000000000 -0.000000000 1.000000000
vn 0.000000000 0.000000000 -1.000000000
vn 0.000000000 -0.000000000 1.000000000
vn 0.000000000 0.000000000 -1.000000000
vn 0.000000000 -0.000000000 1.000000000
vn 0.000000000 0.000000000 -1.000000000
vn 0.000000000 0.000000000 1.000000000
vn 0.000000000 0.000000000 -1.000000000
vn 0.000000000 0.000000000 1.000000000
vn 0.000000000 0.000000000 -1.000000000
vn 0.000000000 0.000000000 1.000000000
vn -0.000000000 0.000000000 -1.000000000
vn 0.000000000 0.000000000 1.000000000
vn 0.000000000 0.000000000 -1.000000000
vn 0.000000000 0.000000000 1.000000000
vn -0.000000000 0.000000000 -1.000000000
vn 0.000000000 0.000000000 1.000000000
vn 0.000000000 0.000000000 -1.000000000
vn 0.000000000 0.000000000 1.000000000
vn 0.000000000 0.000000000 -1.000000000
vn 0.000000000 0.000000000 1.000000000
vn 0.000000000 0.000000000 -1.000000000
vn -0.000000000 0.000000000 1.000000000
vn 0.000000000 0.000000000 -1.000000000
vn -0.000000000 0.000000000 1.000000000
vn 0.000000000 0.000000000 -1.000000000
vn 0.000000000 0.000000000 1.000000000
vn -0.000000000 0.000000000 -1.000000000
vn 0.000000000 0.000000000 1.000000000
vn 0.000000000 0.000000000 -1.000000000
vn 0.000000000 0.000000000 1.000000000
vn 0.000000000 0.000000000 -1.000000000
vn 0.000000000 0.000000000 1.000000000
vn 0.000000000 0.000000000 -1.000000000
vn 0.000000000 0.000000000 1.000000000
vn 0.000000000 0.000000000 -1.000000000
vn 0.000000000 0.000000000 1.000000000
vn 0.000000000 0.000000000 -1.000000000
vn 0.000000000 0.000000000 1.000000000
vn 0.000000000 0.000000000 -1.000000000
vn 0.000000000 -0.000000000 1.000000000
vn 0.000000000 0.000000000 -1.000000000
vn 0.000000000 -0.000000000 1.000000000
vn 0.000000000 0.000000000 -1.000000000
vn 0.000000000 -0.000000000 1.000000000
vn 0.000000000 0.000000000 -1.000000000
vn -0.000000000 -0.000000000 1.000000000
vn 0.000000000 0.000000000 -1.000000000
vn 0.000000000 -0.000000000 1.000000000
vn 0.000000000 0.000000000 -1.000000000
vn 0.000000000 -0.000000000 1.000000000
vn 0.000000000 0.000000000 -1.000000000
vn 0.000000000 -0.000000000 1.000000000
vn 0.000000000 0.000000000 -1.000000000
vn 0.000000000 -0.000000000 1.000000000
vn 0.000000000 0.000000000 -1.000000000
vn 0.000000000 0.000000000 1.000000000
vn 0.000000000 0.000000000 -1.000000000
vn 0.000000000 0.000000000 1.000000000
vn 0.000000000 0.000000000 -1.000000000
vn 0.000000000 0.000000000 1.000000000
vn 0.000000000 0.000000000 -1.000000000
vn 0.000000000 0.000000000 1.000000000
vn 0.000000000 0.000000000 -1.000000000
vn 0.000000000 0.000000000 1.000000000
vn 0.000000000 0.000000000 -1.000000000
vn 0.000000000 0.000000000 1.000000000
vn 0.000000000 0.000000000 -1.000000000
vn 0.000000000 0.000000000 1.000000000
vn 0.000000000 0.000000000 -1.000000000
vn 0.000000000 0.000000000 1.000000000
vn -0.000000000 0.000000000 -1.000000000
vn 0.000000000 0.000000000 1.000000000
vn 0.000000000 0.000000000 -1.000000000
vn 0.000000000 -0.000000000 1.000000000
vn 0.000000000 0.000000000 -1.000000000
vn 0.000000000 -0.000000000 1.000000000
vn 0.000000000 0.000000000 -1.000000000
vn 0.000000000 0.000000000 1.000000000
vn 0.000000000 0.000000000 -1.000000000
vn 0.000000000 0.000000000 1.000000000
vn -0.000000000 0.000000000 -1.000000000
vn 0.000000000 0.000000000 1.000000000
vn 0.000000000 0.000000000 -1.000000000
vn 0.000000000 0.000000000 1.000000000
vn 0.000000000 0.000000000 -1.000000000
vn -0.000000000 0.000000000 1.000000000
vn 0.000000000 0.000000000 -1.000000000
vn -0.000000000 0.000000000 1.000000000
vn 0.000000000 0.000000000 -1.000000000
vn 0.000000000 0.000000000 1.000000000
vn -0.000000000 0.000000000 -1.000000000
vn 0.000000000 0.000000000 1.000000000
vn 0.000000000 0.000000000 -1.000000000
vn 0.000000000 -0.000000000 1.000000000
vn 0.000000000 0.000000000 -1.000000000
vn 0.000000000 0.000000000 1.000000000
vn 0.000000000 0.000000000 -1.000000000
vn 0.000000000 0.000000000 1.000000000
vn 0.000000000 -0.000000000 -1.000000000
vn -0.000000000 0.000000000 1.000000000
vn 0.000000000 0.000000000 -1.000000000
vn 0.000000000 0.000000000 1.000000000
vn -0.000000000 0.000000000 -1.000000000
vn 0.000000000 0.000000000 1.000000000
vn 0.000000000 0.000000000 -1.000000000
vn -0.000000000 0.000000000 1.000000000
vn 0.000000000 0.000000000 -1.000000000
vn 0.000000000 0.000000000 1.000000000
vn -0.000000000 0.000000000 -1.000000000
vn 0.000000000 0.000000000 1.000000000
vn -0.000000000 0.000000000 -1.000000000
vn 0.000000000 0.000000000 1.000000000
vn 0.000000000 0.000000000 -1.000000000
vn 0.000000000 0.000000000 1.000000000
vn -0.000000000 -0.000000000 -1.000000000
vn 0.000000000 0.000000000 1.000000000
vn 0.000000000 0.000000000 -1.000000000
vn 0.000000000 0.000000000 1.000000000
vn -0.000000000 -0.000000000 -1.000000000
vn 0.000000000 0.000000000 1.000000000
vn 0.000000000 0.000000000 -1.000000000
vn 0.000000000 0.000000000 1.000000000
vn 0.000000000 0.000000000 -1.000000000
vn 0.000000000 0.000000000 1.000000000
vn 0.000000000 -0.000000000 -1.000000000
vn -0.000000000 0.000000000 1.000000000
vn 0.000000000 0.000000000 -1.000000000
vn 0.000000000 0.000000000 1.000000000
vn -0.000000000 0.000000000 -1.000000000
vn -0.000000000 0.000000000 1.000000000
vn 0.000000000 0.000000000 -1.000000000
vn 0.000000000 0.000000000 1.000000000
vn 0.000000000 0.000000000 -1.000000000
vn 0.000000000 0.000000000 1.000000000
vn -0.000000000 -0.000000000 -1.000000000
vn 0.000000000 0.000000000 1.000000000
vn -0.000000000 -0.000000000 -1.000000000
vn 0.000000000 0.000000000 1.000000000
vn 0.000000000 0.000000000 -1.000000000
vn 0.000000000 0.000000000 1.000000000
vn -0.000000000 -0.000000000 -1.000000000
vn 0.000000000 -0.000000000 1.000000000
vn 0.000000000 0.000000000 -1.000000000
vn 0.000000000 0.000000000 1.000000000
vn -0.000000000 -0.000000000 -1.000000000
vn 0.000000000 0.000000000 1.000000000
vn -0.000000000 -0.000000000 -1.000000000
vn 0.000000000 0.000000000 1.000000000
vn -0.000000000 -0.000000000 -1.000000000
vn 0.000000000 0.000000000 1.000000000
vn -0.000000000 -0.000000000 -1.000000000
vn 0.000000000 0.000000000 1.000000000
vn 0.000000000 -0.000000000 -1.000000000
vn -0.000000000 0.000000000 1.000000000
vn -0.000000000 0.000000000 -1.000000000
vn 0.000000000 -0.000000000 1.000000000
vn 0.000000000 0.000000000 -1.000000000
vn 0.000000000 0.000000000 1.000000000
vn -0.000000000 -0.000000000 -1.000000000
vn 0.000000000 0.000000000 1.000000000
vn 0.000000000 0.000000000 -1.000000000
vn 0.000000000 0.000000000 1.000000000
vn -0.000000000 0.000000000 -1.000000000
vn 0.000000000 0.000000000 1.000000000
vn 0.000000000 -0.000000000 -1.000000000
vn -0.000000000 0.000000000 1.000000000
vn 0.000000000 0.000000000 -1.000000000
vn 0.000000000 0.000000000 1.000000000
vn -0.000000000 -0.000000000 -1.000000000
vn -0.000000000 0.000000000 1.000000000
vn 0.000000000 -0.000000000 -1.000000000
vn 0.000000000 0.000000000 1.000000000
vn 0.000000000 -0.000000000 -1.000000000
vn -0.000000000 0.000000000 1.000000000
vn 0.000000000 0.000000000 -1.000000000
vn 0.000000000 0.000000000 1.000000000
vn -0.000000000 0.000000000 -1.000000000
vn 0.000000000 0.000000000 1.000000000
vn 0.000000000 0.000000000 -1.000000000
vn 0.000000000 0.000000000 1.000000000
vn -0.000000000 -0.000000000 -1.000000000
vn 0.000000000 -0.000000000 1.000000000
vn 0.000000000 0.000000000 -1.000000000
vn 0.000000000 0.000000000 1.000000000
vn 0.000000000 0.000000000 -1.000000000
vn 0.000000000 -0.000000000 1.000000000
vn 0.000000000 0.000000000 -1.000000000
vn 0.000000000 0.000000000 1.000000000
vn 0.000000000 0.000000000 -1.000000000
vn 0.000000000 0.000000000 1.000000000
vn 0.000000000 0.000000000 -1.000000000
vn 0.000000000 -0.000000000 1.000000000
vn 0.000000000 0.000000000 -1.000000000
vn -0.000000000 0.000000000 1.000000000
vn -0.000000000 -0.000000000 -1.000000000
vn 0.000000000 -0.000000000 1.000000000
vn 0.000000000 0.000000000 -1.000000000
vn -0.000000000 0.000000000 1.000000000
vn 0.000000000 -0.000000000 -1.000000000
vn 0.000000000 0.000000000 1.000000000
vn -0.000000000 -0.000000000 -1.000000000
vn 0.000000000 0.000000000 1.000000000
vn -0.000000000 -0.000000000 -1.000000000
vn 0.000000000 0.000000000 1.000000000
vn 0.000000000 0.000000000 -1.000000000
vn 0.000000000 0.000000000 1.000000000
vn 0.000000000 0.000000000 -1.000000000
vn 0.000000000 0.000000000 1.000000000
vn 0.000000000 -0.000000000 -1.000000000
vn 0.000000000 -0.000000000 1.000000000
vn 0.000000000 0.000000000 -1.000000000
vn 0.000000000 0.000000000 1.000000000
vn 0.000000000 0.000000000 -1.000000000
vn 0.000000000 -0.000000000 1.000000000
vn 0.000000000 0.000000000 -1.000000000
vn 0.000000000 -0.000000000 1.000000000
vn 0.000000000 0.000000000 -1.000000000
vn -0.000000000 -0.000000000 1.000000000
vn 0.000000000 0.000000000 -1.000000000
vn -0.000000000 -0.000000000 1.000000000
vn 0.000000000 0.000000000 -1.000000000
vn -0.000000000 -0.000000000 1.000000000
vn 0.000000000 0.000000000 -1.000000000
vn 0.000000000 -0.000000000 1.000000000
vn 0.000000000 0.000000000 -1.000000000
vn 0.000000000 0.000000000 1.000000000
vn 0.000000000 0.000000000 -1.000000000
vn 0.000000000 0.000000000 1.000000000
vn 0.000000000 0.000000000 -1.000000000
vn 0.000000000 -0.000000000 1.000000000
vn 0.000000000 0.000000000 -1.000000000
vn 0.000000000 0.000000000 1.000000000
vn 0.000000000 0.000000000 -1.000000000
vn 0.000000000 0.000000000 1.000000000
vn 0.000000000 0.000000000 -1.000000000
vn 0.000000000 -0.000000000 1.000000000
vn 0.000000000 0.000000000 -1.000000000
vn 0.000000000 0.000000000 1.000000000
vn 0.000000000 0.000000000 -1.000000000
vn 0.000000000 0.000000000 1.000000000
vn 0.000000000 0.000000000 -1.000000000
vn 0.000000000 0.000000000 1.000000000
vn 0.000000000 0.000000000 -1.000000000
vn 0.000000000 0.000000000 1.000000000
vn 0.000000000 0.000000000 -1.000000000
vn 0.000000000 0.000000000 1.000000000
vn 0.000000000 0.000000000 -1.000000000
vn 0.000000000 -0.000000000 1.000000000
vn 0.000000000 0.000000000 -1.000000000
vn 0.000000000 0.000000000 1.000000000
vn 0.000000000 0.000000000 -1.000000000
vn 0.000000000 -0.000000000 1.000000000
vn 0.000000000 0.000000000 -1.000000000
vn 0.000000000 0.000000000 1.000000000
vn 0.000000000 0.000000000 -1.000000000
vn 0.000000000 0.000000000 1.000000000
vn 0.000000000 0.000000000 -1.000000000
vn 0.000000000 -0.000000000 1.000000000
vn 0.000000000 0.000000000 -1.000000000
vn -0.000000000 0.000000000 1.000000000
vn 0.000000000 -0.000000000 -1.000000000
vn -0.000000000 0.000000000 1.000000000
vn 0.000000000 0.000000000 -1.000000000
vn -0.000000000 0.000000000 1.000000000
vn 0.000000000 0.000000000 -1.000000000
vn -0.000000000 0.000000000 1.000000000
vn 0.000000000 0.000000000 -1.000000000
vn -0.000000000 0.000000000 1.000000000
vn 0.000000000 0.000000000 -1.000000000
vn -0.000000000 0.000000000 1.000000000
vn 0.000000000 0.000000000 -1.000000000
vn -0.000000000 0.000000000 1.000000000
vn -0.000000000 0.000000000 -1.000000000
vn 0.000000000 0.000000000 1.000000000
vn 0.000000000 0.000000000 -1.000000000
vn 0.000000000 0.000000000 1.000000000
vn 0.000000000 0.000000000 -1.000000000
vn 0.000000000 0.000000000 1.000000000
vn 0.000000000 0.000000000 -1.000000000
vn 0.000000000 0.000000000 1.000000000
vn 0.000000000 0.000000000 -1.000000000
vn -0.000000000 -0.000000000 1.000000000
vn 0.000000000 0.000000000 -1.000000000
vn 0.000000000 0.000000000 1.000000000
vn 0.000000000 0.000000000 -1.000000000
vn 0.000000000 0.000000000 1.000000000
vn 0.000000000 0.000000000 -1.000000000
vn 0.000000000 0.000000000 1.000000000
vn 0.000000000 0.000000000 -1.000000000
vn 0.000000000 0.000000000 1.000000000
vn 0.000000000 0.000000000 -1.000000000
vn 0.000000000 0.000000000 1.000000000
vn 0.000000000 0.000000000 -1.000000000
vn 0.000000000 0.000000000 1.000000000
vn 0.000000000 0.000000000 -1.000000000
vn 0.000000000 0.000000000 1.000000000
vn 0.000000000 0.000000000 -1.000000000
vn 0.000000000 0.000000000 1.000000000
vn 0.000000000 0.000000000 -1.000000000
vn 0.000000000 -0.000000000 1.000000000
vn 0.000000000 0.000000000 -1.000000000
vn 0.000000000 0.000000000 1.000000000
vn 0.000000000 -0.000000000 -1.000000000
vn -0.000000000 0.000000000 1.000000000
vn 0.000000000 0.000000000 -1.000000000
vn 0.000000000 0.000000000 1.000000000
vn 0.000000000 -0.000000000 -1.000000000
vn 0.000000000 0.000000000 1.000000000
vn 0.000000000 0.000000000 -1.000000000
vn 0.000000000 0.000000000 1.000000000
vn 0.000000000 0.000000000 -1.000000000
vn 0.000000000 0.000000000 1.000000000
vn 0.000000000 0.000000000 -1.000000000
vn 0.000000000 0.000000000 1.000000000
vn 0.000000000 0.000000000 -1.000000000
vn 0.000000000 0.000000000 1.000000000
vn 0.000000000 0.000000000 -1.000000000
vn 0.000000000 0.000000000 1.000000000
vn 0.000000000 0.000000000 -1.000000000
vn 0.000000000 -0.000000000 1.000000000
vn 0.000000000 0.000000000 -1.000000000
vn 0.000000000 0.000000000 1.000000000
vn 0.000000000 0.000000000 -1.000000000
vn 0.000000000 0.000000000 1.000000000
vn 0.000000000 0.000000000 -1.000000000
vn 0.000000000 -0.000000000 1.000000000
vn 0.000000000 0.000000000 -1.000000000
vn -0.000000000 -0.000000000 1.000000000
vn 0.000000000 0.000000000 -1.000000000
vn 0.000000000 0.000000000 1.000000000
vn 0.000000000 -0.000000000 -1.000000000
vn 0.000000000 -0.000000000 1.000000000
vn 0.000000000 0.000000000 -1.000000000
vn -0.000000000 0.000000000 1.000000000
vn 0.000000000 -0.000000000 -1.000000000
vn 0.000000000 0.000000000 1.000000000
vn 0.000000000 0.000000000 -1.000000000
vn 0.000000000 0.000000000 1.000000000
vn 0.000000000 0.000000000 -1.000000000
vn 0.000000000 0.000000000 1.000000000
vn 0.000000000 0.000000000 -1.000000000
vn 0.000000000 0.000000000 1.000000000
vn 0.000000000 0.000000000 -1.000000000
vn 0.000000000 0.000000000 1.000000000
vn 0.000000000 0.000000000 -1.000000000
vn 0.000000000 0.000000000 1.000000000
vn 0.000000000 0.000000000 -1.000000000
vn 0.000000000 0.000000000 1.000000000
vn 0.000000000 0.000000000 -1.000000000
vn 0.000000000 0.000000000 1.000000000
vn 0.000000000 0.000000000 -1.000000000
vn 0.000000000 0.000000000 1.000000000
vn 0.000000000 0.000000000 -1.000000000
vn 0.000000000 0.000000000 1.000000000
vn 0.000000000 -0.000000000 -1.000000000
vn 0.000000000 0.000000000 1.000000000
vn 0.000000000 0.000000000 -1.000000000
vn 0.000000000 0.000000000 1.000000000
vn 0.000000000 0.000000000 -1.000000000
vn 0.000000000 0.000000000 1.000000000
vn 0.000000000 0.000000000 -1.000000000
vn 0.000000000 0.000000000 1.000000000
vn 0.000000000 0.000000000 -1.000000000
vn 0.000000000 0.000000000 1.000000000
vn 0.000000000 0.000000000 -1.000000000
vn 0.000000000 0.000000000 1.000000000
vn 0.000000000 0.000000000 -1.000000000
vn 0.000000000 -0.000000000 1.000000000
vn 0.000000000 0.000000000 -1.000000000
vn 0.000000000 0.000000000 1.000000000
vn 0.000000000 0.000000000 -1.000000000
vn 0.000000000 -0.000000000 1.000000000
vn 0.000000000 0.000000000 -1.000000000
vn 0.000000000 -0.000000000 1.000000000
vn 0.000000000 0.000000000 -1.000000000
vn -0.000000000 0.000000000 1.000000000
vn 0.000000000 -0.000000000 -1.000000000
vn -0.000000000 0.000000000 1.000000000
vn 0.000000000 0.000000000 -1.000000000
vn 0.000000000 0.000000000 1.000000000
vn 0.000000000 0.000000000 -1.000000000
vn 0.000000000 -0.000000000 1.000000000
vn 0.000000000 0.000000000 -1.000000000
vn 0.000000000 -0.000000000 1.000000000
vn 0.000000000 0.000000000 -1.000000000
vn 0.000000000 -0.000000000 1.000000000
vn 0.000000000 0.000000000 -1.000000000
vn 0.000000000 0.000000000 1.000000000
vn 0.000000000 0.000000000 -1.000000000
vn 0.000000000 -0.000000000 1.000000000
vn 0.000000000 0.000000000 -1.000000000
vn 0.000000000 0.000000000 1.000000000
vn 0.000000000 0.000000000 -1.000000000
vn -0.000000000 0.000000000 1.000000000
vn 0.000000000 -0.000000000 -1.000000000
vn 0.000000000 0.000000000 1.000000000
vn 0.000000000 0.000000000 -1.000000000
vn 0.000000000 0.000000000 1.000000000
vn -0.000000000 0.000000000 -1.000000000
vn 0.000000000 0.000000000 1.000000000
vn 0.000000000 0.000000000 -1.000000000
vn 0.000000000 0.000000000 1.000000000
vn 0.000000000 0.000000000 -1.000000000
vn 0.000000000 0.000000000 1.000000000
vn 0.000000000 0.000000000 -1.000000000
vn 0.000000000 -0.000000000 1.000000000
vn 0.000000000 0.000000000 -1.000000000
vn 0.000000000 0.000000000 1.000000000
vn 0.000000000 0.000000000 -1.000000000
vn 0.000000000 0.000000000 1.000000000
vn 0.000000000 0.000000000 -1.000000000
vn 0.000000000 0.000000000 1.000000000
vn 0.000000000 0.000000000 -1.000000000
vn 0.000000000 0.000000000 1.000000000
vn -0.000000000 0.000000000 -1.000000000
vn 0.000000000 0.000000000 1.000000000
vn -0.000000000 0.000000000 -1.000000000
vn 0.000000000 0.000000000 1.000000000
vn -0.000000000 0.000000000 -1.000000000
vn 0.000000000 -0.000000000 1.000000000
vn 0.000000000 0.000000000 -1.000000000
vn 0.000000000 -0.000000000 1.000000000
vn 0.000000000 0.000000000 -1.000000000
vn 0.000000000 0.000000000 1.000000000
vn 0.000000000 0.000000000 -1.000000000
vn 0.000000000 0.000000000 1.000000000
vn 0.000000000 0.000000000 -1.000000000
vn 0.000000000 0.000000000 1.000000000
vn 0.000000000 -0.000000000 -1.000000000
vn 0.000000000 0.000000000 1.000000000
vn 0.000000000 0.000000000 -1.000000000
vn -0.000000000 0.000000000 1.000000000
vn 0.000000000 0.000000000 -1.000000000
vn 0.000000000 0.000000000 1.000000000
vn 0.000000000 -0.000000000 -1.000000000
vn 0.000000000 0.000000000 1.000000000
vn 0.000000000 0.000000000 -1.000000000
vn 0.000000000 0.000000000 1.000000000
vn -0.000000000 0.000000000 -1.000000000
vn 0.000000000 0.000000000 1.000000000
vn 0.000000000 -0.000000000 -1.000000000
vn 0.000000000 0.000000000 1.000000000
vn 0.000000000 0.000000000 -1.000000000
vn 0.000000000 0.000000000 1.000000000
vn 0.000000000 0.000000000 -1.000000000
vn 0.000000000 0.000000000 1.000000000
vn -0.000000000 0.000000000 -1.000000000
vn 0.000000000 0.000000000 1.000000000
vn 0.000000000 0.000000000 -1.000000000
vn 0.000000000 0.000000000 1.000000000
vn 0.000000000 0.000000000 -1.000000000
vn 0.000000000 0.000000000 1.000000000
vn 0.000000000 0.000000000 -1.000000000
vn 0.000000000 0.000000000 1.000000000
vn -0.000000000 -0.000000000 -1.000000000
vn 0.000000000 0.000000000 1.000000000
vn 0.000000000 0.000000000 -1.000000000
vn 0.000000000 0.000000000 1.000000000
vn 0.000000000 0.000000000 -1.000000000
vn 0.000000000 0.000000000 1.000000000
vn 0.000000000 0.000000000 -1.000000000
vn 0.000000000 0.000000000 1.000000000
vn 0.000000000 0.000000000 -1.000000000
vn 0.000000000 0.000000000 1.000000000
vn 0.000000000 0.000000000 -1.000000000
vn 0.000000000 0.000000000 1.000000000
vn 0.000000000 0.000000000 -1.000000000
vn 0.000000000 0.000000000 1.000000000
vn 0.000000000 0.000000000 -1.000000000
vn 0.000000000 0.000000000 1.000000000
vn 0.000000000 0.000000000 -1.000000000
vn -0.000000000 0.000000000 1.000000000
vn -0.000000000 0.000000000 -1.000000000
vn -0.000000000 0.000000000 1.000000000
vn 0.000000000 0.000000000 -1.000000000
vn -0.000000000 0.000000000 1.000000000
vn 0.000000000 0.000000000 -1.000000000
vn 0.000000000 0.000000000 1.000000000
vn 0.000000000 0.000000000 -1.000000000
vn 0.000000000 0.000000000 1.000000000
vn -0.000000000 0.000000000 -1.000000000
vn 0.000000000 0.000000000 1.000000000
vn 0.000000000 -0.000000000 -1.000000000
vn -0.000000000 0.000000000 1.000000000
vn -0.000000000 0.000000000 -1.000000000
vn -0.000000000 0.000000000 1.000000000
vn -0.000000000 -0.000000000 -1.000000000
vn -0.000000000 0.000000000 1.000000000
vn 0.000000000 -0.000000000 -1.000000000
vn 0.000000000 0.000000000 1.000000000
vn 0.000000000 0.000000000 -1.000000000
vn 0.000000000 0.000000000 1.000000000
vn 0.000000000 -0.000000000 -1.000000000
vn 0.000000000 0.000000000 1.000000000
vn 0.000000000 0.000000000 -1.000000000
vn 0.000000000 0.000000000 1.000000000
vn 0.000000000 0.000000000 -1.000000000
vn 0.000000000 0.000000000 1.000000000
vn -0.000000000 0.000000000 -1.000000000
vn 0.000000000 0.000000000 1.000000000
vn 0.000000000 0.000000000 -1.000000000
vn 0.000000000 0.000000000 1.000000000
vn 0.000000000 0.000000000 -1.000000000
vn 0.000000000 0.000000000 1.000000000
vn -0.000000000 -0.000000000 -1.000000000
vn 0.000000000 -0.000000000 1.000000000
vn 0.000000000 0.000000000 -1.000000000
vn -0.000000000 0.000000000 1.000000000
vn 0.000000000 -0.000000000 -1.000000000
vn 0.000000000 0.000000000 1.000000000
vn -0.000000000 0.000000000 -1.000000000
vn 0.000000000 0.000000000 1.000000000
vn 0.000000000 -0.000000000 -1.000000000
vn 0.000000000 0.000000000 1.000000000
vn 0.000000000 -0.000000000 -1.000000000
vn 0.000000000 0.000000000 1.000000000
vn 0.000000000 0.000000000 -1.000000000
vn 0.000000000 0.000000000 1.000000000
vn 0.000000000 0.000000000 -1.000000000
vn 0.000000000 0.000000000 1.000000000
vn 0.000000000 0.000000000 -1.000000000
vn 0.000000000 0.000000000 1.000000000
vn 0.000000000 0.000000000 -1.000000000
vn -0.000000000 0.000000000 1.000000000
vn -0.000000000 0.000000000 -1.000000000
vn 0.000000000 0.000000000 1.000000000
vn 0.000000000 -0.000000000 -1.000000000
vn -0.000000000 0.000000000 1.000000000
vn 0.000000000 0.000000000 -1.000000000
vn 0.000000000 0.000000000 1.000000000
vn -0.000000000 0.000000000 -1.000000000
vn -0.000000000 0.000000000 1.000000000
vn 0.000000000 0.000000000 -1.000000000
vn 0.000000000 0.000000000 1.000000000
vn -0.000000000 0.000000000 -1.000000000
vn -0.000000000 0.000000000 1.000000000
vn 0.000000000 -0.000000000 -1.000000000
vn -0.000000000 0.000000000 1.000000000
vn -0.000000000 0.000000000 -1.000000000
vn 0.000000000 0.000000000 1.000000000
vn 0.000000000 -0.000000000 -1.000000000
vn -0.000000000 0.000000000 1.000000000
vn 0.000000000 0.000000000 -1.000000000
vn 0.000000000 -0.000000000 1.000000000
vn 0.000000000 0.000000000 -1.000000000
vn 0.000000000 0.000000000 1.000000000
vn 0.000000000 -0.000000000 -1.000000000
vn 0.000000000 0.000000000 1.000000000
vn -0.000000000 0.000000000 -1.000000000
vn 0.000000000 0.000000000 1.000000000
vn -0.000000000 0.000000000 -1.000000000
vn 0.000000000 0.000000000 1.000000000
vn 0.000000000 0.000000000 -1.000000000
vn 0.000000000 0.000000000 1.000000000
vn 0.000000000 0.000000000 -1.000000000
vn 0.000000000 0.000000000 1.000000000
vn 0.000000000 0.000000000 -1.000000000
vn -0.000000000 -0.000000000 1.000000000
vn 0.000000000 0.000000000 -1.000000000
vn 0.000000000 -0.000000000 1.000000000
vn 0.000000000 0.000000000 -1.000000000
vn -0.000000000 -0.000000000 1.000000000
vn 0.000000000 0.000000000 -1.000000000
vn 0.000000000 -0.000000000 1.000000000
vn 0.000000000 0.000000000 -1.000000000
vn 0.000000000 0.000000000 1.000000000
vn 0.000000000 0.000000000 -1.000000000
vn 0.000000000 -0.000000000 1.000000000
vn 0.000000000 0.000000000 -1.000000000
vn 0.000000000 0.000000000 1.000000000
vn 0.000000000 0.000000000 -1.000000000
vn 0.000000000 0.000000000 1.000000000
vn 0.000000000 0.000000000 -1.000000000
vn 0.000000000 0.000000000 1.000000000
vn -0.000000000 0.000000000 -1.000000000
vn 0.000000000 0.000000000 1.000000000
vn 0.000000000 0.000000000 -1.000000000
vn 0.000000000 0.000000000 1.000000000
vn 0.000000000 0.000000000 -1.000000000
vn 0.000000000 0.000000000 1.000000000
vn 0.000000000 -0.000000000 -1.000000000
vn 0.000000000 0.000000000 1.000000000
vn 0.000000000 0.000000000 -1.000000000
vn 0.000000000 0.000000000 1.000000000
vn 0.000000000 0.000000000 -1.000000000
vn 0.000000000 0.000000000 1.000000000
vn 0.000000000 0.000000000 -1.000000000
vn 0.000000000 -0.000000000 1.000000000
vn 0.000000000 0.000000000 -1.000000000
vn 0.000000000 0.000000000 1.000000000
vn 0.000000000 0.000000000 -1.000000000
vn 0.000000000 -0.000000000 1.000000000
vn 0.000000000 0.000000000 -1.000000000
vn -0.000000000 -0.000000000 1.000000000
vn 0.000000000 0.000000000 -1.000000000
vn -0.000000000 -0.000000000 1.000000000
vn 0.000000000 0.000000000 -1.000000000
vn -0.000000000 -0.000000000 1.000000000
vn 0.000000000 0.000000000 -1.000000000
vn 0.000000000 0.000000000 1.000000000
vn 0.000000000 -0.000000000 -1.000000000
vn 0.000000000 0.000000000 1.000000000
vn 0.000000000 0.000000000 -1.000000000
vn 0.000000000 0.000000000 1.000000000
vn 0.000000000 0.000000000 -1.000000000
vn 0.000000000 0.000000000 1.000000000
vn 0.000000000 0.000000000 -1.000000000
vn 0.000000000 0.000000000 1.000000000
vn -0.000000000 0.000000000 -1.000000000
vn 0.000000000 0.000000000 1.000000000
vn 0.000000000 0.000000000 -1.000000000
vn 0.000000000 0.000000000 1.000000000
vn 0.000000000 0.000000000 -1.000000000
vn 0.000000000 -0.000000000 1.000000000
vn 0.000000000 0.000000000 -1.000000000
vn 0.000000000 0.000000000 1.000000000
vn 0.000000000 0.000000000 -1.000000000
vn 0.000000000 -0.000000000 1.000000000
vn 0.000000000 0.000000000 -1.000000000
vn -0.000000000 -0.000000000 1.000000000
vn 0.000000000 0.000000000 -1.000000000
vn -0.000000000 -0.000000000 1.000000000
vn 0.000000000 0.000000000 -1.000000000
vn -0.000000000 -0.000000000 1.000000000
vn 0.000000000 0.000000000 -1.000000000
vn 0.000000000 -0.000000000 1.000000000
vn 0.000000000 0.000000000 -1.000000000
vn -0.000000000 -0.000000000 1.000000000
vn 0.000000000 0.000000000 -1.000000000
vn -0.000000000 -0.000000000 1.000000000
vn 0.000000000 0.000000000 -1.000000000
vn 0.000000000 -0.000000000 1.000000000
vn 0.000000000 0.000000000 -1.000000000
vn 0.000000000 0.000000000 1.000000000
vn 0.000000000 0.000000000 -1.000000000
vn 0.000000000 -0.000000000 1.000000000
vn 0.000000000 0.000000000 -1.000000000
vn 0.000000000 0.000000000 1.000000000
vn 0.000000000 -0.000000000 -1.000000000
vn -0.000000000 0.000000000 1.000000000
vn 0.000000000 0.000000000 -1.000000000
vn -0.000000000 0.000000000 1.000000000
vn -0.000000000 0.000000000 -1.000000000
vn -0.000000000 0.000000000 1.000000000
vn 0.000000000 -0.000000000 -1.000000000
vn -0.000000000 0.000000000 1.000000000
vn 0.000000000 0.000000000 -1.000000000
vn -0.000000000 -0.000000000 1.000000000
vn 0.000000000 0.000000000 -1.000000000
vn 0.000000000 -0.000000000 1.000000000
vn 0.000000000 0.000000000 -1.000000000
vn 0.000000000 0.000000000 1.000000000
vn 0.000000000 0.000000000 -1.000000000
vn -0.000000000 0.000000000 1.000000000
vn 0.000000000 0.000000000 -1.000000000
vn 0.000000000 0.000000000 1.000000000
vn 0.000000000 0.000000000 -1.000000000
vn -0.000000000 0.000000000 1.000000000
vn 0.000000000 0.000000000 -1.000000000
vn -0.000000000 0.000000000 1.000000000
vn -0.000000000 -0.000000000 -1.000000000
vn 0.000000000 0.000000000 1.000000000
vn 0.000000000 0.000000000 -1.000000000
vn 0.000000000 0.000000000 1.000000000
vn -0.000000000 -0.000000000 -1.000000000
vn 0.000000000 0.000000000 1.000000000
vn 0.000000000 0.000000000 -1.000000000
vn -0.000000000 0.000000000 1.000000000
vn 0.000000000 -0.000000000 -1.000000000
vn 0.000000000 0.000000000 1.000000000
vn -0.000000000 0.000000000 -1.000000000
vn 0.000000000 0.000000000 1.000000000
vn 0.000000000 0.000000000 -1.000000000
vn 0.000000000 0.000000000 1.000000000
vn 0.000000000 0.000000000 -1.000000000
vn 0.000000000 0.000000000 1.000000000
vn 0.000000000 0.000000000 -1.000000000
vn 0.000000000 0.000000000 1.000000000
vn 0.000000000 0.000000000 -1.000000000
vn 0.000000000 0.000000000 1.000000000
vn -0.000000000 0.000000000 -1.000000000
vn 0.000000000 0.000000000 1.000000000
vn 0.000000000 0.000000000 -1.000000000
vn 0.000000000 0.000000000 1.000000000
vn 0.000000000 0.000000000 -1.000000000
vn 0.000000000 0.000000000 1.000000000
vn 0.000000000 0.000000000 -1.000000000
vn 0.000000000 0.000000000 1.000000000
vn 0.000000000 0.000000000 -1.000000000
vn 0.000000000 0.000000000 1.000000000
vn 0.000000000 0.000000000 -1.000000000
vn -0.000000000 0.000000000 1.000000000
vn 0.000000000 0.000000000 -1.000000000
vn 0.000000000 -0.000000000 1.000000000
vn 0.000000000 0.000000000 -1.000000000
vn -0.000000000 0.000000000 1.000000000
vn 0.000000000 -0.000000000 -1.000000000
vn 0.000000000 -0.000000000 1.000000000
vn 0.000000000 0.000000000 -1.000000000
vn 0.000000000 0.000000000 1.000000000
vn 0.000000000 0.000000000 -1.000000000
vn 0.000000000 0.000000000 1.000000000
vn 0.000000000 0.000000000 -1.000000000
vn 0.000000000 0.000000000 1.000000000
vn 0.000000000 0.000000000 -1.000000000
vn 0.000000000 0.000000000 1.000000000
vn 0.000000000 0.000000000 -1.000000000
vn -0.000000000 -0.000000000 1.000000000
vn 0.000000000 0.000000000 -1.000000000
vn 0.000000000 0.000000000 1.000000000
vn 0.000000000 0.000000000 -1.000000000
vn 0.000000000 0.000000000 1.000000000
vn 0.000000000 0.000000000 -1.000000000
vn 0.000000000 0.000000000 1.000000000
vn 0.000000000 0.000000000 -1.000000000
vn -0.000000000 -0.000000000 1.000000000
vn 0.000000000 0.000000000 -1.000000000
vn 0.000000000 -0.000000000 1.000000000
vn 0.000000000 0.000000000 -1.000000000
vn -0.000000000 0.000000000 1.000000000
vn 0.000000000 -0.000000000 -1.000000000
vn 0.000000000 -0.000000000 1.000000000
vn 0.000000000 0.000000000 -1.000000000
vn 0.000000000 0.000000000 1.000000000
vn 0.000000000 0.000000000 -1.000000000
vn 0.000000000 0.000000000 1.000000000
vn 0.000000000 0.000000000 -1.000000000
vn -0.000000000 0.000000000 1.000000000
vn 0.000000000 -0.000000000 -1.000000000
vn 0.000000000 -0.000000000 1.000000000
vn 0.000000000 0.000000000 -1.000000000
vn 0.000000000 0.000000000 1.000000000
vn 0.000000000 -0.000000000 -1.000000000
vn 0.000000000 -0.000000000 1.000000000
vn 0.000000000 0.000000000 -1.000000000
vn 0.000000000 0.000000000 1.000000000
vn 0.000000000 -0.000000000 -1.000000000
vn 0.000000000 0.000000000 1.000000000
vn -0.000000000 0.000000000 -1.000000000
vn 0.000000000 -0.000000000 1.000000000
vn 0.000000000 0.000000000 -1.000000000
vn -0.000000000 0.000000000 1.000000000
vn 0.000000000 0.000000000 -1.000000000
vn 0.000000000 -0.000000000 1.000000000
vn 0.000000000 0.000000000 -1.000000000
vn 0.000000000 0.000000000 1.000000000
vn 0.000000000 0.000000000 -1.000000000
vn 0.000000000 -0.000000000 1.000000000
vn 0.000000000 0.000000000 -1.000000000
vn -0.000000000 -0.000000000 1.000000000
vn 0.000000000 0.000000000 -1.000000000
vn -0.000000000 -0.000000000 1.000000000
vn 0.000000000 0.000000000 -1.000000000
vn -0.000000000 -0.000000000 1.000000000
vn 0.000000000 0.000000000 -1.000000000
vn 0.000000000 0.000000000 1.000000000
vn 0.000000000 0.000000000 -1.000000000
vn -0.000000000 0.000000000 1.000000000
vn 0.000000000 0.000000000 -1.000000000
vn -0.000000000 0.000000000 1.000000000
vn 0.000000000 -0.000000000 -1.000000000
vn -0.000000000 0.000000000 1.000000000
vn 0.000000000 0.000000000 -1.000000000
vn -0.000000000 0.000000000 1.000000000
vn -0.000000000 0.000000000 -1.000000000
vn 0.000000000 0.000000000 1.000000000
vn 0.000000000 0.000000000 -1.000000000
vn -0.000000000 -0.000000000 1.000000000
vn 0.000000000 0.000000000 -1.000000000
vn 0.000000000 -0.000000000 1.000000000
vn 0.000000000 0.000000000 -1.000000000
vn 0.000000000 0.000000000 1.000000000
vn -0.000000000 0.000000000 -1.000000000
f 1//1 2//1 3//1 4//1
f 2//2 5//2 6//2 3//2
f 5//3 7//3 8//3 6//3
f 7//4 9//4 10//4 8//4
f 9//5 11//5 12//5 10//5
f 11//6 13//6 14//6 12//6
f 13//7 15//7 16//7 14//7
f 15//8 17//8 18//8 16//8
f 17//9 19//9 20//9 18//9
f 19//10 21//10 22//10 20//10
f 21//11 23//11 24//11 22//11
f 23//12 25//12 26//12 24//12
f 25//13 27//13 28//13 26//13
f 27//14 29//14 30//14 28//14
f 29//15 31//15 32//15 30//15
f 31//16 33//16 34//16 32//16
f 33//17 35//17 36//17 34//17
f 35//18 37//18 38//18 36//18
f 37//19 39//19 40//19 38//19
f 39//20 41//20 42//20 40//20
f 41//21 43//21 44//21 42//21
f 43//22 45//22 46//22 44//22
f 45//23 47//23 48//23 46//23
f 47//24 49//24 50//24 48//24
f 49//25 51//25 52//25 50//25
f 51//26 53//26 54//26 52//26
f 53//27 55//27 56//27 54//27
f 55//28 57//28 58//28 56//28
f 57//29 59//29 60//29 58//29
f 59//30 61//30 62//30 60//30
f 61//31 63//31 64//31 62//31
f 63//32 65//32 66//32 64//32
f 65//33 67//33 68//33 66//33
f 67//34 69//34 70//34 68//34
f 69//35 71//35 72//35 70//35
f 71//36 73//36 74//36 72//36
f 73//37 75//37 76//37 74//37
f 75//38 77//38 78//38 76//38
f 77//39 79//39 80//39 78//39
f 79//40 81//40 82//40 80//40
f 81//41 83//41 84//41 82//41
f 83//42 85//42 86//42 84//42
f 85//43 87//43 88//43 86//43
f 87//44 89//44 90//44 88//44
f 89//45 91//45 92//45 90//45
f 91//46 93//46 94//46 92//46
f 93//47 95//47 96//47 94//47
f 95//48 97//48 98//48 96//48
f 97//49 99//49 100//49 98//49
f 99//50 101//50 102//50 100//50
f 101//51 103//51 104//51 102//51
f 103//52 105//52 106//52 104//52
f 105//53 107//53 108//53 106//53
f 107//54 109//54 110//54 108//54
f 109//55 111//55 112//55 110//55
f 111//56 113//56 114//56 112//56
f 113//57 115//57 116//57 114//57
f 115//58 117//58 118//58 116//58
f 117//59 119//59 120//59 118//59
f 119//60 121//60 122//60 120//60
f 121//61 123//61 124//61 122//61
f 123//62 125//62 126//62 124//62
f 125//63 127//63 128//63 126//63
f 127//64 129//64 130//64 128//64
f 129//65 131//65 132//65 130//65
f 131//66 133//66 134//66 132//66
f 133//67 135//67 136//67 134//67
f 135//68 137//68 138//68 136//68
f 137//69 139//69 140//69 138//69
f 139//70 141//70 142//70 140//70
f 141//71 143//71 144//71 142//71
f 143//72 145//72 146//72 144//72
f 145//73 147//73 148//73 146//73
f 147//74 149//74 150//74 148//74
f 149//75 151//75 152//75 150//75
f 151//76 153//76 154//76 152//76
f 153//77 155//77 156//77 154//77
f 155//78 157//78 158//78 156//78
f 157//79 159//79 160//79 158//79
f 159//80 161//80 162//80 160//80
f 161//81 163//81 164//81 162//81
f 163//82 165//82 166//82 164//82
f 165//83 167//83 168//83 166//83
f 167//84 169//84 170//84 168//84
f 169//85 171//85 172//85 170//85
f 171//86 173//86 174//86 172//86
f 173//87 175//87 176//87 174//87
f 175//88 177//88 178//88 176//88
f 177//89 179//89 180//89 178//89
f 179//90 181//90 182//90 180//90
f 181//91 183//91 184//91 182//91
f 183//92 185//92 186//92 184//92
f 185//93 187//93 188//93 186//93
f 187//94 189//94 190//94 188//94
f 189//95 191//95 192//95 190//95
f 191//96 193//96 194//96 192//96
f 193//97 195//97 196//97 194//97
f 195//98 197//98 198//98 196//98
f 197//99 199//99 200//99 198//99
f 199//100 201//100 202//100 200//100
f 201//101 203//101 204//101 202//101
f 203//102 205//102 206//102 204//102
f 205//103 207//103 208//103 206//103
f 207//104 209//104 210//104 208//104
f 209//105 211//105 212//105 210//105
f 211//106 213//106 214//106 212//106
f 213//107 215//107 216//107 214//107
f 215//108 217//108 218//108 216//108
f 217//109 219//109 220//109 218//109
f 219//110 221//110 222//110 220//110
f 221//111 223//111 224//111 222//111
f 223//112 225//112 226//112 224//112
f 225//113 227//113 228//113 226//113
f 227//114 229//114 230//114 228//114
f 229//115 231//115 232//115 230//115
f 231//116 233//116 234//116 232//116
f 233//117 235//117 236//117 234//117
f 235//118 237//118 238//118 236//118
f 237//119 239//119 240//119 238//119
f 239//120 241//120 242//120 240//120
f 241//121 243//121 244//121 242//121
f 243//122 245//122 246//122 244//122
f 245//123 247//123 248//123 246//123
f 247//124 249//124 250//124 248//124
f 249//125 251//125 252//125 250//125
f 251//126 253//126 254//126 252//126
f 253//127 255//127 256//127 254//127
f 255//128 257//128 258//128 256//128
f 257//129 259//129 260//129 258//129
f 259//130 261//130 262//130 260//130
f 261//131 263//131 264//131 262//131
f 263//132 265//132 266//132 264//132
f 265//133 267//133 268//133 266//133
f 267//134 269//134 270//134 268//134
f 269//135 271//135 272//135 270//135
f 271//136 273//136 274//136 272//136
f 273//137 275//137 276//137 274//137
f 275//138 277//138 278//138 276//138
f 277//139 279//139 280//139 278//139
f 279//140 281//140 282//140 280//140
f 281//141 283//141 284//141 282//141
f 283//142 285//142 286//142 284//142
f 285//143 287//143 288//143 286//143
f 287//144 289//144 290//144 288//144
f 289//145 291//145 292//145 290//145
f 291//146 293//146 294//146 292//146
f 293//147 295//147 296//147 294//147
f 295//148 297//148 298//148 296//148
f 297//149 299//149 300//149 298//149
f 299//150 301//150 302//150 300//150
f 301//151 303//151 304//151 302//151
f 303//152 305//152 306//152 304//152
f 305//153 307//153 308//153 306//153
f 307//154 309//154 310//154 308//154
f 309//155 311//155 312//155 310//155
f 311//156 313//156 314//156 312//156
f 313//157 315//157 316//157 314//157
f 315//158 317//158 318//158 316//158
f 317//159 319//159 320//159 318//159
f 319//160 321//160 322//160 320//160
f 321//161 323//161 324//161 322//161
f 323//162 325//162 326//162 324//162
f 325//163 327//163 328//163 326//163
f 327//164 329//164 330//164 328//164
f 329//165 331//165 332//165 330//165
f 331//166 333//166 334//166 332//166
f 333//167 335//167 336//167 334//167
f 335//168 337//168 338//168 336//168
f 337//169 339//169 340//169 338//169
f 339//170 341//170 342//170 340//170
f 341//171 343//171 344//171 342//171
f 343//172 345//172 346//172 344//172
f 345//173 347//173 348//173 346//173
f 347//174 349//174 350//174 348//174
f 349//175 351//175 352//175 350//175
f 351//176 353//176 354//176 352//176
f 353//177 355//177 356//177 354//177
f 355//178 357//178 358//178 356//178
f 357//179 359//179 360//179 358//179
f 359//180 361//180 362//180 360//180
f 361//181 363//181 364//181 362//181
f 363//182 365//182 366//182 364//182
f 365//183 367//183 368//183 366//183
f 367//184 369//184 370//184 368//184
f 369//185 371//185 372//185 370//185
f 371//186 373//186 374//186 372//186
f 373//187 375//187 376//187 374//187
f 375//188 377//188 378//188 376//188
f 377//189 379//189 380//189 378//189
f 379//190 381//190 382//190 380//190
f 381//191 383//191 384//191 382//191
f 383//192 385//192 386//192 384//192
f 385//193 387//193 388//193 386//193
f 387//194 389//194 390//194 388//194
f 389//195 391//195 392//195 390//195
f 391//196 393//196 394//196 392//196
f 393//197 395//197 396//197 394//197
f 395//198 397//198 398//198 396//198
f 397//199 399//199 400//199 398//199
f 399//200 401//200 402//200 400//200
f 401//201 403//201 404//201 402//201
f 403//202 405//202 406//202 404//202
f 405//203 407//203 408//203 406//203
f 407//204 409//204 410//204 408//204
f 409//205 411//205 412//205 410//205
f 411//206 413//206 414//206 412//206
f 413//207 415//207 416//207 414//207
f 415//208 417//208 418//208 416//208
f 417//209 419//209 420//209 418//209
f 419//210 421//210 422//210 420//210
f 421//211 423//211 424//211 422//211
f 423//212 425//212 426//212 424//212
f 425//213 427//213 428//213 426//213
f 427//214 429//214 430//214 428//214
f 429//215 431//215 432//215 430//215
f 431//216 433//216 434//216 432//216
f 433//217 435//217 436//217 434//217
f 435//218 437//218 438//218 436//218
f 437//219 439//219 440//219 438//219
f 439//220 441//220 442//220 440//220
f 441//221 443//221 444//221 442//221
f 443//222 445//222 446//222 444//222
f 445//223 447//223 448//223 446//223
f 447//224 449//224 450//224 448//224
f 449//225 451//225 452//225 450//225
f 451//226 453//226 454//226 452//226
f 453//227 455//227 456//227 454//227
f 455//228 457//228 458//228 456//228
f 457//229 459//229 460//229 458//229
f 459//230 461//230 462//230 460//230
f 461//231 463//231 464//231 462//231
f 463//232 465//232 466//232 464//232
f 465//233 467//233 468//233 466//233
f 467//234 469//234 470//234 468//234
f 469//235 471//235 472//235 470//235
f 471//236 473//236 474//236 472//236
f 473//237 475//237 476//237 474//237
f 475//238 477//238 478//238 476//238
f 477//239 479//239 480//239 478//239
f 479//240 481//240 482//240 480//240
f 481//241 483//241 484//241 482//241
f 483//242 485//242 486//242 484//242
f 485//243 487//243 488//243 486//243
f 487//244 489//244 490//244 488//244
f 489//245 491//245 492//245 490//245
f 491//246 493//246 494//246 492//246
f 493//247 495//247 496//247 494//247
f 495//248 497//248 498//248 496//248
f 497//249 499//249 500//249 498//249
f 499//250 501//250 502//250 500//250
f 501//251 503//251 504//251 502//251
f 503//252 505//252 506//252 504//252
f 505//253 507//253 508//253 506//253
f 507//254 509//254 510//254 508//254
f 509//255 511//255 512//255 510//255
f 511//256 513//256 514//256 512//256
f 513//257 515//257 516//257 514//257
f 515//258 517//258 518//258 516//258
f 517//259 519//259 520//259 518//259
f 519//260 521//260 522//260 520//260
f 521//261 523//261 524//261 522//261
f 523//262 525//262 526//262 524//262
f 525//263 527//263 528//263 526//263
f 527//264 529//264 530//264 528//264
f 529//265 531//265 532//265 530//265
f 531//266 533//266 534//266 532//266
f 533//267 535//267 536//267 534//267
f 535//268 537//268 538//268 536//268
f 537//269 539//269 540//269 538//269
f 539//270 541//270 542//270 540//270
f 541//271 543//271 544//271 542//271
f 543//272 545//272 546//272 544//272
f 545//273 547//273 548//273 546//273
f 547//274 549//274 550//274 548//274
f 549//275 551//275 552//275 550//275
f 551//276 553//276 554//276 552//276
f 553//277 555//277 556//277 554//277
f 555//278 557//278 558//278 556//278
f 557//279 559//279 560//279 558//279
f 559//280 561//280 562//280 560//280
f 561//281 563//281 564//281 562//281
f 563//282 565//282 566//282 564//282
f 565//283 567//283 568//283 566//283
f 567//284 569//284 570//284 568//284
f 569//285 571//285 572//285 570//285
f 571//286 573//286 574//286 572//286
f 573//287 575//287 576//287 574//287
f 575//288 577//288 578//288 576//288
f 577//289 579//289 580//289 578//289
f 579//290 581//290 582//290 580//290
f 581//291 583//291 584//291 582//291
f 583//292 585//292 586//292 584//292
f 585//293 587//293 588//293 586//293
f 587//294 589//294 590//294 588//294
f 589//295 591//295 592//295 590//295
f 591//296 593//296 594//296 592//296
f 593//297 595//297 596//297 594//297
f 595//298 597//298 598//298 596//298
f 597//299 599//299 600//299 598//299
f 599//300 601//300 602//300 600//300
f 601//301 603//301 604//301 602//301
f 603//302 605//302 606//302 604//302
f 605//303 607//303 608//303 606//303
f 607//304 609//304 610//304 608//304
f 609//305 611//305 612//305 610//305
f 611//306 613//306 614//306 612//306
f 613//307 615//307 616//307 614//307
f 615//308 617//308 618//308 616//308
f 617//309 619//309 620//309 618//309
f 619//310 621//310 622//310 620//310
f 621//311 623//311 624//311 622//311
f 623//312 625//312 626//312 624//312
f 625//313 627//313 628//313 626//313
f 627//314 629//314 630//314 628//314
f 629//315 631//315 632//315 630//315
f 631//316 633//316 634//316 632//316
f 633//317 635//317 636//317 634//317
f 635//318 637//318 638//318 636//318
f 637//319 639//319 640//319 638//319
f 639//320 641//320 642//320 640//320
f 641//321 643//321 644//321 642//321
f 643//322 645//322 646//322 644//322
f 645//323 647//323 648//323 646//323
f 647//324 649//324 650//324 648//324
f 649//325 651//325 652//325 650//325
f 651//326 653//326 654//326 652//326
f 653//327 655//327 656//327 654//327
f 655//328 657//328 658//328 656//328
f 657//329 659//329 660//329 658//329
f 659//330 661//330 662//330 660//330
f 661//331 663//331 664//331 662//331
f 663//332 665//332 666//332 664//332
f 665//333 667//333 668//333 666//333
f 667//334 669//334 670//334 668//334
f 669//335 671//335 672//335 670//335
f 671//336 673//336 674//336 672//336
f 673//337 675//337 676//337 674//337
f 675//338 677//338 678//338 676//338
f 677//339 679//339 680//339 678//339
f 679//340 681//340 682//340 680//340
f 681//341 683//341 684//341 682//341
f 683//342 685//342 686//342 684//342
f 685//343 687//343 688//343 686//343
f 687//344 689//344 690//344 688//344
f 689//345 691//345 692//345 690//345
f 691//346 693//346 694//346 692//346
f 693//347 695//347 696//347 694//347
f 695//348 697//348 698//348 696//348
f 697//349 699//349 700//349 698//349
f 699//350 701//350 702//350 700//350
f 701//351 703//351 704//351 702//351
f 703//352 705//352 706//352 704//352
f 705//353 707//353 708//353 706//353
f 707//354 709//354 710//354 708//354
f 709//355 711//355 712//355 710//355
f 711//356 713//356 714//356 712//356
f 713//357 715//357 716//357 714//357
f 715//358 717//358 718//358 716//358
f 717//359 719//359 720//359 718//359
f 719//360 721//360 722//360 720//360
f 721//361 723//361 724//361 722//361
f 723//362 725//362 726//362 724//362
f 725//363 727//363 728//363 726//363
f 727//364 729//364 730//364 728//364
f 729//365 731//365 732//365 730//365
f 731//366 733//366 734//366 732//366
f 733//367 735//367 736//367 734//367
f 735//368 737//368 738//368 736//368
f 737//369 739//369 740//369 738//369
f 739//370 741//370 742//370 740//370
f 741//371 743//371 744//371 742//371
f 743//372 745//372 746//372 744//372
f 745//373 747//373 748//373 746//373
f 747//374 749//374 750//374 748//374
f 749//375 751//375 752//375 750//375
f 751//376 753//376 754//376 752//376
f 753//377 755//377 756//377 754//377
f 755//378 757//378 758//378 756//378
f 757//379 759//379 760//379 758//379
f 759//380 761//380 762//380 760//380
f 761//381 763//381 764//381 762//381
f 763//382 765//382 766//382 764//382
f 765//383 767//383 768//383 766//383
f 767//384 769//384 770//384 768//384
f 769//385 771//385 772//385 770//385
f 771//386 773//386 774//386 772//386
f 773//387 775//387 776//387 774//387
f 775//388 777//388 778//388 776//388
f 777//389 779//389 780//389 778//389
f 779//390 781//390 782//390 780//390
f 781//391 783//391 784//391 782//391
f 783//392 785//392 786//392 784//392
f 785//393 787//393 788//393 786//393
f 787//394 789//394 790//394 788//394
f 789//395 791//395 792//395 790//395
f 791//396 793//396 794//396 792//396
f 793//397 795//397 796//397 794//397
f 795//398 797//398 798//398 796//398
f 797//399 799//399 800//399 798//399
f 799//400 801//400 802//400 800//400
f 801//401 803//401 804//401 802//401
f 803//402 805//402 806//402 804//402
f 805//403 807//403 808//403 806//403
f 807//404 809//404 810//404 808//404
f 809//405 811//405 812//405 810//405
f 811//406 813//406 814//406 812//406
f 813//407 815//407 816//407 814//407
f 815//408 817//408 818//408 816//408
f 817//409 819//409 820//409 818//409
f 819//410 821//410 822//410 820//410
f 821//411 823//411 824//411 822//411
f 823//412 825//412 826//412 824//412
f 825//413 827//413 828//413 826//413
f 827//414 829//414 830//414 828//414
f 829//415 831//415 832//415 830//415
f 831//416 833//416 834//416 832//416
f 833//417 835//417 836//417 834//417
f 835//418 837//418 838//418 836//418
f 837//419 839//419 840//419 838//419
f 839//420 841//420 842//420 840//420
f 841//421 843//421 844//421 842//421
f 843//422 845//422 846//422 844//422
f 845//423 847//423 848//423 846//423
f 847//424 849//424 850//424 848//424
f 849//425 851//425 852//425 850//425
f 851//426 853//426 854//426 852//426
f 853//427 855//427 856//427 854//427
f 855//428 857//428 858//428 856//428
f 857//429 859//429 860//429 858//429
f 859//430 861//430 862//430 860//430
f 861//431 863//431 864//431 862//431
f 863//432 865//432 866//432 864//432
f 865//433 867//433 868//433 866//433
f 867//434 869//434 870//434 868//434
f 869//435 871//435 872//435 870//435
f 871//436 873//436 874//436 872//436
f 873//437 875//437 876//437 874//437
f 875//438 877//438 878//438 876//438
f 877//439 879//439 880//439 878//439
f 879//440 881//440 882//440 880//440
f 881//441 883//441 884//441 882//441
f 883//442 885//442 886//442 884//442
f 885//443 887//443 888//443 886//443
f 887//444 889//444 890//444 888//444
f 889//445 891//445 892//445 890//445
f 891//446 893//446 894//446 892//446
f 893//447 895//447 896//447 894//447
f 895//448 897//448 898//448 896//448
f 897//449 899//449 900//449 898//449
f 899//450 901//450 902//450 900//450
f 901//451 903//451 904//451 902//451
f 903//452 905//452 906//452 904//452
f 905//453 907//453 908//453 906//453
f 907//454 909//454 910//454 908//454
f 909//455 911//455 912//455 910//455
f 911//456 913//456 914//456 912//456
f 913//457 915//457 916//457 914//457
f 915//458 917//458 918//458 916//458
f 917//459 919//459 920//459 918//459
f 919//460 921//460 922//460 920//460
f 921//461 923//461 924//461 922//461
f 923//462 925//462 926//462 924//462
f 925//463 927//463 928//463 926//463
f 927//464 929//464 930//464 928//464
f 929//465 931//465 932//465 930//465
f 931//466 933//466 934//466 932//466
f 933//467 935//467 936//467 934//467
f 935//468 937//468 938//468 936//468
f 937//469 939//469 940//469 938//469
f 939//470 941//470 942//470 940//470
f 941//471 943//471 944//471 942//471
f 943//472 945//472 946//472 944//472
f 945//473 947//473 948//473 946//473
f 947//474 949//474 950//474 948//474
f 949//475 951//475 952//475 950//475
f 951//476 953//476 954//476 952//476
f 953//477 955//477 956//477 954//477
f 955//478 957//478 958//478 956//478
f 957//479 959//479 960//479 958//479
f 959//480 961//480 962//480 960//480
f 961//481 963//481 964//481 962//481
f 963//482 965//482 966//482 964//482
f 965//483 967//483 968//483 966//483
f 967//484 969//484 970//484 968//484
f 969//485 971//485 972//485 970//485
f 971//486 973//486 974//486 972//486
f 973//487 975//487 976//487 974//487
f 975//488 977//488 978//488 976//488
f 977//489 979//489 980//489 978//489
f 979//490 981//490 982//490 980//490
f 981//491 983//491 984//491 982//491
f 983//492 985//492 986//492 984//492
f 985//493 987//493 988//493 986//493
f 987//494 989//494 990//494 988//494
f 989//495 991//495 992//495 990//495
f 991//496 993//496 994//496 992//496
f 993//497 995//497 996//497 994//497
f 995//498 997//498 998//498 996//498
f 997//499 999//499 1000//499 998//499
f 999//500 1001//500 1002//500 1000//500
f 1001//501 1003//501 1004//501 1002//501
f 1003//502 1005//502 1006//502 1004//502
f 1005//503 1007//503 1008//503 1006//503
f 1007//504 1009//504 1010//504 1008//504
f 1009//505 1011//505 1012//505 1010//505
f 1011//506 1013//506 1014//506 1012//506
f 1013//507 1015//507 1016//507 1014//507
f 1015//508 1017//508 1018//508 1016//508
f 1017//509 1019//509 1020//509 1018//509
f 1019//510 1021//510 1022//510 1020//510
f 1021//511 1023//511 1024//511 1022//511
f 1023//512 1025//512 1026//512 1024//512
f 1025//513 1027//513 1028//513 1026//513
f 1027//514 1029//514 1030//514 1028//514
f 1029//515 1031//515 1032//515 1030//515
f 1031//516 1033//516 1034//516 1032//516
f 1033//517 1035//517 1036//517 1034//517
f 1035//518 1037//518 1038//518 1036//518
f 1037//519 1039//519 1040//519 1038//519
f 1039//520 1041//520 1042//520 1040//520
f 1041//521 1043//521 1044//521 1042//521
f 1043//522 1045//522 1046//522 1044//522
f 1045//523 1047//523 1048//523 1046//523
f 1047//524 1049//524 1050//524 1048//524
f 1049//525 1051//525 1052//525 1050//525
f 1051//526 1053//526 1054//526 1052//526
f 1053//527 1055//527 1056//527 1054//527
f 1055//528 1057//528 1058//528 1056//528
f 1057//529 1059//529 1060//529 1058//529
f 1059//530 1061//530 1062//530 1060//530
f 1061//531 1063//531 1064//531 1062//531
f 1063//532 1065//532 1066//532 1064//532
f 1065//533 1067//533 1068//533 1066//533
f 1067//534 1069//534 1070//534 1068//534
f 1069//535 1071//535 1072//535 1070//535
f 1071//536 1073//536 1074//536 1072//536
f 1073//537 1075//537 1076//537 1074//537
f 1075//538 1077//538 1078//538 1076//538
f 1077//539 1079//539 1080//539 1078//539
f 1079//540 1//540 4//540 1080//540
f 1081//541 1082//541 1083//541 1084//541
f 1082//542 1085//542 1086//542 1083//542
f 1085//543 1081//543 1084//543 1086//543
f 1087//544 1088//544 1089//544 1090//544
f 1088//545 1091//545 1092//545 1089//545
f 1091//546 1087//546 1090//546 1092//546
f 1093//547 1094//547 1095//547 1096//547
f 1094//548 1097//548 1098//548 1095//548
f 1097//549 1093//549 1096//549 1098//549
f 1099//550 1100//550 1101//550 1102//550
f 1100//551 1103//551 1104//551 1101//551
f 1103//552 1099//552 1102//552 1104//552
f 1105//553 1106//553 1107//553 1108//553
f 1106//554 1109//554 1110//554 1107//554
f 1109//555 1105//555 1108//555 1110//555
f 1111//556 1112//556 1113//556 1114//556
f 1112//557 1115//557 1116//557 1113//557
f 1115//558 1111//558 1114//558 1116//558
f 1117//559 1118//559 1119//559 1120//559
f 1118//560 1121//560 1122//560 1119//560
f 1121//561 1117//561 1120//561 1122//561
f 1123//562 1124//562 1125//562 1126//562
f 1124//563 1127//563 1128//563 1125//563
f 1127//564 1123//564 1126//564 1128//564
f 1129//565 1130//565 1131//565 1132//565
f 1130//566 1133//566 1134//566 1131//566
f 1133//567 1129//567 1132//567 1134//567
f 1135//568 1136//568 1137//568 1138//568
f 1136//569 1139//569 1140//569 1137//569
f 1139//570 1135//570 1138//570 1140//570
f 1141//571 1142//571 1143//571 1144//571
f 1142//572 1145//572 1146//572 1143//572
f 1145//573 1141//573 1144//573 1146//573
f 1147//574 1148//574 1149//574 1150//574
f 1148//575 1151//575 1152//575 1149//575
f 1151//576 1147//576 1150//576 1152//576
f 1153//577 1154//577 1155//577 1156//577
f 1154//578 1157//578 1158//578 1155//578
f 1157//579 1159//579 1160//579 1158//579
f 1159//580 1153//580 1156//580 1160//580
f 1161//581 1162//581 1163//581 1164//581
f 1162//582 1165//582 1166//582 1163//582
f 1165//583 1167//583 1168//583 1166//583
f 1167//584 1169//584 1170//584 1168//584
f 1169//585 1171//585 1172//585 1170//585
f 1171//586 1173//586 1174//586 1172//586
f 1173//587 1175//587 1176//587 1174//587
f 1175//588 1177//588 1178//588 1176//588
f 1177//589 1179//589 1180//589 1178//589
f 1179//590 1181//590 1182//590 1180//590
f 1181//591 1161//591 1164//591 1182//591
f 1183//592 1184//592 1185//592 1186//592
f 1184//593 1187//593 1188//593 1185//593
f 1187//594 1183//594 1186//594 1188//594
f 1189//595 1190//595 1191//595 1192//595
f 1190//596 1193//596 1194//596 1191//596
f 1193//597 1195//597 1196//597 1194//597
f 1195//598 1189//598 1192//598 1196//598
f 1197//599 1198//599 1199//599 1200//599
f 1198//600 1201//600 1202//600 1199//600
f 1201//601 1203//601 1204//601 1202//601
f 1203//602 1205//602 1206//602 1204//602
f 1205//603 1207//603 1208//603 1206//603
f 1207//604 1209//604 1210//604 1208//604
f 1209//605 1197//605 1200//605 1210//605
f 1211//606 1212//606 1213//606 1214//606
f 1212//607 1215//607 1216//607 1213//607
f 1215//608 1211//608 1214//608 1216//608
f 1217//609 1218//609 1219//609 1220//609
f 1218//610 1221//610 1222//610 1219//610
f 1221//611 1217//611 1220//611 1222//611
f 1223//612 1224//612 1225//612 1226//612
f 1224//613 1227//613 1228//613 1225//613
f 1227//614 1223//614 1226//614 1228//614
f 1229//615 1230//615 1231//615 1232//615
f 1230//616 1233//616 1234//616 1231//616
f 1233//617 1229//617 1232//617 1234//617
f 1235//618 1236//618 1237//618 1238//618
f 1236//619 1239//619 1240//619 1237//619
f 1239//620 1235//620 1238//620 1240//620
f 1241//621 1242//621 1243//621 1244//621
f 1242//622 1245//622 1246//622 1243//622
f 1245//623 1241//623 1244//623 1246//623
f 1247//624 1248//624 1249//624 1250//624
f 1248//625 1251//625 1252//625 1249//625
f 1251//626 1253//626 1254//626 1252//626
f 1253//627 1255//627 1256//627 1254//627
f 1255//628 1257//628 1258//628 1256//628
f 1257//629 1247//629 1250//629 1258//629
f 1259//630 1260//630 1261//630 1262//630
f 1260//631 1263//631 1264//631 1261//631
f 1263//632 1259//632 1262//632 1264//632
f 1265//633 1266//633 1267//633 1268//633
f 1266//634 1269//634 1270//634 1267//634
f 1269//635 1265//635 1268//635 1270//635
f 1271//636 1272//636 1273//636 1274//636
f 1272//637 1275//637 1276//637 1273//637
f 1275//638 1271//638 1274//638 1276//638
f 1277//639 1278//639 1279//639 1280//639
f 1278//640 1281//640 1282//640 1279//640
f 1281//641 1283//641 1284//641 1282//641
f 1283//642 1277//642 1280//642 1284//642
f 1285//643 1286//643 1287//643 1288//643
f 1286//644 1289//644 1290//644 1287//644
f 1289//645 1285//645 1288//645 1290//645
f 1291//646 1292//646 1293//646 1294//646
f 1292//647 1295//647 1296//647 1293//647
f 1295//648 1291//648 1294//648 1296//648
f 1297//649 1298//649 1299//649 1300//649
f 1298//650 1301//650 1302//650 1299//650
f 1301//651 1297//651 1300//651 1302//651
f 1303//652 1304//652 1305//652 1306//652
f 1304//653 1307//653 1308//653 1305//653
f 1307//654 1303//654 1306//654 1308//654
f 1309//655 1310//655 1311//655 1312//655
f 1310//656 1313//656 1314//656 1311//656
f 1313//657 1309//657 1312//657 1314//657
f 1315//658 1316//658 1317//658 1318//658
f 1316//659 1319//659 1320//659 1317//659
f 1319//660 1315//660 1318//660 1320//660
f 1321//661 1322//661 1323//661 1324//661
f 1322//662 1325//662 1326//662 1323//662
f 1325//663 1321//663 1324//663 1326//663
f 1327//664 1328//664 1329//664 1330//664
f 1328//665 1331//665 1332//665 1329//665
f 1331//666 1327//666 1330//666 1332//666
f 1333//667 1334//667 1335//667 1336//667
f 1334//668 1337//668 1338//668 1335//668
f 1337//669 1333//669 1336//669 1338//669
f 1339//670 1340//670 1341//670 1342//670
f 1340//671 1343//671 1344//671 1341//671
f 1343//672 1345//672 1346//672 1344//672
f 1345//673 1339//673 1342//673 1346//673
f 1347//674 1348//674 1349//674 1350//674
f 1348//675 1351//675 1352//675 1349//675
f 1351//676 1347//676 1350//676 1352//676
f 1353//677 1354//677 1355//677 1356//677
f 1354//678 1357//678 1358//678 1355//678
f 1357//679 1359//679 1360//679 1358//679
f 1359//680 1361//680 1362//680 1360//680
f 1361//681 1363//681 1364//681 1362//681
f 1363//682 1353//682 1356//682 1364//682
f 1365//683 1366//683 1367//683 1368//683
f 1366//684 1369//684 1370//684 1367//684
f 1369//685 1371//685 1372//685 1370//685
f 1371//686 1365//686 1368//686 1372//686
f 1373//687 1374//687 1375//687 1376//687
f 1374//688 1377//688 1378//688 1375//688
f 1377//689 1373//689 1376//689 1378//689
f 1379//690 1380//690 1381//690 1382//690
f 1380//691 1383//691 1384//691 1381//691
f 1383//692 1385//692 1386//692 1384//692
f 1385//693 1379//693 1382//693 1386//693
f 1387//694 1388//694 1389//694 1390//694
f 1388//695 1391//695 1392//695 1389//695
f 1391//696 1387//696 1390//696 1392//696
f 1393//697 1394//697 1395//697 1396//697
f 1394//698 1397//698 1398//698 1395//698
f 1397//699 1399//699 1400//699 1398//699
f 1399//700 1393//700 1396//700 1400//700
f 1401//701 1402//701 1403//701 1404//701
f 1402//702 1405//702 1406//702 1403//702
f 1405//703 1407//703 1408//703 1406//703
f 1407//704 1401//704 1404//704 1408//704
f 1409//705 1410//705 1411//705 1412//705
f 1410//706 1413//706 1414//706 1411//706
f 1413//707 1409//707 1412//707 1414//707
f 1415//708 1416//708 1417//708 1418//708
f 1416//709 1419//709 1420//709 1417//709
f 1419//710 1421//710 1422//710 1420//710
f 1421//711 1415//711 1418//711 1422//711
f 1423//712 1424//712 1425//712 1426//712
f 1424//713 1427//713 1428//713 1425//713
f 1427//714 1423//714 1426//714 1428//714
f 1429//715 1430//715 1431//715 1432//715
f 1430//716 1433//716 1434//716 1431//716
f 1433//717 1429//717 1432//717 1434//717
f 1435//718 1436//718 1437//718 1438//718
f 1436//719 1439//719 1440//719 1437//719
f 1439//720 1435//720 1438//720 1440//720
f 1386//721 172//721 174//721
f 173//722 171//722 1385//722
f 1372//723 1386//723 174//723
f 173//724 1385//724 1371//724
f 1342//725 1372//725 174//725
f 173//726 1371//726 1339//726
f 1346//727 1342//727 174//727
f 173//728 1339//728 1345//728
f 1330//729 1346//729 174//729
f 173//730 1345//730 1327//730
f 1324//731 1330//731 174//731
f 173//732 1327//732 1321//732
f 1312//733 1324//733 174//733
f 173//734 1321//734 1309//734
f 176//735 1312//735 174//735
f 173//736 1309//736 175//736
f 192//737 188//737 190//737
f 189//738 187//738 191//738
f 1178//739 474//739 476//739
f 475//740 473//740 1177//740
f 478//741 1178//741 476//741
f 475//742 1177//742 477//742
f 494//743 496//743 498//743
f 497//744 495//744 493//744
f 492//745 494//745 498//745
f 497//746 493//746 491//746
f 500//747 492//747 498//747
f 497//748 491//748 499//748
f 528//749 530//749 532//749
f 531//750 529//750 527//750
f 534//751 528//751 532//751
f 531//752 527//752 533//752
f 684//753 678//753 680//753
f 679//754 677//754 683//754
f 682//755 684//755 680//755
f 679//756 683//756 681//756
f 676//757 686//757 688//757
f 687//758 685//758 675//758
f 674//759 676//759 688//759
f 687//760 675//760 673//760
f 690//761 674//761 688//761
f 687//762 673//762 689//762
f 672//763 674//763 690//763
f 689//764 673//764 671//764
f 692//765 672//765 690//765
f 689//766 671//766 691//766
f 670//767 672//767 692//767
f 691//768 671//768 669//768
f 694//769 670//769 692//769
f 691//770 669//770 693//770
f 668//771 670//771 694//771
f 693//772 669//772 667//772
f 696//773 668//773 694//773
f 693//774 667//774 695//774
f 1066//775 1076//775 1078//775
f 1077//776 1075//776 1065//776
f 8//777 1066//777 1078//777
f 1077//778 1065//778 7//778
f 1080//779 8//779 1078//779
f 1077//780 7//780 1079//780
f 6//781 8//781 1080//781
f 1079//782 7//782 5//782
f 4//783 6//783 1080//783
f 1079//784 5//784 1//784
f 3//785 6//785 4//785
f 1//786 5//786 2//786
f 30//787 26//787 28//787
f 27//788 25//788 29//788
f 34//789 36//789 38//789
f 37//790 35//790 33//790
f 40//791 34//791 38//791
f 37//792 33//792 39//792
f 1438//793 170//793 172//793
f 171//794 169//794 1435//794
f 1418//795 1438//795 172//795
f 171//796 1435//796 1415//796
f 1408//797 1422//797 172//797
f 171//798 1421//798 1407//798
f 1400//799 1408//799 172//799
f 171//800 1407//800 1399//800
f 1386//801 1400//801 172//801
f 171//802 1399//802 1385//802
f 1382//803 1400//803 1386//803
f 1385//804 1399//804 1379//804
f 1375//805 1384//805 1386//805
f 1385//806 1383//806 1374//806
f 1376//807 1375//807 1386//807
f 1385//808 1374//808 1373//808
f 1368//809 1376//809 1386//809
f 1385//810 1373//810 1365//810
f 1372//811 1368//811 1386//811
f 1385//812 1365//812 1371//812
f 1342//813 1370//813 1372//813
f 1371//814 1369//814 1339//814
f 1341//815 1370//815 1342//815
f 1339//816 1369//816 1340//816
f 1335//817 1344//817 1346//817
f 1345//818 1343//818 1334//818
f 1336//819 1335//819 1346//819
f 1345//820 1334//820 1333//820
f 1330//821 1336//821 1346//821
f 1345//822 1333//822 1327//822
f 1329//823 1336//823 1330//823
f 1327//824 1333//824 1328//824
f 1323//825 1332//825 1330//825
f 1327//826 1331//826 1322//826
f 1324//827 1323//827 1330//827
f 1327//828 1322//828 1321//828
f 1317//829 1326//829 1324//829
f 1321//830 1325//830 1316//830
f 1318//831 1317//831 1324//831
f 1321//832 1316//832 1315//832
f 1312//833 1318//833 1324//833
f 1321//834 1315//834 1309//834
f 1311//835 1318//835 1312//835
f 1309//836 1315//836 1310//836
f 1305//837 1314//837 1312//837
f 1309//838 1313//838 1304//838
f 1306//839 1305//839 1312//839
f 1309//840 1304//840 1303//840
f 176//841 1306//841 1312//841
f 1309//842 1303//842 175//842
f 1280//843 1306//843 176//843
f 175//844 1303//844 1277//844
f 1284//845 1280//845 176//845
f 175//846 1277//846 1283//846
f 1274//847 1284//847 176//847
f 175//848 1283//848 1271//848
f 1268//849 1274//849 176//849
f 175//850 1271//850 1265//850
f 1262//851 1268//851 176//851
f 175//852 1265//852 1259//852
f 1250//853 1262//853 176//853
f 175//854 1259//854 1247//854
f 178//855 1258//855 176//855
f 175//856 1257//856 177//856
f 212//857 186//857 188//857
f 187//858 185//858 211//858
f 194//859 212//859 188//859
f 187//860 211//860 193//860
f 444//861 446//861 448//861
f 447//862 445//862 443//862
f 450//863 444//863 448//863
f 447//864 443//864 449//864
f 1182//865 472//865 474//865
f 473//866 471//866 1181//866
f 1180//867 1182//867 474//867
f 473//868 1181//868 1179//868
f 1178//869 1180//869 474//869
f 473//870 1179//870 1177//870
f 478//871 1176//871 1178//871
f 1177//872 1175//872 477//872
f 480//873 1176//873 478//873
f 477//874 1175//874 479//874
f 504//875 490//875 492//875
f 491//876 489//876 503//876
f 500//877 504//877 492//877
f 491//878 503//878 499//878
f 524//879 526//879 528//879
f 527//880 525//880 523//880
f 538//881 524//881 528//881
f 527//882 523//882 537//882
f 534//883 538//883 528//883
f 527//884 537//884 533//884
f 536//885 538//885 534//885
f 533//886 537//886 535//886
f 580//887 572//887 574//887
f 573//888 571//888 579//888
f 576//889 580//889 574//889
f 573//890 579//890 575//890
f 666//891 700//891 664//891
f 663//892 699//892 665//892
f 698//893 700//893 666//893
f 665//894 699//894 697//894
f 696//895 698//895 666//895
f 665//896 697//896 695//896
f 668//897 696//897 666//897
f 665//898 695//898 667//898
f 686//899 676//899 678//899
f 677//900 675//900 685//900
f 684//901 686//901 678//901
f 677//902 685//902 683//902
f 760//903 762//903 764//903
f 763//904 761//904 759//904
f 766//905 760//905 764//905
f 763//906 759//906 765//906
f 886//907 882//907 884//907
f 883//908 881//908 885//908
f 1066//909 1074//909 1076//909
f 1075//910 1073//910 1065//910
f 1072//911 1074//911 1066//911
f 1065//912 1073//912 1071//912
f 1068//913 1072//913 1066//913
f 1065//914 1071//914 1067//914
f 8//915 1064//915 1066//915
f 1065//916 1063//916 7//916
f 1062//917 1064//917 8//917
f 7//918 1063//918 1061//918
f 10//919 1062//919 8//919
f 7//920 1061//920 9//920
f 30//921 24//921 26//921
f 25//922 23//922 29//922
f 22//923 24//923 30//923
f 29//924 23//924 21//924
f 20//925 22//925 30//925
f 29//926 21//926 19//926
f 1034//927 20//927 30//927
f 29//928 19//928 1033//928
f 1032//929 1034//929 30//929
f 29//930 1033//930 1031//930
f 32//931 1032//931 30//931
f 29//932 1031//932 31//932
f 1030//933 1032//933 32//933
f 31//934 1031//934 1029//934
f 1431//935 1030//935 32//935
f 31//936 1029//936 1430//936
f 1432//937 1431//937 32//937
f 31//938 1430//938 1429//938
f 1426//939 1434//939 40//939
f 39//940 1433//940 1423//940
f 1428//941 1426//941 40//941
f 39//942 1423//942 1427//942
f 1411//943 1428//943 40//943
f 39//944 1427//944 1410//944
f 42//945 1411//945 40//945
f 39//946 1410//946 41//946
f 1412//947 1411//947 42//947
f 41//948 1410//948 1409//948
f 1414//949 1412//949 42//949
f 41//950 1409//950 1413//950
f 1356//951 1414//951 42//951
f 41//952 1413//952 1353//952
f 1403//953 160//953 162//953
f 161//954 159//954 1402//954
f 1420//955 1403//955 162//955
f 161//956 1402//956 1419//956
f 1440//957 1417//957 162//957
f 161//958 1416//958 1439//958
f 1437//959 1440//959 162//959
f 161//960 1439//960 1436//960
f 168//961 1437//961 162//961
f 161//962 1436//962 167//962
f 164//963 168//963 162//963
f 161//964 167//964 163//964
f 166//965 168//965 164//965
f 163//966 167//966 165//966
f 1437//967 168//967 170//967
f 169//968 167//968 1436//968
f 1438//969 1437//969 170//969
f 169//970 1436//970 1435//970
f 1418//971 1440//971 1438//971
f 1435//972 1439//972 1415//972
f 1417//973 1440//973 1418//973
f 1415//974 1439//974 1416//974
f 1404//975 1420//975 1422//975
f 1421//976 1419//976 1401//976
f 1408//977 1404//977 1422//977
f 1421//978 1401//978 1407//978
f 1396//979 1406//979 1408//979
f 1407//980 1405//980 1393//980
f 1400//981 1396//981 1408//981
f 1407//982 1393//982 1399//982
f 1389//983 1398//983 1400//983
f 1399//984 1397//984 1388//984
f 1390//985 1389//985 1400//985
f 1399//986 1388//986 1387//986
f 1382//987 1390//987 1400//987
f 1399//988 1387//988 1379//988
f 1392//989 1390//989 1382//989
f 1379//990 1387//990 1391//990
f 1381//991 1392//991 1382//991
f 1379//992 1391//992 1380//992
f 160//993 1392//993 1381//993
f 1380//994 1391//994 159//994
f 1367//995 160//995 1381//995
f 1380//996 159//996 1366//996
f 1378//997 1367//997 1381//997
f 1380//998 1366//998 1377//998
f 1384//999 1378//999 1381//999
f 1380//1000 1377//1000 1383//1000
f 1375//1001 1378//1001 1384//1001
f 1383//1002 1377//1002 1374//1002
f 1368//1003 1378//1003 1376//1003
f 1373//1004 1377//1004 1365//1004
f 1367//1005 1378//1005 1368//1005
f 1365//1006 1377//1006 1366//1006
f 1370//1007 1341//1007 1367//1007
f 1366//1008 1340//1008 1369//1008
f 1326//1009 156//1009 158//1009
f 157//1010 155//1010 1325//1010
f 1323//1011 1326//1011 158//1011
f 157//1012 1325//1012 1322//1012
f 1332//1013 1323//1013 158//1013
f 157//1014 1322//1014 1331//1014
f 1338//1015 1332//1015 158//1015
f 157//1016 1331//1016 1337//1016
f 1335//1017 1338//1017 158//1017
f 157//1018 1337//1018 1334//1018
f 1344//1019 1335//1019 158//1019
f 157//1020 1334//1020 1343//1020
f 1329//1021 1338//1021 1336//1021
f 1333//1022 1337//1022 1328//1022
f 1332//1023 1338//1023 1329//1023
f 1328//1024 1337//1024 1331//1024
f 1317//1025 156//1025 1326//1025
f 1325//1026 155//1026 1316//1026
f 1320//1027 156//1027 1317//1027
f 1316//1028 155//1028 1319//1028
f 1311//1029 1320//1029 1318//1029
f 1315//1030 1319//1030 1310//1030
f 156//1031 1320//1031 1311//1031
f 1310//1032 1319//1032 155//1032
f 1314//1033 156//1033 1311//1033
f 1310//1034 155//1034 1313//1034
f 1305//1035 156//1035 1314//1035
f 1313//1036 155//1036 1304//1036
f 1308//1037 156//1037 1305//1037
f 1304//1038 155//1038 1307//1038
f 1287//1039 1308//1039 1306//1039
f 1303//1040 1307//1040 1286//1040
f 1288//1041 1287//1041 1306//1041
f 1303//1042 1286//1042 1285//1042
f 1280//1043 1288//1043 1306//1043
f 1303//1044 1285//1044 1277//1044
f 1290//1045 1288//1045 1280//1045
f 1277//1046 1285//1046 1289//1046
f 1279//1047 1290//1047 1280//1047
f 1277//1048 1289//1048 1278//1048
f 1274//1049 1282//1049 1284//1049
f 1283//1050 1281//1050 1271//1050
f 1273//1051 1282//1051 1274//1051
f 1271//1052 1281//1052 1272//1052
f 1267//1053 1276//1053 1274//1053
f 1271//1054 1275//1054 1266//1054
f 1268//1055 1267//1055 1274//1055
f 1271//1056 1266//1056 1265//1056
f 1261//1057 1270//1057 1268//1057
f 1265//1058 1269//1058 1260//1058
f 1262//1059 1261//1059 1268//1059
f 1265//1060 1260//1060 1259//1060
f 1250//1061 1264//1061 1262//1061
f 1259//1062 1263//1062 1247//1062
f 152//1063 1264//1063 1250//1063
f 1247//1064 1263//1064 151//1064
f 1249//1065 152//1065 1250//1065
f 1247//1066 151//1066 1248//1066
f 150//1067 152//1067 1249//1067
f 1248//1068 151//1068 149//1068
f 178//1069 1256//1069 1258//1069
f 1257//1070 1255//1070 177//1070
f 1226//1071 1256//1071 178//1071
f 177//1072 1255//1072 1223//1072
f 140//1073 1226//1073 178//1073
f 177//1074 1223//1074 139//1074
f 138//1075 140//1075 178//1075
f 177//1076 139//1076 137//1076
f 234//1077 138//1077 178//1077
f 177//1078 137//1078 233//1078
f 180//1079 234//1079 178//1079
f 177//1080 233//1080 179//1080
f 214//1081 184//1081 186//1081
f 185//1082 183//1082 213//1082
f 212//1083 214//1083 186//1083
f 185//1084 213//1084 211//1084
f 194//1085 210//1085 212//1085
f 211//1086 209//1086 193//1086
f 196//1087 210//1087 194//1087
f 193//1088 209//1088 195//1088
f 200//1089 196//1089 198//1089
f 197//1090 195//1090 199//1090
f 208//1091 196//1091 200//1091
f 199//1092 195//1092 207//1092
f 206//1093 208//1093 200//1093
f 199//1094 207//1094 205//1094
f 202//1095 206//1095 200//1095
f 199//1096 205//1096 201//1096
f 204//1097 206//1097 202//1097
f 201//1098 205//1098 203//1098
f 324//1099 336//1099 338//1099
f 337//1100 335//1100 323//1100
f 322//1101 324//1101 338//1101
f 337//1102 323//1102 321//1102
f 314//1103 322//1103 338//1103
f 337//1104 321//1104 313//1104
f 340//1105 314//1105 338//1105
f 337//1106 313//1106 339//1106
f 312//1107 314//1107 340//1107
f 339//1108 313//1108 311//1108
f 354//1109 312//1109 340//1109
f 339//1110 311//1110 353//1110
f 352//1111 354//1111 340//1111
f 339//1112 353//1112 351//1112
f 342//1113 352//1113 340//1113
f 339//1114 351//1114 341//1114
f 374//1115 376//1115 378//1115
f 377//1116 375//1116 373//1116
f 370//1117 374//1117 378//1117
f 377//1118 373//1118 369//1118
f 368//1119 370//1119 378//1119
f 377//1120 369//1120 367//1120
f 1208//1121 368//1121 378//1121
f 377//1122 367//1122 1207//1122
f 380//1123 1208//1123 378//1123
f 377//1124 1207//1124 379//1124
f 1206//1125 1208//1125 380//1125
f 379//1126 1207//1126 1205//1126
f 386//1127 1206//1127 380//1127
f 379//1128 1205//1128 385//1128
f 382//1129 384//1129 380//1129
f 379//1130 383//1130 381//1130
f 410//1131 414//1131 416//1131
f 415//1132 413//1132 409//1132
f 1196//1133 410//1133 416//1133
f 415//1134 409//1134 1195//1134
f 424//1135 1196//1135 416//1135
f 415//1136 1195//1136 423//1136
f 422//1137 424//1137 416//1137
f 415//1138 423//1138 421//1138
f 420//1139 422//1139 416//1139
f 415//1140 421//1140 419//1140
f 418//1141 420//1141 416//1141
f 415//1142 419//1142 417//1142
f 438//1143 442//1143 444//1143
f 443//1144 441//1144 437//1144
f 450//1145 438//1145 444//1145
f 443//1146 437//1146 449//1146
f 456//1147 438//1147 450//1147
f 449//1148 437//1148 455//1148
f 454//1149 456//1149 450//1149
f 449//1150 455//1150 453//1150
f 452//1151 454//1151 450//1151
f 449//1152 453//1152 451//1152
f 480//1153 1174//1153 1176//1153
f 1175//1154 1173//1154 479//1154
f 1163//1155 482//1155 484//1155
f 483//1156 481//1156 1162//1156
f 1164//1157 1163//1157 484//1157
f 483//1158 1162//1158 1161//1158
f 486//1159 1164//1159 484//1159
f 483//1160 1161//1160 485//1160
f 470//1161 1164//1161 486//1161
f 485//1162 1161//1162 469//1162
f 468//1163 470//1163 486//1163
f 485//1164 469//1164 467//1164
f 458//1165 468//1165 486//1165
f 485//1166 467//1166 457//1166
f 490//1167 458//1167 486//1167
f 485//1168 457//1168 489//1168
f 488//1169 490//1169 486//1169
f 485//1170 489//1170 487//1170
f 862//1171 458//1171 490//1171
f 489//1172 457//1172 861//1172
f 860//1173 862//1173 490//1173
f 489//1174 861//1174 859//1174
f 858//1175 860//1175 490//1175
f 489//1176 859//1176 857//1176
f 1155//1177 858//1177 490//1177
f 489//1178 857//1178 1154//1178
f 1156//1179 1155//1179 490//1179
f 489//1180 1154//1180 1153//1180
f 504//1181 1156//1181 490//1181
f 489//1182 1153//1182 503//1182
f 506//1183 1156//1183 504//1183
f 503//1184 1153//1184 505//1184
f 1152//1185 1150//1185 508//1185
f 507//1186 1147//1186 1151//1186
f 1143//1187 1152//1187 508//1187
f 507//1188 1151//1188 1142//1188
f 510//1189 1143//1189 508//1189
f 507//1190 1142//1190 509//1190
f 1144//1191 1143//1191 510//1191
f 509//1192 1142//1192 1141//1192
f 512//1193 1144//1193 510//1193
f 509//1194 1141//1194 511//1194
f 1137//1195 1144//1195 512//1195
f 511//1196 1141//1196 1136//1196
f 1138//1197 1137//1197 512//1197
f 511//1198 1136//1198 1135//1198
f 1131//1199 1138//1199 512//1199
f 511//1200 1135//1200 1130//1200
f 1140//1201 1138//1201 1131//1201
f 1130//1202 1135//1202 1139//1202
f 1152//1203 1140//1203 1131//1203
f 1130//1204 1139//1204 1151//1204
f 1149//1205 1152//1205 1131//1205
f 1130//1206 1151//1206 1148//1206
f 1155//1207 1149//1207 1131//1207
f 1130//1208 1148//1208 1154//1208
f 1125//1209 1155//1209 1131//1209
f 1130//1210 1154//1210 1124//1210
f 1134//1211 1125//1211 1131//1211
f 1130//1212 1124//1212 1133//1212
f 514//1213 1132//1213 1131//1213
f 1130//1214 1129//1214 513//1214
f 1134//1215 1132//1215 514//1215
f 513//1216 1129//1216 1133//1216
f 1125//1217 1134//1217 514//1217
f 513//1218 1133//1218 1124//1218
f 1126//1219 1125//1219 514//1219
f 513//1220 1124//1220 1123//1220
f 1119//1221 1128//1221 1126//1221
f 1123//1222 1127//1222 1118//1222
f 516//1223 1119//1223 1126//1223
f 1123//1224 1118//1224 515//1224
f 1120//1225 1119//1225 516//1225
f 515//1226 1118//1226 1117//1226
f 1122//1227 1120//1227 516//1227
f 515//1228 1117//1228 1121//1228
f 1113//1229 1122//1229 516//1229
f 515//1230 1121//1230 1112//1230
f 570//1231 566//1231 568//1231
f 567//1232 565//1232 569//1232
f 588//1233 566//1233 570//1233
f 569//1234 565//1234 587//1234
f 572//1235 588//1235 570//1235
f 569//1236 587//1236 571//1236
f 586//1237 588//1237 572//1237
f 571//1238 587//1238 585//1238
f 580//1239 586//1239 572//1239
f 571//1240 585//1240 579//1240
f 582//1241 586//1241 580//1241
f 579//1242 585//1242 581//1242
f 576//1243 578//1243 580//1243
f 579//1244 577//1244 575//1244
f 704//1245 654//1245 656//1245
f 655//1246 653//1246 703//1246
f 658//1247 704//1247 656//1247
f 655//1248 703//1248 657//1248
f 660//1249 704//1249 658//1249
f 657//1250 703//1250 659//1250
f 702//1251 660//1251 662//1251
f 661//1252 659//1252 701//1252
f 710//1253 706//1253 708//1253
f 707//1254 705//1254 709//1254
f 712//1255 706//1255 710//1255
f 709//1256 705//1256 711//1256
f 724//1257 716//1257 718//1257
f 717//1258 715//1258 723//1258
f 720//1259 724//1259 718//1259
f 717//1260 723//1260 719//1260
f 722//1261 724//1261 720//1261
f 719//1262 723//1262 721//1262
f 744//1263 740//1263 742//1263
f 741//1264 739//1264 743//1264
f 746//1265 748//1265 750//1265
f 749//1266 747//1266 745//1266
f 752//1267 746//1267 750//1267
f 749//1268 745//1268 751//1268
f 754//1269 746//1269 752//1269
f 751//1270 745//1270 753//1270
f 632//1271 758//1271 760//1271
f 759//1272 757//1272 631//1272
f 768//1273 632//1273 760//1273
f 759//1274 631//1274 767//1274
f 766//1275 768//1275 760//1275
f 759//1276 767//1276 765//1276
f 810//1277 806//1277 808//1277
f 807//1278 805//1278 809//1278
f 878//1279 880//1279 882//1279
f 881//1280 879//1280 877//1280
f 886//1281 878//1281 882//1281
f 881//1282 877//1282 885//1282
f 888//1283 878//1283 886//1283
f 885//1284 877//1284 887//1284
f 1068//1285 1070//1285 1072//1285
f 1071//1286 1069//1286 1067//1286
f 1054//1287 1056//1287 1058//1287
f 1057//1288 1055//1288 1053//1288
f 1052//1289 1054//1289 1058//1289
f 1057//1290 1053//1290 1051//1290
f 1060//1291 1052//1291 1058//1291
f 1057//1292 1051//1292 1059//1292
f 1050//1293 1052//1293 1060//1293
f 1059//1294 1051//1294 1049//1294
f 1046//1295 1050//1295 1060//1295
f 1059//1296 1049//1296 1045//1296
f 1044//1297 1046//1297 1060//1297
f 1059//1298 1045//1298 1043//1298
f 18//1299 1044//1299 1060//1299
f 1059//1300 1043//1300 17//1300
f 1062//1301 18//1301 1060//1301
f 1059//1302 17//1302 1061//1302
f 16//1303 18//1303 1062//1303
f 1061//1304 17//1304 15//1304
f 10//1305 16//1305 1062//1305
f 1061//1306 15//1306 9//1306
f 14//1307 16//1307 10//1307
f 9//1308 15//1308 13//1308
f 12//1309 14//1309 10//1309
f 9//1310 13//1310 11//1310
f 1034//1311 18//1311 20//1311
f 19//1312 17//1312 1033//1312
f 1036//1313 18//1313 1034//1313
f 1033//1314 17//1314 1035//1314
f 1411//1315 1028//1315 1030//1315
f 1029//1316 1027//1316 1410//1316
f 1425//1317 1411//1317 1030//1317
f 1029//1318 1410//1318 1424//1318
f 1431//1319 1425//1319 1030//1319
f 1029//1320 1424//1320 1430//1320
f 1434//1321 1425//1321 1431//1321
f 1430//1322 1424//1322 1433//1322
f 1426//1323 1425//1323 1434//1323
f 1433//1324 1424//1324 1423//1324
f 1411//1325 1425//1325 1428//1325
f 1427//1326 1424//1326 1410//1326
f 1355//1327 1028//1327 1411//1327
f 1410//1328 1027//1328 1354//1328
f 1414//1329 1355//1329 1411//1329
f 1410//1330 1354//1330 1413//1330
f 1356//1331 1355//1331 1414//1331
f 1413//1332 1354//1332 1353//1332
f 1358//1333 1028//1333 1355//1333
f 1354//1334 1027//1334 1357//1334
f 1350//1335 1362//1335 44//1335
f 43//1336 1361//1336 1347//1336
f 46//1337 1350//1337 44//1337
f 43//1338 1347//1338 45//1338
f 52//1339 54//1339 50//1339
f 49//1340 53//1340 51//1340
f 76//1341 78//1341 80//1341
f 79//1342 77//1342 75//1342
f 82//1343 76//1343 80//1343
f 79//1344 75//1344 81//1344
f 1290//1345 1279//1345 156//1345
f 155//1346 1278//1346 1289//1346
f 1287//1347 1290//1347 156//1347
f 155//1348 1289//1348 1286//1348
f 1308//1349 1287//1349 156//1349
f 155//1350 1286//1350 1307//1350
f 1273//1351 154//1351 1282//1351
f 1281//1352 153//1352 1272//1352
f 1276//1353 154//1353 1273//1353
f 1272//1354 153//1354 1275//1354
f 1267//1355 154//1355 1276//1355
f 1275//1356 153//1356 1266//1356
f 1270//1357 154//1357 1267//1357
f 1266//1358 153//1358 1269//1358
f 1261//1359 154//1359 1270//1359
f 1269//1360 153//1360 1260//1360
f 1264//1361 152//1361 1261//1361
f 1260//1362 151//1362 1263//1362
f 1252//1363 148//1363 150//1363
f 149//1364 147//1364 1251//1364
f 1254//1365 146//1365 148//1365
f 147//1366 145//1366 1253//1366
f 1244//1367 1254//1367 1256//1367
f 1255//1368 1253//1368 1241//1368
f 1238//1369 1244//1369 1256//1369
f 1255//1370 1241//1370 1235//1370
f 1232//1371 1238//1371 1256//1371
f 1255//1372 1235//1372 1229//1372
f 1226//1373 1232//1373 1256//1373
f 1255//1374 1229//1374 1223//1374
f 1225//1375 1232//1375 1226//1375
f 1223//1376 1229//1376 1224//1376
f 1219//1377 1228//1377 1226//1377
f 1223//1378 1227//1378 1218//1378
f 1220//1379 1219//1379 1226//1379
f 1223//1380 1218//1380 1217//1380
f 140//1381 1220//1381 1226//1381
f 1223//1382 1217//1382 139//1382
f 1214//1383 1220//1383 140//1383
f 139//1384 1217//1384 1211//1384
f 1216//1385 1214//1385 140//1385
f 139//1386 1211//1386 1215//1386
f 142//1387 1216//1387 140//1387
f 139//1388 1215//1388 141//1388
f 130//1389 136//1389 138//1389
f 137//1390 135//1390 129//1390
f 236//1391 130//1391 138//1391
f 137//1392 129//1392 235//1392
f 234//1393 236//1393 138//1393
f 137//1394 235//1394 233//1394
f 182//1395 232//1395 234//1395
f 233//1396 231//1396 181//1396
f 180//1397 182//1397 234//1397
f 233//1398 181//1398 179//1398
f 184//1399 232//1399 182//1399
f 181//1400 231//1400 183//1400
f 214//1401 232//1401 184//1401
f 183//1402 231//1402 213//1402
f 230//1403 232//1403 214//1403
f 213//1404 231//1404 229//1404
f 216//1405 230//1405 214//1405
f 213//1406 229//1406 215//1406
f 228//1407 216//1407 218//1407
f 217//1408 215//1408 227//1408
f 220//1409 228//1409 218//1409
f 217//1410 227//1410 219//1410
f 126//1411 236//1411 238//1411
f 237//1412 235//1412 125//1412
f 256//1413 126//1413 238//1413
f 237//1414 125//1414 255//1414
f 254//1415 256//1415 238//1415
f 237//1416 255//1416 253//1416
f 252//1417 254//1417 238//1417
f 237//1418 253//1418 251//1418
f 240//1419 252//1419 238//1419
f 237//1420 251//1420 239//1420
f 250//1421 252//1421 240//1421
f 239//1422 251//1422 249//1422
f 248//1423 250//1423 240//1423
f 239//1424 249//1424 247//1424
f 246//1425 248//1425 240//1425
f 239//1426 247//1426 245//1426
f 244//1427 246//1427 240//1427
f 239//1428 245//1428 243//1428
f 242//1429 244//1429 240//1429
f 239//1430 243//1430 241//1430
f 324//1431 334//1431 336//1431
f 335//1432 333//1432 323//1432
f 332//1433 334//1433 324//1433
f 323//1434 333//1434 331//1434
f 326//1435 332//1435 324//1435
f 323//1436 331//1436 325//1436
f 314//1437 320//1437 322//1437
f 321//1438 319//1438 313//1438
f 316//1439 320//1439 314//1439
f 313//1440 319//1440 315//1440
f 346//1441 350//1441 352//1441
f 351//1442 349//1442 345//1442
f 344//1443 346//1443 352//1443
f 351//1444 345//1444 343//1444
f 342//1445 344//1445 352//1445
f 351//1446 343//1446 341//1446
f 370//1447 372//1447 374//1447
f 373//1448 371//1448 369//1448
f 1208//1449 366//1449 368//1449
f 367//1450 365//1450 1207//1450
f 1210//1451 366//1451 1208//1451
f 1207//1452 365//1452 1209//1452
f 386//1453 1204//1453 1206//1453
f 1205//1454 1203//1454 385//1454
f 388//1455 1204//1455 386//1455
f 385//1456 1203//1456 387//1456
f 1202//1457 392//1457 394//1457
f 393//1458 391//1458 1201//1458
f 294//1459 1202//1459 394//1459
f 393//1460 1201//1460 293//1460
f 396//1461 294//1461 394//1461
f 393//1462 293//1462 395//1462
f 410//1463 412//1463 414//1463
f 413//1464 411//1464 409//1464
f 406//1465 408//1465 410//1465
f 409//1466 407//1466 405//1466
f 1196//1467 406//1467 410//1467
f 409//1468 405//1468 1195//1468
f 1192//1469 406//1469 1196//1469
f 1195//1470 405//1470 1189//1470
f 428//1471 1194//1471 1196//1471
f 1195//1472 1193//1472 427//1472
f 424//1473 428//1473 1196//1473
f 1195//1474 427//1474 423//1474
f 426//1475 428//1475 424//1475
f 423//1476 427//1476 425//1476
f 438//1477 440//1477 442//1477
f 441//1478 439//1478 437//1478
f 458//1479 436//1479 438//1479
f 437//1480 435//1480 457//1480
f 456//1481 458//1481 438//1481
f 437//1482 457//1482 455//1482
f 466//1483 462//1483 464//1483
f 463//1484 461//1484 465//1484
f 468//1485 462//1485 466//1485
f 465//1486 461//1486 467//1486
f 1185//1487 1166//1487 1168//1487
f 1167//1488 1165//1488 1184//1488
f 1170//1489 1185//1489 1168//1489
f 1167//1490 1184//1490 1169//1490
f 1172//1491 1185//1491 1170//1491
f 1169//1492 1184//1492 1171//1492
f 1186//1493 1185//1493 1172//1493
f 1171//1494 1184//1494 1183//1494
f 1188//1495 1186//1495 1172//1495
f 1171//1496 1183//1496 1187//1496
f 482//1497 1185//1497 1188//1497
f 1187//1498 1184//1498 481//1498
f 1166//1499 1185//1499 482//1499
f 481//1500 1184//1500 1165//1500
f 1163//1501 1166//1501 482//1501
f 481//1502 1165//1502 1162//1502
f 460//1503 462//1503 468//1503
f 467//1504 461//1504 459//1504
f 458//1505 460//1505 468//1505
f 467//1506 459//1506 457//1506
f 398//1507 436//1507 458//1507
f 457//1508 435//1508 397//1508
f 862//1509 398//1509 458//1509
f 457//1510 397//1510 861//1510
f 396//1511 398//1511 862//1511
f 861//1512 397//1512 395//1512
f 294//1513 396//1513 862//1513
f 861//1514 395//1514 293//1514
f 864//1515 294//1515 862//1515
f 861//1516 293//1516 863//1516
f 1155//1517 856//1517 858//1517
f 857//1518 855//1518 1154//1518
f 848//1519 856//1519 1155//1519
f 1154//1520 855//1520 847//1520
f 846//1521 848//1521 1155//1521
f 1154//1522 847//1522 845//1522
f 832//1523 846//1523 1155//1523
f 1154//1524 845//1524 831//1524
f 830//1525 832//1525 1155//1525
f 1154//1526 831//1526 829//1526
f 592//1527 830//1527 1155//1527
f 1154//1528 829//1528 591//1528
f 1101//1529 592//1529 1155//1529
f 1154//1530 591//1530 1100//1530
f 1119//1531 1101//1531 1155//1531
f 1154//1532 1100//1532 1118//1532
f 1128//1533 1119//1533 1155//1533
f 1154//1534 1118//1534 1127//1534
f 1125//1535 1128//1535 1155//1535
f 1154//1536 1127//1536 1124//1536
f 1122//1537 1101//1537 1119//1537
f 1118//1538 1100//1538 1121//1538
f 1113//1539 1101//1539 1122//1539
f 1121//1540 1100//1540 1112//1540
f 544//1541 1101//1541 1113//1541
f 1112//1542 1100//1542 543//1542
f 1116//1543 544//1543 1113//1543
f 1112//1544 543//1544 1115//1544
f 550//1545 552//1545 548//1545
f 547//1546 551//1546 549//1546
f 1089//1547 1096//1547 558//1547
f 557//1548 1093//1548 1088//1548
f 1090//1549 1089//1549 558//1549
f 557//1550 1088//1550 1087//1550
f 1092//1551 1090//1551 558//1551
f 557//1552 1087//1552 1091//1552
f 564//1553 1092//1553 558//1553
f 557//1554 1091//1554 563//1554
f 560//1555 564//1555 558//1555
f 557//1556 563//1556 559//1556
f 562//1557 564//1557 560//1557
f 559//1558 563//1558 561//1558
f 1092//1559 564//1559 566//1559
f 565//1560 563//1560 1091//1560
f 590//1561 1092//1561 566//1561
f 565//1562 1091//1562 589//1562
f 588//1563 590//1563 566//1563
f 565//1564 589//1564 587//1564
f 582//1565 584//1565 586//1565
f 585//1566 583//1566 581//1566
f 608//1567 610//1567 612//1567
f 611//1568 609//1568 607//1568
f 614//1569 608//1569 612//1569
f 611//1570 607//1570 613//1570
f 650//1571 652//1571 654//1571
f 653//1572 651//1572 649//1572
f 704//1573 650//1573 654//1573
f 653//1574 649//1574 703//1574
f 648//1575 650//1575 704//1575
f 703//1576 649//1576 647//1576
f 646//1577 648//1577 704//1577
f 703//1578 647//1578 645//1578
f 714//1579 646//1579 704//1579
f 703//1580 645//1580 713//1580
f 706//1581 714//1581 704//1581
f 703//1582 713//1582 705//1582
f 660//1583 702//1583 704//1583
f 703//1584 701//1584 659//1584
f 712//1585 714//1585 706//1585
f 705//1586 713//1586 711//1586
f 646//1587 714//1587 716//1587
f 715//1588 713//1588 645//1588
f 644//1589 646//1589 716//1589
f 715//1590 645//1590 643//1590
f 726//1591 644//1591 716//1591
f 715//1592 643//1592 725//1592
f 724//1593 726//1593 716//1593
f 715//1594 725//1594 723//1594
f 642//1595 644//1595 726//1595
f 725//1596 643//1596 641//1596
f 728//1597 642//1597 726//1597
f 725//1598 641//1598 727//1598
f 732//1599 642//1599 728//1599
f 727//1600 641//1600 731//1600
f 730//1601 732//1601 728//1601
f 727//1602 731//1602 729//1602
f 744//1603 738//1603 740//1603
f 739//1604 737//1604 743//1604
f 736//1605 738//1605 744//1605
f 743//1606 737//1606 735//1606
f 756//1607 736//1607 744//1607
f 743//1608 735//1608 755//1608
f 746//1609 756//1609 744//1609
f 743//1610 755//1610 745//1610
f 754//1611 756//1611 746//1611
f 745//1612 755//1612 753//1612
f 636//1613 736//1613 756//1613
f 755//1614 735//1614 635//1614
f 634//1615 636//1615 756//1615
f 755//1616 635//1616 633//1616
f 758//1617 634//1617 756//1617
f 755//1618 633//1618 757//1618
f 632//1619 634//1619 758//1619
f 757//1620 633//1620 631//1620
f 768//1621 630//1621 632//1621
f 631//1622 629//1622 767//1622
f 770//1623 630//1623 768//1623
f 767//1624 629//1624 769//1624
f 772//1625 630//1625 770//1625
f 769//1626 629//1626 771//1626
f 628//1627 772//1627 774//1627
f 773//1628 771//1628 627//1628
f 776//1629 628//1629 774//1629
f 773//1630 627//1630 775//1630
f 626//1631 628//1631 776//1631
f 775//1632 627//1632 625//1632
f 778//1633 626//1633 776//1633
f 775//1634 625//1634 777//1634
f 780//1635 626//1635 778//1635
f 777//1636 625//1636 779//1636
f 790//1637 786//1637 788//1637
f 787//1638 785//1638 789//1638
f 798//1639 794//1639 796//1639
f 795//1640 793//1640 797//1640
f 1083//1641 802//1641 804//1641
f 803//1642 801//1642 1082//1642
f 806//1643 1083//1643 804//1643
f 803//1644 1082//1644 805//1644
f 1084//1645 1083//1645 806//1645
f 805//1646 1082//1646 1081//1646
f 812//1647 1084//1647 806//1647
f 805//1648 1081//1648 811//1648
f 810//1649 812//1649 806//1649
f 805//1650 811//1650 809//1650
f 888//1651 876//1651 878//1651
f 877//1652 875//1652 887//1652
f 874//1653 876//1653 888//1653
f 887//1654 875//1654 873//1654
f 890//1655 874//1655 888//1655
f 887//1656 873//1656 889//1656
f 898//1657 894//1657 896//1657
f 895//1658 893//1658 897//1658
f 900//1659 894//1659 898//1659
f 897//1660 893//1660 899//1660
f 918//1661 910//1661 912//1661
f 911//1662 909//1662 917//1662
f 916//1663 918//1663 912//1663
f 911//1664 917//1664 915//1664
f 914//1665 916//1665 912//1665
f 911//1666 915//1666 913//1666
f 1046//1667 1048//1667 1050//1667
f 1049//1668 1047//1668 1045//1668
f 18//1669 1042//1669 1044//1669
f 1043//1670 1041//1670 17//1670
f 1036//1671 1042//1671 18//1671
f 17//1672 1041//1672 1035//1672
f 1040//1673 1042//1673 1036//1673
f 1035//1674 1041//1674 1039//1674
f 1038//1675 1040//1675 1036//1675
f 1035//1676 1039//1676 1037//1676
f 1016//1677 1018//1677 1020//1677
f 1019//1678 1017//1678 1015//1678
f 1014//1679 1016//1679 1020//1679
f 1019//1680 1015//1680 1013//1680
f 1012//1681 1014//1681 1020//1681
f 1019//1682 1013//1682 1011//1682
f 1022//1683 1012//1683 1020//1683
f 1019//1684 1011//1684 1021//1684
f 1010//1685 1012//1685 1022//1685
f 1021//1686 1011//1686 1009//1686
f 1024//1687 1010//1687 1022//1687
f 1021//1688 1009//1688 1023//1688
f 1026//1689 1010//1689 1024//1689
f 1023//1690 1009//1690 1025//1690
f 1028//1691 1010//1691 1026//1691
f 1025//1692 1009//1692 1027//1692
f 1008//1693 1010//1693 1028//1693
f 1027//1694 1009//1694 1007//1694
f 1006//1695 1008//1695 1028//1695
f 1027//1696 1007//1696 1005//1696
f 1358//1697 1006//1697 1028//1697
f 1027//1698 1005//1698 1357//1698
f 1360//1699 1006//1699 1358//1699
f 1357//1700 1005//1700 1359//1700
f 1004//1701 1006//1701 1360//1701
f 1359//1702 1005//1702 1003//1702
f 1362//1703 1004//1703 1360//1703
f 1359//1704 1003//1704 1361//1704
f 60//1705 1004//1705 1362//1705
f 1361//1706 1003//1706 59//1706
f 56//1707 60//1707 1362//1707
f 1361//1708 59//1708 55//1708
f 1299//1709 56//1709 1362//1709
f 1361//1710 55//1710 1298//1710
f 1349//1711 1299//1711 1362//1711
f 1361//1712 1298//1712 1348//1712
f 1350//1713 1349//1713 1362//1713
f 1361//1714 1348//1714 1347//1714
f 46//1715 1352//1715 1350//1715
f 1347//1716 1351//1716 45//1716
f 1299//1717 1352//1717 46//1717
f 45//1718 1351//1718 1298//1718
f 1300//1719 1299//1719 46//1719
f 45//1720 1298//1720 1297//1720
f 1293//1721 1302//1721 1300//1721
f 1297//1722 1301//1722 1292//1722
f 1294//1723 1293//1723 1300//1723
f 1297//1724 1292//1724 1291//1724
f 48//1725 1294//1725 1300//1725
f 1297//1726 1291//1726 47//1726
f 88//1727 74//1727 76//1727
f 75//1728 73//1728 87//1728
f 82//1729 88//1729 76//1729
f 75//1730 87//1730 81//1730
f 86//1731 88//1731 82//1731
f 81//1732 87//1732 85//1732
f 84//1733 86//1733 82//1733
f 81//1734 85//1734 83//1734
f 1000//1735 104//1735 106//1735
f 105//1736 103//1736 999//1736
f 108//1737 1000//1737 106//1737
f 105//1738 999//1738 107//1738
f 994//1739 1000//1739 108//1739
f 107//1740 999//1740 993//1740
f 110//1741 994//1741 108//1741
f 107//1742 993//1742 109//1742
f 112//1743 114//1743 116//1743
f 115//1744 113//1744 111//1744
f 118//1745 112//1745 116//1745
f 115//1746 111//1746 117//1746
f 1216//1747 144//1747 146//1747
f 145//1748 143//1748 1215//1748
f 1213//1749 1216//1749 146//1749
f 145//1750 1215//1750 1212//1750
f 1222//1751 1213//1751 146//1751
f 145//1752 1212//1752 1221//1752
f 1219//1753 1222//1753 146//1753
f 145//1754 1221//1754 1218//1754
f 1228//1755 1219//1755 146//1755
f 145//1756 1218//1756 1227//1756
f 1225//1757 1228//1757 146//1757
f 145//1758 1227//1758 1224//1758
f 1234//1759 1225//1759 146//1759
f 145//1760 1224//1760 1233//1760
f 1231//1761 1234//1761 146//1761
f 145//1762 1233//1762 1230//1762
f 1240//1763 1231//1763 146//1763
f 145//1764 1230//1764 1239//1764
f 1237//1765 1240//1765 146//1765
f 145//1766 1239//1766 1236//1766
f 1246//1767 1237//1767 146//1767
f 145//1768 1236//1768 1245//1768
f 1254//1769 1246//1769 146//1769
f 145//1770 1245//1770 1253//1770
f 1243//1771 1246//1771 1254//1771
f 1253//1772 1245//1772 1242//1772
f 1244//1773 1243//1773 1254//1773
f 1253//1774 1242//1774 1241//1774
f 1237//1775 1246//1775 1244//1775
f 1241//1776 1245//1776 1236//1776
f 1238//1777 1237//1777 1244//1777
f 1241//1778 1236//1778 1235//1778
f 1231//1779 1240//1779 1238//1779
f 1235//1780 1239//1780 1230//1780
f 1232//1781 1231//1781 1238//1781
f 1235//1782 1230//1782 1229//1782
f 1225//1783 1234//1783 1232//1783
f 1229//1784 1233//1784 1224//1784
f 1213//1785 1222//1785 1220//1785
f 1217//1786 1221//1786 1212//1786
f 1214//1787 1213//1787 1220//1787
f 1217//1788 1212//1788 1211//1788
f 142//1789 144//1789 1216//1789
f 1215//1790 143//1790 141//1790
f 130//1791 132//1791 134//1791
f 133//1792 131//1792 129//1792
f 136//1793 130//1793 134//1793
f 133//1794 129//1794 135//1794
f 236//1795 128//1795 130//1795
f 129//1796 127//1796 235//1796
f 126//1797 128//1797 236//1797
f 235//1798 127//1798 125//1798
f 258//1799 124//1799 126//1799
f 125//1800 123//1800 257//1800
f 256//1801 258//1801 126//1801
f 125//1802 257//1802 255//1802
f 326//1803 330//1803 332//1803
f 331//1804 329//1804 325//1804
f 328//1805 330//1805 326//1805
f 325//1806 329//1806 327//1806
f 316//1807 318//1807 320//1807
f 319//1808 317//1808 315//1808
f 346//1809 348//1809 350//1809
f 349//1810 347//1810 345//1810
f 298//1811 300//1811 362//1811
f 361//1812 299//1812 297//1812
f 296//1813 298//1813 362//1813
f 361//1814 297//1814 295//1814
f 1199//1815 296//1815 362//1815
f 361//1816 295//1816 1198//1816
f 1200//1817 1199//1817 362//1817
f 361//1818 1198//1818 1197//1818
f 364//1819 1200//1819 362//1819
f 361//1820 1197//1820 363//1820
f 1210//1821 1200//1821 364//1821
f 363//1822 1197//1822 1209//1822
f 366//1823 1210//1823 364//1823
f 363//1824 1209//1824 365//1824
f 1202//1825 296//1825 1199//1825
f 1198//1826 295//1826 1201//1826
f 294//1827 296//1827 1202//1827
f 1201//1828 295//1828 293//1828
f 940//1829 292//1829 294//1829
f 293//1830 291//1830 939//1830
f 938//1831 940//1831 294//1831
f 293//1832 939//1832 937//1832
f 932//1833 938//1833 294//1833
f 293//1834 937//1834 931//1834
f 864//1835 932//1835 294//1835
f 293//1836 931//1836 863//1836
f 918//1837 932//1837 864//1837
f 863//1838 931//1838 917//1838
f 866//1839 918//1839 864//1839
f 863//1840 917//1840 865//1840
f 848//1841 852//1841 854//1841
f 853//1842 851//1842 847//1842
f 856//1843 848//1843 854//1843
f 853//1844 847//1844 855//1844
f 850//1845 852//1845 848//1845
f 847//1846 851//1846 849//1846
f 834//1847 844//1847 846//1847
f 845//1848 843//1848 833//1848
f 832//1849 834//1849 846//1849
f 845//1850 833//1850 831//1850
f 794//1851 828//1851 830//1851
f 829//1852 827//1852 793//1852
f 792//1853 794//1853 830//1853
f 829//1854 793//1854 791//1854
f 594//1855 792//1855 830//1855
f 829//1856 791//1856 593//1856
f 592//1857 594//1857 830//1857
f 829//1858 593//1858 591//1858
f 1101//1859 590//1859 592//1859
f 591//1860 589//1860 1100//1860
f 1104//1861 590//1861 1101//1861
f 1100//1862 589//1862 1103//1862
f 556//1863 1102//1863 1101//1863
f 1100//1864 1099//1864 555//1864
f 1110//1865 556//1865 1101//1865
f 1100//1866 555//1866 1109//1866
f 1107//1867 1110//1867 1101//1867
f 1100//1868 1109//1868 1106//1868
f 544//1869 1107//1869 1101//1869
f 1100//1870 1106//1870 543//1870
f 1108//1871 1107//1871 544//1871
f 543//1872 1106//1872 1105//1872
f 554//1873 1108//1873 544//1873
f 543//1874 1105//1874 553//1874
f 546//1875 554//1875 544//1875
f 543//1876 553//1876 545//1876
f 1116//1877 542//1877 544//1877
f 543//1878 541//1878 1115//1878
f 520//1879 542//1879 1116//1879
f 1115//1880 541//1880 519//1880
f 518//1881 520//1881 1116//1881
f 1115//1882 519//1882 517//1882
f 1114//1883 518//1883 1116//1883
f 1115//1884 517//1884 1111//1884
f 542//1885 520//1885 522//1885
f 521//1886 519//1886 541//1886
f 1108//1887 554//1887 556//1887
f 555//1888 553//1888 1105//1888
f 1110//1889 1108//1889 556//1889
f 555//1890 1105//1890 1109//1890
f 1095//1891 1104//1891 1102//1891
f 1099//1892 1103//1892 1094//1892
f 590//1893 1104//1893 1095//1893
f 1094//1894 1103//1894 589//1894
f 1098//1895 590//1895 1095//1895
f 1094//1896 589//1896 1097//1896
f 1089//1897 1098//1897 1096//1897
f 1093//1898 1097//1898 1088//1898
f 1092//1899 1098//1899 1089//1899
f 1088//1900 1097//1900 1091//1900
f 590//1901 1098//1901 1092//1901
f 1091//1902 1097//1902 589//1902
f 598//1903 594//1903 596//1903
f 595//1904 593//1904 597//1904
f 606//1905 602//1905 604//1905
f 603//1906 601//1906 605//1906
f 626//1907 606//1907 608//1907
f 607//1908 605//1908 625//1908
f 614//1909 626//1909 608//1909
f 607//1910 625//1910 613//1910
f 616//1911 626//1911 614//1911
f 613//1912 625//1912 615//1912
f 734//1913 640//1913 642//1913
f 641//1914 639//1914 733//1914
f 732//1915 734//1915 642//1915
f 641//1916 733//1916 731//1916
f 640//1917 734//1917 736//1917
f 735//1918 733//1918 639//1918
f 638//1919 640//1919 736//1919
f 735//1920 639//1920 637//1920
f 636//1921 638//1921 736//1921
f 735//1922 637//1922 635//1922
f 620//1923 622//1923 624//1923
f 623//1924 621//1924 619//1924
f 618//1925 620//1925 624//1925
f 623//1926 619//1926 617//1926
f 626//1927 618//1927 624//1927
f 623//1928 617//1928 625//1928
f 616//1929 618//1929 626//1929
f 625//1930 617//1930 615//1930
f 602//1931 606//1931 626//1931
f 625//1932 605//1932 601//1932
f 600//1933 602//1933 626//1933
f 625//1934 601//1934 599//1934
f 784//1935 600//1935 626//1935
f 625//1936 599//1936 783//1936
f 780//1937 784//1937 626//1937
f 625//1938 783//1938 779//1938
f 782//1939 784//1939 780//1939
f 779//1940 783//1940 781//1940
f 594//1941 784//1941 786//1941
f 785//1942 783//1942 593//1942
f 792//1943 594//1943 786//1943
f 785//1944 593//1944 791//1944
f 790//1945 792//1945 786//1945
f 785//1946 791//1946 789//1946
f 598//1947 784//1947 594//1947
f 593//1948 783//1948 597//1948
f 600//1949 784//1949 598//1949
f 597//1950 783//1950 599//1950
f 824//1951 828//1951 794//1951
f 793//1952 827//1952 823//1952
f 816//1953 824//1953 794//1953
f 793//1954 823//1954 815//1954
f 1084//1955 816//1955 794//1955
f 793//1956 815//1956 1081//1956
f 798//1957 1084//1957 794//1957
f 793//1958 1081//1958 797//1958
f 800//1959 1084//1959 798//1959
f 797//1960 1081//1960 799//1960
f 802//1961 1084//1961 800//1961
f 799//1962 1081//1962 801//1962
f 1086//1963 1084//1963 802//1963
f 801//1964 1081//1964 1085//1964
f 1083//1965 1086//1965 802//1965
f 801//1966 1085//1966 1082//1966
f 812//1967 816//1967 1084//1967
f 1081//1968 815//1968 811//1968
f 814//1969 816//1969 812//1969
f 811//1970 815//1970 813//1970
f 824//1971 818//1971 820//1971
f 819//1972 817//1972 823//1972
f 822//1973 824//1973 820//1973
f 819//1974 823//1974 821//1974
f 840//1975 836//1975 838//1975
f 837//1976 835//1976 839//1976
f 842//1977 836//1977 840//1977
f 839//1978 835//1978 841//1978
f 834//1979 836//1979 842//1979
f 841//1980 835//1980 833//1980
f 844//1981 834//1981 842//1981
f 841//1982 833//1982 843//1982
f 824//1983 826//1983 828//1983
f 827//1984 825//1984 823//1984
f 816//1985 818//1985 824//1985
f 823//1986 817//1986 815//1986
f 892//1987 872//1987 874//1987
f 873//1988 871//1988 891//1988
f 890//1989 892//1989 874//1989
f 873//1990 891//1990 889//1990
f 870//1991 892//1991 894//1991
f 893//1992 891//1992 869//1992
f 900//1993 870//1993 894//1993
f 893//1994 869//1994 899//1994
f 868//1995 870//1995 900//1995
f 899//1996 869//1996 867//1996
f 904//1997 868//1997 900//1997
f 899//1998 867//1998 903//1998
f 902//1999 904//1999 900//1999
f 899//2000 903//2000 901//2000
f 908//2001 904//2001 906//2001
f 905//2002 903//2002 907//2002
f 918//2003 908//2003 910//2003
f 909//2004 907//2004 917//2004
f 866//2005 908//2005 918//2005
f 917//2006 907//2006 865//2006
f 868//2007 908//2007 866//2007
f 865//2008 907//2008 867//2008
f 904//2009 908//2009 868//2009
f 867//2010 907//2010 903//2010
f 872//2011 892//2011 870//2011
f 869//2012 891//2012 871//2012
f 920//2013 932//2013 918//2013
f 917//2014 931//2014 919//2014
f 932//2015 922//2015 924//2015
f 923//2016 921//2016 931//2016
f 930//2017 932//2017 924//2017
f 923//2018 931//2018 929//2018
f 926//2019 930//2019 924//2019
f 923//2020 929//2020 925//2020
f 928//2021 930//2021 926//2021
f 925//2022 929//2022 927//2022
f 976//2023 972//2023 974//2023
f 973//2024 971//2024 975//2024
f 980//2025 972//2025 976//2025
f 975//2026 971//2026 979//2026
f 978//2027 980//2027 976//2027
f 975//2028 979//2028 977//2028
f 102//2029 1002//2029 1004//2029
f 1003//2030 1001//2030 101//2030
f 60//2031 102//2031 1004//2031
f 1003//2032 101//2032 59//2032
f 100//2033 102//2033 60//2033
f 59//2034 101//2034 99//2034
f 62//2035 100//2035 60//2035
f 59//2036 99//2036 61//2036
f 56//2037 58//2037 60//2037
f 59//2038 57//2038 55//2038
f 1294//2039 48//2039 56//2039
f 55//2040 47//2040 1291//2040
f 1296//2041 1294//2041 56//2041
f 55//2042 1291//2042 1295//2042
f 1293//2043 1296//2043 56//2043
f 55//2044 1295//2044 1292//2044
f 1299//2045 1293//2045 56//2045
f 55//2046 1292//2046 1298//2046
f 1302//2047 1293//2047 1299//2047
f 1298//2048 1292//2048 1301//2048
f 70//2049 64//2049 66//2049
f 65//2050 63//2050 69//2050
f 68//2051 70//2051 66//2051
f 65//2052 69//2052 67//2052
f 72//2053 64//2053 70//2053
f 69//2054 63//2054 71//2054
f 90//2055 72//2055 74//2055
f 73//2056 71//2056 89//2056
f 88//2057 90//2057 74//2057
f 73//2058 89//2058 87//2058
f 96//2059 92//2059 94//2059
f 93//2060 91//2060 95//2060
f 1000//2061 102//2061 104//2061
f 103//2062 101//2062 999//2062
f 1002//2063 102//2063 1000//2063
f 999//2064 101//2064 1001//2064
f 996//2065 998//2065 1000//2065
f 999//2066 997//2066 995//2066
f 994//2067 996//2067 1000//2067
f 999//2068 995//2068 993//2068
f 110//2069 992//2069 994//2069
f 993//2070 991//2070 109//2070
f 990//2071 992//2071 110//2071
f 109//2072 991//2072 989//2072
f 988//2073 990//2073 110//2073
f 109//2074 989//2074 987//2074
f 958//2075 988//2075 110//2075
f 109//2076 987//2076 957//2076
f 112//2077 958//2077 110//2077
f 109//2078 957//2078 111//2078
f 950//2079 958//2079 112//2079
f 111//2080 957//2080 949//2080
f 266//2081 950//2081 112//2081
f 111//2082 949//2082 265//2082
f 118//2083 266//2083 112//2083
f 111//2084 265//2084 117//2084
f 264//2085 266//2085 118//2085
f 117//2086 265//2086 263//2086
f 262//2087 264//2087 118//2087
f 117//2088 263//2088 261//2088
f 120//2089 262//2089 118//2089
f 117//2090 261//2090 119//2090
f 258//2091 122//2091 124//2091
f 123//2092 121//2092 257//2092
f 120//2093 122//2093 258//2093
f 257//2094 121//2094 119//2094
f 260//2095 120//2095 258//2095
f 257//2096 119//2096 259//2096
f 262//2097 120//2097 260//2097
f 259//2098 119//2098 261//2098
f 948//2099 950//2099 266//2099
f 265//2100 949//2100 947//2100
f 946//2101 948//2101 266//2101
f 265//2102 947//2102 945//2102
f 268//2103 946//2103 266//2103
f 265//2104 945//2104 267//2104
f 942//2105 946//2105 268//2105
f 267//2106 945//2106 941//2106
f 276//2107 942//2107 268//2107
f 267//2108 941//2108 275//2108
f 272//2109 276//2109 268//2109
f 267//2110 275//2110 271//2110
f 270//2111 272//2111 268//2111
f 267//2112 271//2112 269//2112
f 274//2113 276//2113 272//2113
f 271//2114 275//2114 273//2114
f 290//2115 942//2115 276//2115
f 275//2116 941//2116 289//2116
f 288//2117 290//2117 276//2117
f 275//2118 289//2118 287//2118
f 278//2119 288//2119 276//2119
f 275//2120 287//2120 277//2120
f 284//2121 280//2121 282//2121
f 281//2122 279//2122 283//2122
f 288//2123 280//2123 284//2123
f 283//2124 279//2124 287//2124
f 286//2125 288//2125 284//2125
f 283//2126 287//2126 285//2126
f 360//2127 300//2127 302//2127
f 301//2128 299//2128 359//2128
f 310//2129 360//2129 302//2129
f 301//2130 359//2130 309//2130
f 304//2131 310//2131 302//2131
f 301//2132 309//2132 303//2132
f 308//2133 310//2133 304//2133
f 303//2134 309//2134 307//2134
f 306//2135 308//2135 304//2135
f 303//2136 307//2136 305//2136
f 358//2137 360//2137 310//2137
f 309//2138 359//2138 357//2138
f 356//2139 358//2139 310//2139
f 309//2140 357//2140 355//2140
f 940//2141 290//2141 292//2141
f 291//2142 289//2142 939//2142
f 942//2143 290//2143 940//2143
f 939//2144 289//2144 941//2144
f 932//2145 936//2145 938//2145
f 937//2146 935//2146 931//2146
f 934//2147 936//2147 932//2147
f 931//2148 935//2148 933//2148
f 966//2149 962//2149 964//2149
f 963//2150 961//2150 965//2150
f 960//2151 962//2151 966//2151
f 965//2152 961//2152 959//2152
f 968//2153 960//2153 966//2153
f 965//2154 959//2154 967//2154
f 958//2155 960//2155 968//2155
f 967//2156 959//2156 957//2156
f 988//2157 958//2157 968//2157
f 967//2158 957//2158 987//2158
f 986//2159 988//2159 968//2159
f 967//2160 987//2160 985//2160
f 984//2161 986//2161 968//2161
f 967//2162 985//2162 983//2162
f 970//2163 984//2163 968//2163
f 967//2164 983//2164 969//2164
f 972//2165 984//2165 970//2165
f 969//2166 983//2166 971//2166
f 980//2167 984//2167 972//2167
f 971//2168 983//2168 979//2168
f 982//2169 984//2169 980//2169
f 979//2170 983//2170 981//2170
f 950//2171 956//2171 958//2171
f 957//2172 955//2172 949//2172
f 954//2173 956//2173 950//2173
f 949//2174 955//2174 953//2174
f 952//2175 954//2175 950//2175
f 949//2176 953//2176 951//2176
f 942//2177 944//2177 946//2177
f 945//2178 943//2178 941//2178
f 278//2179 280//2179 288//2179
f 287//2180 279//2180 277//2180
f 64//2181 98//2181 62//2181
f 61//2182 97//2182 63//2182
f 92//2183 98//2183 64//2183
f 63//2184 97//2184 91//2184
f 72//2185 92//2185 64//2185
f 63//2186 91//2186 71//2186
f 90//2187 92//2187 72//2187
f 71//2188 91//2188 89//2188
f 96//2189 98//2189 92//2189
f 91//2190 97//2190 95//2190
f 920//2191 922//2191 932//2191
f 931//2192 921//2192 919//2192
f 1349//2193 1352//2193 1299//2193
f 1298//2194 1351//2194 1348//2194
f 630//2195 772//2195 628//2195
f 627//2196 771//2196 629//2196
f 400//2197 436//2197 398//2197
f 397//2198 435//2198 399//2198
f 1192//2199 404//2199 406//2199
f 405//2200 403//2200 1189//2200
f 400//2201 404//2201 1192//2201
f 1189//2202 403//2202 399//2202
f 436//2203 400//2203 1192//2203
f 1189//2204 399//2204 435//2204
f 1191//2205 436//2205 1192//2205
f 1189//2206 435//2206 1190//2206
f 430//2207 436//2207 1191//2207
f 1190//2208 435//2208 429//2208
f 1194//2209 430//2209 1191//2209
f 1190//2210 429//2210 1193//2210
f 428//2211 430//2211 1194//2211
f 1193//2212 429//2212 427//2212
f 434//2213 430//2213 432//2213
f 431//2214 429//2214 433//2214
f 436//2215 430//2215 434//2215
f 433//2216 429//2216 435//2216
f 402//2217 404//2217 400//2217
f 399//2218 403//2218 401//2218
f 390//2219 392//2219 1202//2219
f 1201//2220 391//2220 389//2220
f 1204//2221 390//2221 1202//2221
f 1201//2222 389//2222 1203//2222
f 388//2223 390//2223 1204//2223
f 1203//2224 389//2224 387//2224
f 220//2225 224//2225 226//2225
f 225//2226 223//2226 219//2226
f 228//2227 220//2227 226//2227
f 225//2228 219//2228 227//2228
f 222//2229 224//2229 220//2229
f 219//2230 223//2230 221//2230
f 230//2231 216//2231 228//2231
f 227//2232 215//2232 229//2232
f 506//2233 1160//2233 1156//2233
f 1153//2234 1159//2234 505//2234
f 1158//2235 1160//2235 506//2235
f 505//2236 1159//2236 1157//2236
f 1150//2237 1149//2237 1158//2237
f 1157//2238 1148//2238 1147//2238
f 1137//2239 1140//2239 1152//2239
f 1151//2240 1139//2240 1136//2240
f 1143//2241 1137//2241 1152//2241
f 1151//2242 1136//2242 1142//2242
f 1146//2243 1137//2243 1143//2243
f 1142//2244 1136//2244 1145//2244
f 1137//2245 1146//2245 1144//2245
f 1141//2246 1145//2246 1136//2246
f 210//2247 196//2247 208//2247
f 207//2248 195//2248 209//2248
f 1389//2249 1392//2249 160//2249
f 159//2250 1391//2250 1388//2250
f 1398//2251 1389//2251 160//2251
f 159//2252 1388//2252 1397//2252
f 1395//2253 1398//2253 160//2253
f 159//2254 1397//2254 1394//2254
f 1403//2255 1395//2255 160//2255
f 159//2256 1394//2256 1402//2256
f 1406//2257 1395//2257 1403//2257
f 1402//2258 1394//2258 1405//2258
f 1396//2259 1395//2259 1406//2259
f 1405//2260 1394//2260 1393//2260
f 1420//2261 1404//2261 1403//2261
f 1402//2262 1401//2262 1419//2262
